apogee_id,dist50,glon,glat,mn_fe,fe_h
2M17343333-2818449,6.969375,359.239014,2.38865209,-0.189058,-0.74284
2M17343440-2810490,0.7940763,359.352417,2.45682096,0.4503025,0.25378
2M17350086-2808051,5.607892,359.443359,2.39964271,-0.04558799,-0.40641
2M17351291-2810554,0.9537922,359.427399,2.33684087,0.0005519986,-0.12298
2M17351647-2752123,1.878506,359.697388,2.4940958,0.00938201,-0.14776
2M17352605-2721516,0.1708353,0.142894059,2.73694944,-0.009605788,-0.004791699
2M17353200-2816293,7.605267,359.387054,2.22781944,-0.1716381,-0.78856
2M17353215-2759106,6.65598,359.630554,2.38285542,-0.146568,-0.63513
2M17354760-2742056,3.330487,359.901398,2.48825765,0.105452,0.15826
2M17355687-2805005,5.114295,359.597626,2.25390625,0.229812,0.17641
2M17363199-2756150,5.320731,359.790314,2.22347379,-0.151868,-0.80803
2M17364228-2842345,4.038833,359.158936,1.77692175,0.254091,0.089041
2M17365352-2707187,3.812781,0.521928251,2.59400344,0.163732,0.12645
2M17371119-2710467,5.23394,0.508238196,2.50771785,0.03669599,-0.050854
2M17371776-2721356,1.534491,0.368881851,2.39065623,-0.03668901,-0.067189
2M17373696-2721522,6.933708,0.403060049,2.32814503,-0.171418,-0.67313
2M17373772-2734144,7.528761,0.230247363,2.21551013,-0.3732979,-1.568
2M17375363-2814249,2.264065,359.695526,1.80783963,0.06367999,0.026594
2M17375391-2704050,0.5153841,0.68740499,2.43356657,0.1110725,-0.22458
2M17380466-2818462,4.760183,359.655792,1.73482096,0.07200201,0.19624
2M17382841-2812123,6.481102,359.794922,1.71957862,8.195639e-05,-0.5882
2M17385186-2800136,0.4439991,0.00985833909,1.75316393,-0.2560575,-0.15044
2M17385415-2807011,7.046261,359.918518,1.68569946,-0.148218,-0.67861
2M17385502-2725284,3.441111,0.506492972,2.05190134,0.139162,0.20276
2M17385866-2813506,2.298284,359.831055,1.61106801,0.150352,0.21716
2M17390652-2734001,6.945495,0.408758163,1.94022906,0.006051987,-0.29486
2M17392908-2744004,4.099325,0.311820626,1.78100753,0.217302,0.41359
2M17393204-2804137,2.445438,0.0320718884,1.5925796,0.03738301,0.16273
2M17393374-2758577,3.687154,0.109747432,1.63395345,0.267042,0.43478
2M17395189-2751174,6.926072,0.253641814,1.645293,-0.250778,-0.79162
2M17400074-2718329,3.676111,0.733656585,1.9073112,0.08278199,-0.1863
2M17400681-2800268,0.5190437,0.15343383,1.51771712,-0.1776175,-0.19458
2M17400734-2714527,2.582519,0.798524439,1.91901636,-0.08605802,-0.28438
2M17400766-2740492,0.5380139,0.432471663,1.6886332,0.1249535,0.059635
2M17401185-2828392,2.53767,359.76474,1.25252235,0.246712,0.17619
2M17401400-2825287,2.283168,359.813751,1.27394629,0.195222,0.16772
2M17402365-2719461,1.949204,0.761427283,1.82461119,0.05981398,0.14232
2M17402730-2713350,0.3637123,0.85606277,1.86777115,0.2929625,-0.24034
2M17404408-2801343,8.09998,0.210261047,1.39153099,-0.03937799,-0.50085
2M17405361-2809095,2.892878,0.121530131,1.29486144,0.1294221,0.0063939
2M17411706-2739421,3.877506,0.583961487,1.48128724,0.096091,0.11247
2M17271737-2715223,0.7800574,359.243958,4.31169462,-0.6327975,0.10419
2M17271852-2711522,2.185824,359.295074,4.34043789,0.114602,0.28327
2M17271907-2718040,4.110952,359.20993,4.28161144,0.00551194,-0.54659
2M17272694-2715124,5.038268,359.2659,4.28369093,0.244202,0.13448
2M17284116-2730450,8.023069,359.201294,3.91172981,-0.1011981,-1.0292
2M17284808-2731498,4.892107,359.200348,3.8804698,0.01810199,-0.4006
2M17284995-2643469,0.09621736,359.874512,4.31541204,0.06244251,0.21761
2M17284995-2643469,0.09621736,359.874512,4.31541204,0.09548251,0.21582
2M17284995-2643469,0.09621736,359.874512,4.31541204,0.1166825,0.23654
2M17285448-2654117,2.809624,359.738434,4.20589876,-0.140588,-0.19854
2M17285694-2707278,3.363273,359.558289,4.07663965,0.203102,0.28034
2M17285990-2647494,0.1279328,359.838501,4.24745846,-0.08494753,-0.41999
2M17290568-2700106,0.1950349,359.677887,4.11633635,0.02269552,0.078773
2M17290735-2720336,4.886429,359.396851,3.92434812,0.347442,0.33125
2M17290784-2707418,7.06183,359.577332,4.04074764,-0.172228,-0.96057
2M17292840-2707310,3.7537,359.621857,3.97869277,0.454092,0.30954
2M17294022-2738463,8.937778,359.209656,3.65603471,-0.085428,-0.76941
2M17294253-2740133,7.808841,359.194092,3.63564372,-0.158048,-0.96375
2M17294519-2627544,1.307245,0.209578589,4.28868008,0.0150503,0.11064
2M17294680-2644220,5.230519,359.982819,4.1332612,-0.192848,-0.94385
2M17294699-2712429,7.355294,359.587219,3.87351465,-0.4614981,-1.4968
2M17300562-2612093,2.180361,0.4717682,4.36865425,0.06697199,0.23176
2M17300819-2611038,0.1797919,0.492308736,4.3705492,-0.001417488,-0.18695
2M17301047-2707138,1.874607,359.711639,3.8508637,0.030022,0.28602
2M17301880-2719319,8.121185,359.556702,3.71268964,0.08476198,-0.71514
2M17302012-2722497,6.17268,359.513306,3.67851996,-0.04990798,-0.43869
2M17303509-2708457,1.472118,359.740356,3.76049948,0.03504899,0.045875
2M17303684-2733079,7.012855,359.40329,3.53276134,0.116962,-0.1184
2M17304020-2652491,2.231346,359.973694,3.88997459,0.164482,0.23255
2M17304566-2630396,1.327603,0.294812262,4.07482481,0.068988,-0.024246
2M17304645-2733567,0.5845516,359.411407,3.49563241,0.05044451,0.11979
2M17305251-2651528,8.24502,0.0118833939,3.86021304,0.07981199,-0.18297
2M17305251-2651528,8.24502,0.0118833939,3.86021304,0.086282,-0.13967
2M17310250-2717299,0.4671993,359.673859,3.59582591,-0.06948748,-0.23464
2M17310454-2654090,7.135508,0.00459198747,3.80211544,0.162702,-0.28178
2M17311009-2727062,0.5271482,359.554901,3.48481393,0.08740352,0.036341
2M17311013-2718237,8.257495,359.676788,3.56399322,-0.03191802,-0.46628
2M17311192-2706117,3.143924,359.851074,3.66952038,0.187881,0.049361
2M17311613-2629233,2.247414,0.374798417,3.99119687,0.236502,0.16643
2M17312022-2603207,0.1058742,0.747940719,4.2150631,-0.02393749,-0.10946
2M17312022-2603207,0.1058742,0.747940719,4.2150631,-0.01615748,-0.10637
2M17312521-2623467,8.027126,0.47185877,4.01380587,-0.2561979,-1.0801
2M17315009-2619276,6.788951,0.583093822,3.97512436,-0.104348,-0.69934
2M17315197-2722552,3.122667,359.69812,3.39310741,0.06182198,0.16739
2M17315741-2611218,4.461497,0.711519599,4.02560282,0.130212,0.2205
2M17315967-2654561,8.356736,0.105562806,3.62326741,-0.158628,-0.72314
2M17323698-2623269,6.571773,0.622596741,3.79203653,-0.214698,-1.5957
2M17324115-2644008,1.258133,0.342633963,3.5928452,0.181942,0.26072
2M17324557-2658582,7.114399,0.141925842,3.44363141,-0.09823805,-0.86206
2M17324707-2719401,6.871284,359.854858,3.25151801,0.05383198,-0.17909
2M17325854-2622532,2.185601,0.674238861,3.72951937,-0.05852801,-0.44646
2M17330340-2635029,1.686964,0.513458431,3.60435867,-0.101718,-0.1805
2M17330540-2648142,7.71523,0.332494646,3.47886586,-0.412698,-1.2444
2M17331815-2713369,4.141635,0.00229903823,3.20963883,0.333042,0.36046
2M17333241-2717262,8.010283,359.977386,3.13072681,-0.156728,-0.88057
2M17335061-2703182,1.3615,0.21228075,3.20162153,0.058645,0.15529
2M17335181-2632337,8.901325,0.646280885,3.47516584,0.012012,-0.52529
2M17335962-2630077,9.116345,0.696224153,3.47259951,0.01595199,-0.85319
2M17114410-2437256,7.446846,359.438354,8.68384552,0.01654399,-0.021092
2M17114757-2426570,1.797262,359.590302,8.77390385,0.084151,0.091289
2M17115012-2444201,7.280624,359.356567,8.59876633,-0.180268,-0.5523
2M17120265-2431076,7.902256,359.566132,8.68704605,0.04502,0.16348
2M17120383-2448323,10.26575,359.32901,8.51596642,0.151142,0.30412
2M17120730-2443238,5.951269,359.40744,8.55471516,-0.174788,-0.48372
2M17120749-2451272,6.92858,359.296967,8.47662926,0.01270399,0.11917
2M17120807-2413067,6.676747,359.826416,8.84327507,-0.03615797,-0.54746
2M17121023-2433275,5.125373,359.550781,8.6411705,-0.06748801,-0.50219
2M17121198-2438245,3.312479,359.48645,8.5881834,0.05496799,0.09503
2M17121432-2449298,9.0992,359.338989,8.47436428,0.165152,0.37006
2M17121912-2430385,10.77931,359.609222,8.64070225,-0.02809501,0.12427
2M17122022-2433114,8.141488,359.576538,8.61279774,0.147602,0.31963
2M17122375-2440386,8.476157,359.481659,8.53028774,0.147802,0.32153
2M17122457-2436144,8.648665,359.544128,8.5700264,-0.09004802,-0.65349
2M17123158-2421481,12.59678,359.758575,8.68688679,-0.243268,-0.74333
2M17123471-2416438,10.21677,359.83548,8.72580528,-0.449798,-1.1143
2M17123560-2432381,1.570127,359.618134,8.57048607,-0.212868,-0.55463
2M17123681-2419275,8.132724,359.80246,8.69314003,-0.2839079,-0.73189
2M17123797-2502544,6.772508,359.206482,8.27245808,0.118622,0.41032
2M17123914-2431468,6.180933,359.637756,8.56770992,-0.114608,-0.29703
2M17123950-2452512,5.949871,359.348236,8.36431599,-0.151158,-0.34177
2M17124005-2401433,5.890146,0.0543413423,8.85301399,-0.09425801,-0.58222
2M17124154-2411301,2.859401,359.922668,8.75470448,0.212642,0.3555
2M17124260-2508206,10.57226,359.141876,8.2059412,0.102692,0.37734
2M17124454-2436457,1.699415,359.580994,8.50317287,0.09693599,0.116
2M17124488-2421399,8.099278,359.789856,8.64689064,-0.03369802,-0.16779
2M17124652-2448227,7.627086,359.425323,8.38557816,-0.121248,-0.51723
2M17124749-2501464,5.949958,359.243042,8.25397301,0.06636899,0.092672
2M17124947-2500011,2.330326,359.271545,8.2647171,0.01270202,0.26977
2M17125087-2403459,0.6220942,0.0500605106,8.79977226,0.01998852,0.15639
2M17125284-2453343,1.721748,359.367706,8.3161974,0.192022,0.41234
2M17125346-2512121,8.498302,359.11264,8.13541508,-0.03725797,-0.63638
2M17125677-2503378,0.6022657,359.237885,8.20753193,0.07009251,-0.22104
2M17125890-2506136,7.339768,359.206787,8.1760149,-0.117898,-1.1255
2M17130130-2513377,8.225687,359.110229,8.09754944,0.097552,0.32205
2M17130156-2455113,2.21902,359.364624,8.27376652,-0.072238,-0.28511
2M17130290-2452570,10.11021,359.398407,8.29108715,-0.136398,-0.42733
2M17130363-2440478,9.274186,359.567444,8.4053812,-0.147108,-0.46059
2M17130675-2412353,7.162107,359.963379,8.66587543,0.146682,0.3798
2M17130709-2406468,7.66269,0.0443044901,8.72040749,-0.197578,-0.56062
2M17131076-2423366,12.13986,359.820129,8.54792023,0.02196199,-0.38
2M17131094-2436456,7.53043,359.63916,8.42141056,-0.127928,-0.67679
2M17131427-2422387,8.766093,359.841187,8.54624748,-0.03838798,-0.35834
2M17131636-2433595,6.83921,359.68927,8.43110847,0.03126201,-0.43191
2M17131718-2443582,8.644211,359.553528,8.33299923,-0.07633501,-0.088063
2M17132289-2502266,9.23461,359.311554,8.13829136,-0.04136801,-0.54419
2M17132489-2440404,7.389008,359.615906,8.34069538,-0.001197934,-1.0649
2M17132515-2429277,12.27353,359.771118,8.44722652,-0.163428,-0.44915
2M17132676-2511494,5.420515,359.190857,8.03639793,0.108922,0.22649
2M17132825-2500303,6.420037,359.350006,8.14029598,-0.077968,-0.84533
2M17133034-2415531,5.803148,359.969879,8.56095505,-0.03293797,-0.46974
2M17133154-2354483,4.452832,0.263718337,8.75863647,0.004761994,-0.19193
2M17133382-2430240,2.249989,359.777252,8.41130924,-0.04931802,-0.24662
2M17133418-2352185,5.356542,0.304059595,8.77424717,-0.08981803,-0.41119
2M17133462-2434592,2.514507,359.715729,8.36493969,-0.03249601,-0.079702
2M17133542-2426430,2.5986,359.831573,8.44157887,-0.03624801,-0.13216
2M17133570-2459138,0.2907141,359.383911,8.1295042,0.05289251,0.13792
2M17134171-2403381,6.783824,0.16413933,8.64256954,-0.07585806,-0.54633
2M17134273-2420480,11.05916,359.929321,8.47541523,-0.118618,-0.75278
2M17134276-2405268,9.881128,0.14143528,8.62200165,-0.08727801,-0.42877
2M17134354-2444440,1.340603,359.600922,8.24403095,-0.029557,0.073285
2M17134361-2446392,0.8072745,359.574585,8.22544575,0.02740109,0.0029259
2M17134502-2400017,1.543696,0.221270755,8.66668606,0.09888799,0.076431
2M17134614-2455462,7.778593,359.454437,8.13035679,-0.176948,-0.58393
2M17134692-2449535,2.421054,359.537201,8.18418407,-0.110728,-0.29419
2M17134700-2441353,7.325783,359.651855,8.26340389,-0.004798055,-1.6197
2M17134848-2437299,0.4309941,359.711548,8.29793167,-0.03888448,-0.031723
2M17135054-2455188,10.0184,359.470398,8.12111855,-0.121478,-0.99592
2M17135062-2404124,8.138089,0.175885126,8.60933876,0.02922099,0.018191
2M17135069-2514238,8.963472,359.207825,7.93794918,-0.216648,-0.71455
2M17135112-2408458,7.371513,0.114018567,8.56427765,-0.182538,-0.75226
2M17135156-2423483,0.3763224,359.907288,8.41923428,0.1666725,0.24984
2M17135235-2430157,1.501132,359.819885,8.35507679,-0.148538,-0.64883
2M17135340-2417007,6.139784,0.00513817696,8.47840881,0.04484197,-0.33635
2M17135374-2345257,6.429248,0.442382514,8.77873039,-0.08391804,-0.6299
2M17135374-2420494,9.771221,359.953247,8.44095325,-0.009899009,0.018241
2M17135543-2346576,1.956733,0.424924016,8.75885391,0.03652,-0.096648
2M17135579-2430204,1.837653,359.826385,8.34363937,0.042767,0.11264
2M17135625-2426463,9.296742,359.876648,8.37631798,-0.3053681,-0.92503
2M17135724-2519546,8.526412,359.14624,7.86493063,-0.128828,-0.60574
2M17135834-2417478,10.3919,0.00514445733,8.45555496,-0.033428,0.10573
2M17135880-2503019,6.622306,359.382141,8.02170372,-0.164248,-0.72235
2M17140044-2412082,5.607997,0.0879361257,8.50305176,-0.2789881,-0.91401
2M17140177-2439415,4.819692,359.71048,8.23572922,-0.051218,-0.30714
2M17140302-2406302,8.023408,0.171461552,8.54875374,-0.05175802,-0.4186
2M17140439-2427434,1.932229,359.881378,8.34191036,0.020813,0.16723
2M17140608-2349310,2.833112,0.413043261,8.7011776,-0.03563101,-0.097667
2M17140690-2357581,6.831481,0.297970235,8.61804008,0.03718899,0.055449
2M17140713-2347240,10.11243,0.444652349,8.71807861,-0.132598,-0.28761
2M17140789-2416415,4.032042,0.0414149947,8.43636131,-0.1229181,-0.76328
2M17140865-2422267,8.985332,359.963623,8.37907982,0.114722,0.33
2M17140962-2508599,9.08622,359.323578,7.93119669,-0.268468,-0.44596
2M17141005-2413208,3.791588,0.0923696607,8.46155167,0.092282,-0.045421
2M17141372-2428033,7.749862,359.897308,8.30975819,-0.02626804,-0.41583
2M17141420-2429146,0.5097123,359.881958,8.29691887,0.06975251,-0.07259
2M17141502-2352591,2.783207,0.384794921,8.64018059,-0.109108,-0.54862
2M17141593-2523140,8.408051,359.141235,7.7755127,-0.126698,-0.53988
2M17141628-2444199,0.2737151,359.678253,8.14638805,-0.06634349,-0.025424
2M17141757-2503092,2.058819,359.421509,7.96253252,-0.021912,-0.064866
2M17141832-2433460,7.345577,359.828522,8.24093628,-0.08179796,-1.0762
2M17141837-2408209,6.433287,0.17971836,8.48329449,-0.05016798,-0.52552
2M17141904-2507369,8.046947,359.36322,7.91530848,0.03507201,-0.21701
2M17141907-2424413,8.611176,359.955536,8.32525635,-0.344588,-0.60161
2M17141914-2506397,9.576047,359.376587,7.9241209,-0.100048,-0.39672
2M17141923-2413055,1.978013,0.11606773,8.43539238,0.0639329,0.058472
2M17142012-2352404,9.981995,0.400330484,8.6271801,-0.337698,-1.1627
2M17142079-2427418,1.620646,359.917755,8.29119015,0.001144994,-0.047143
2M17142108-2450149,7.344851,359.607147,8.07500458,-0.07820797,-0.60701
2M17142110-2418317,7.053271,0.0450695418,8.37769985,-0.07616803,-0.37765
2M17142199-2522045,9.357128,359.170441,7.76791763,-0.03946802,-0.35768
2M17142329-2441233,0.2166177,359.734222,8.15274239,0.02118551,-0.023913
2M17142347-2415435,7.861309,0.0889982805,8.39706326,-0.134418,-0.62973
2M17142371-2426252,5.953672,359.941772,8.29431152,-0.141968,-0.30279
2M17142413-2438265,1.903285,359.776733,8.17828465,0.09184199,0.11253
2M17142424-2405588,2.605135,0.225384071,8.48756599,0.2133819,0.40226
2M17142443-2457219,4.236573,359.516327,7.99662018,-0.017914,-0.088614
2M17142460-2513220,9.710992,359.296112,7.84316874,-0.249398,-1.08
2M17142482-2436416,0.5114381,359.802368,8.19281006,0.03809199,0.42669
2M17142585-2414391,5.627207,0.10904815,8.39987755,-0.004377961,-0.52618
2M17142680-2454465,7.126513,359.55722,8.01403427,0.015992,-0.19153
2M17142706-2442113,12.37543,359.731415,8.13341331,-0.05368799,-0.3095
2M17142785-2351211,7.625723,0.435632914,8.61560154,-0.1652279,-0.78507
2M17142787-2401339,3.902716,0.29440853,8.51827717,0.01012499,-0.030603
2M17142789-2424211,4.15458,359.979523,8.30102158,-0.08982795,-0.62743
2M17143098-2408219,9.822325,0.207241759,8.44378853,-0.193728,-0.84657
2M17143378-2506473,9.305599,359.406799,7.87767124,-0.388978,-0.82732
2M17143410-2434364,6.798006,359.851501,8.18388939,-0.088278,-0.38668
2M17143437-2452403,0.2592315,359.602783,8.01066971,0.1602685,0.010655
2M17143500-2412244,0.6615409,0.160192117,8.39275551,0.161792,0.29973
2M17143572-2446529,7.630101,359.685638,8.06176376,-0.1621981,-0.7628
2M17143578-2457520,5.166931,359.53421,7.95668745,0.068672,0.31805
2M17143625-2438116,4.329531,359.806702,8.1430006,0.0002219677,-0.32693
2M17143859-2424223,6.924463,0.00271983841,8.26754951,-0.158478,-0.77802
2M17143933-2504489,6.203022,359.446136,7.87934113,0.101212,0.24211
2M17143983-2439271,6.078246,359.79718,8.11988163,-0.125818,-0.41006
2M17144003-2433093,2.371283,359.884583,8.1793108,0.041722,0.035956
2M17144033-2428460,3.229853,359.945831,8.22022438,-0.03516901,0.11605
2M17144187-2440549,5.049004,359.781433,8.09959412,-0.158788,-0.42527
2M17144204-2435163,6.985612,359.859741,8.15288353,0.220962,0.37212
2M17144320-2430029,1.301341,359.934418,8.19908047,0.107002,0.11254
2M17144441-2434055,4.016842,359.881195,8.15678596,-0.08627802,-0.5541
2M17144682-2413158,8.784222,0.174293071,8.34773731,-0.02969801,-0.5487
2M17144778-2445585,7.490429,359.724518,8.03297997,-0.05506799,-0.41084
2M17144801-2411241,2.946316,0.20265086,8.3617506,-0.06597801,-0.01174
2M17144968-2506047,6.702984,359.451294,7.835289,0.03157198,0.22808
2M17145149-2448543,9.265227,359.6922,7.99352551,-0.150238,-0.4219
2M17145215-2500113,7.68323,359.537964,7.88384819,0.222262,0.42927
2M17145303-2422599,7.466372,0.0533565208,8.23565578,-0.07753804,-0.45178
2M17145376-2440561,0.9101187,359.80719,8.06247902,-0.114448,-0.39001
2M17145389-2522520,7.265158,359.229034,7.66197348,-0.06744,-0.063668
2M17145442-2353290,2.596973,0.464585245,8.5122261,0.005762987,-0.072041
2M17145544-2521118,8.098965,359.255432,7.673141,0.163532,0.39681
2M17145582-2436368,12.93785,359.871368,8.09727764,0.392102,-1.3028
2M17145603-2456118,7.560166,359.601471,7.90990877,-0.082798,-0.39726
2M17145710-2351226,6.141237,0.499631852,8.52387905,-0.03952101,-0.020017
2M17145769-2451561,5.778761,359.66391,7.94543743,0.008171976,-0.59027
2M17145794-2413252,2.416449,0.196516424,8.31153965,0.008683996,-0.016742
2M17150043-2444562,3.554888,359.76651,8.00363922,-0.05330801,-0.51323
2M17150092-2419464,0.3044863,0.115223609,8.24179935,0.1426725,0.22886
2M17150135-2422049,1.114348,0.0842613578,8.21847534,-1.060497,-0.27742
2M17150296-2423503,6.864526,0.063501738,8.19673061,-0.418298,-1.04
2M17150299-2513213,6.492198,359.379974,7.72467518,-0.3061579,-0.97824
2M17150429-2425083,8.265343,0.0484266914,8.180233,-0.08402101,-0.077567
2M17150500-2352042,6.848579,0.507394373,8.49255466,-0.161038,-0.39004
2M17150720-2445497,7.926313,359.768982,7.97411394,-0.182848,-0.67594
2M17150846-2459415,7.618596,359.580353,7.83806849,0.167938,-0.002099999
2M17151245-2439163,7.552749,359.871033,8.02026939,-0.03174201,-0.071326
2M17151260-2423211,2.278063,0.0913231447,8.17134857,-0.03335501,-0.051243
2M17151308-2458316,3.408681,359.606506,7.83488941,0.04730299,0.014765
2M17151508-2459438,0.7263619,359.594269,7.81720257,-0.1828204,-0.00099707
2M17151597-2351550,6.864002,0.533617795,8.45967102,-0.128558,-0.62351
2M17151783-2432058,8.629088,359.981903,8.07182884,-0.168658,-0.60232
2M17151842-2421285,1.958276,0.130013257,8.17106819,0.120462,0.15417
2M17151927-2426369,0.9571568,0.060807284,8.11951065,-0.178238,-0.85716
2M17151970-2514510,8.143677,359.395721,7.65877342,-0.332678,-0.70022
2M17151978-2507285,1.480637,359.49762,7.72882652,0.08377799,0.086267
2M17151994-2442463,0.6080199,359.83902,7.9636693,0.08567552,-0.066003
2M17152020-2439013,7.321986,359.891388,7.99856758,0.008912027,-0.53156
2M17152021-2524075,9.998121,359.268921,7.56873417,0.011856,-0.072534
2M17152188-2426018,0.5685656,0.074614495,8.11695671,0.110942,0.24639
2M17152335-2450386,6.800799,359.737732,7.87811756,-0.06434801,-0.14907
2M17152598-2515095,1.541313,359.405121,7.63643885,0.04600059,0.0013394
2M17152803-2459336,0.09063403,359.624847,7.77869797,0.1325025,0.21263
2M17153086-2503345,9.292017,359.575562,7.73169422,0.183502,0.3106
2M17153146-2452087,7.374849,359.73468,7.83867311,-0.229598,-1.032
2M17153186-2426492,6.361862,0.0855017155,8.07834625,-0.08096802,-0.62696
2M17153299-2406170,0.6625634,0.372059077,8.26996899,-0.02094901,-0.040589
2M17153404-2409295,8.957217,0.329946101,8.23622036,-0.07446802,-0.44561
2M17153515-2439194,1.463157,359.919861,7.949193,0.181412,0.26148
2M17153591-2412457,8.136857,0.288795948,8.19932175,-0.08783799,-0.72919
2M17153657-2423574,7.585557,0.135387868,8.09090137,-0.106218,-0.59994
2M17153694-2419422,0.7718429,0.195026606,8.13015366,-1.705067,-0.21505
2M17153777-2405049,1.814647,0.399164349,8.2664423,0.207042,0.14664
2M17153821-2449202,2.638992,359.788177,7.84444237,0.020101,-0.089139
2M17153901-2445270,8.194802,359.843597,7.878932,-0.1618979,-1.2295
2M17153963-2457367,6.81308,359.677002,7.76127148,-0.237798,-1.3074
2M17154154-2423118,6.861085,0.15674454,8.08261108,-0.107301,0.086843
2M17154200-2444217,0.4757404,359.865173,7.8800087,0.08118098,0.10147
2M17154320-2440047,8.222939,359.927002,7.9169755,-0.005667999,-0.22366
2M17154348-2518214,1.799901,359.399048,7.55184078,0.190182,0.28524
2M17154472-2509329,8.345158,359.523285,7.63189983,-0.233398,-0.9282
2M17154545-2416287,7.148628,0.258245796,8.13422489,-0.137918,-0.71375
2M17154601-2516278,6.880663,359.430664,7.56206656,-0.09833801,-0.59257
2M17154715-2442449,8.284786,359.898712,7.87932825,-0.2684979,-1.2185
2M17154724-2448443,5.973782,359.816132,7.82210493,-0.03725803,-0.68762
2M17154771-2355067,8.940823,0.558977008,8.3299427,0.06100202,-1.8333
2M17154793-2501461,2.742342,359.637665,7.69602108,-0.100266,-0.043292
2M17154804-2404293,9.603702,0.429869771,8.23994541,0.019739,0.16202
2M17154852-2457018,8.955188,359.704376,7.73926115,-0.04016793,-0.91663
2M17154956-2405053,5.943609,0.424871325,8.22950649,-0.197898,-1.1103
2M17155033-2415378,1.740814,0.28064689,8.12704182,0.00614199,-0.11032
2M17155310-2510260,0.2376967,359.529266,7.59752893,0.03999751,0.035061
2M17155322-2445223,1.066067,359.875671,7.83551979,0.198462,0.20018
2M17155348-2353318,6.827017,0.59351784,8.32687378,0.224362,0.44271
2M17155393-2411312,4.969752,0.34539485,8.15482044,0.01598199,-0.1226
2M17155410-2343526,2.301308,0.728641093,8.41643715,-0.084488,-0.29545
2M17155436-2448439,2.726217,359.831726,7.80003738,0.07723199,0.093181
2M17155458-2347176,8.17312,0.682347834,8.38251877,-0.09744799,-0.49136
2M17155463-2430398,8.236599,0.0820766687,7.97090101,-0.245728,-0.48399
2M17155642-2444400,5.987046,359.892365,7.83228922,0.260172,0.21667
2M17155885-2412262,7.389129,0.34346351,8.13075161,-0.05486798,-0.61475
2M17160004-2447421,11.88915,359.858337,7.79219723,-0.018758,-0.20497
2M17160035-2352385,3.047251,0.62086916,8.3137598,-0.01799804,-0.55968
2M17160061-2343368,7.359441,0.746565402,8.39850426,0.162332,0.39309
2M17160162-2510403,7.49412,359.544464,7.56889486,0.150282,0.30687
2M17160286-2349344,8.070767,0.66890347,8.33496284,-0.02221251,0.0057845
2M17160409-2505561,6.723503,359.615265,7.60627508,-0.021238,-0.01241
2M17160489-2442494,3.785162,359.93631,7.8234601,0.246162,0.25481
2M17160610-2500218,9.165558,359.696564,7.65303087,-0.338888,-0.68391
2M17160615-2415514,3.292144,0.312083602,8.07548809,0.128412,0.078188
2M17160744-2515288,10.73348,359.490753,7.50513411,-0.4241781,-0.80832
2M17160777-2340475,10.48369,0.801377296,8.40273666,-0.148028,-0.44396
2M17160863-2404556,1.91098,0.468811512,8.17137814,0.1185655,0.016706
2M17160960-2345551,7.3735,0.734303415,8.34843254,-0.04050501,0.09925
2M17161031-2401327,1.793962,0.519318819,8.19818878,0.130692,0.10966
2M17161098-2452325,8.488859,359.815216,7.71219683,0.185542,0.28547
2M17161110-2511379,0.4973414,359.551819,7.53039217,-0.09118749,-0.24578
2M17161163-2521115,5.493876,359.420959,7.43783808,0.142792,0.18691
2M17161264-2447026,5.431946,359.894836,7.75925779,-0.02705799,-0.17786
2M17161289-2407544,0.5179683,0.436859965,8.12979317,0.2228025,0.21311
2M17161458-2439137,6.763978,0.00709799444,7.82743359,-0.324298,-0.757
2M17161489-2447195,9.540271,359.895844,7.74960327,0.073542,0.19702
2M17161490-2457326,7.780591,359.754639,7.65251017,-0.06895301,0.21526
2M17161510-2525370,6.289437,359.367401,7.38504028,-0.02044803,-0.71017
2M17161691-2458586,6.459907,359.739197,7.63265514,0.104662,-0.14628
2M17161732-2521384,1.541401,359.427094,7.41599655,0.169092,0.27914
2M17161922-2420323,8.548075,0.275783986,7.99028826,-0.314348,-0.62125
2M17161967-2515035,5.408106,359.523071,7.4712801,0.1967919,0.32133
2M17162106-2406536,4.935954,0.468727976,8.1138649,-0.055498,-0.44948
2M17162163-2441042,0.1190351,359.996979,7.78802204,0.05067852,0.049836
2M17162250-2511497,3.780014,359.573822,7.4932251,0.01983199,-0.1045
2M17162634-2504354,0.5695393,359.682129,7.55010271,0.04349751,0.076176
2M17162712-2440357,3.660757,0.01548352,7.77543068,-0.04288802,-0.27685
2M17162795-2409312,7.429377,0.447397918,8.06743526,-0.129978,-0.44157
2M17163016-2419110,1.627273,0.318395138,7.96895075,0.01549199,-0.14031
2M17163336-2425216,5.641484,0.239877269,7.90044403,-0.09926796,-0.64832
2M17163363-2407382,6.752796,0.485864639,8.06749535,0.140212,0.38647
2M17163426-2422568,5.670571,0.275230676,7.92049551,0.03650399,0.14946
2M17163442-2511179,2.867339,359.606964,7.46131992,0.146645,0.066842
2M17163450-2443175,5.891779,359.994232,7.72689819,0.03860199,-0.55971
2M17163544-2419500,4.237016,0.320911705,7.94632578,-0.04011801,-0.20475
2M17163650-2518457,7.784533,359.508392,7.38399458,-0.03396801,0.02988
2M17163659-2350075,15.38813,0.735034943,8.22392654,-0.0006879866,-0.28872
2M17163687-2449275,5.130754,359.914124,7.66100883,-0.09223801,-0.63655
2M17163740-2433569,2.252225,0.129802704,7.80645514,0.237932,0.31672
2M17163815-2513026,6.928041,359.590942,7.43319416,0.201342,0.3931
2M17163981-2443034,7.712455,0.00902019721,7.71258783,-0.151278,-0.76642
2M17163990-2416311,2.212151,0.376519144,7.96376181,0.06810199,0.10001
2M17164033-2342156,7.035615,0.852281749,8.28655434,0.263692,0.5082
2M17164039-2426440,3.187433,0.23616001,7.86548567,0.03096199,-0.36616
2M17164075-2440386,7.492887,0.0444734395,7.73254251,-0.08180797,-0.81249
2M17164197-2351038,1.444447,0.73377955,8.19817257,0.0988325,0.16774
2M17164290-2422579,7.881837,0.293789208,7.8933363,-0.1236179,-0.93378
2M17164386-2512292,6.626963,359.611023,7.42079306,0.136932,-0.051598
2M17164464-2524209,2.920449,359.448853,7.30575228,-0.05646801,-0.16564
2M17164501-2457317,1.577322,359.820221,7.55916548,-0.06535798,-0.5008
2M17164706-2416402,0.2978154,0.390034586,7.93994474,0.052201,0.10343
2M17164717-2422364,8.766899,0.308053672,7.88339281,-0.1365181,-0.55581
2M17164758-2352494,9.831338,0.721615672,8.16392803,-0.076298,-0.40884
2M17164783-2450104,4.542496,359.928009,7.62016201,-0.07690799,-0.25365
2M17164800-2453348,2.618692,359.881287,7.58730745,-0.02022602,-0.083262
2M17164821-2427273,6.885164,0.243200392,7.83425331,0.149362,0.343
2M17164938-2515079,2.921751,359.586395,7.37858963,0.06719199,0.3545
2M17165079-2422565,7.575852,0.311285645,7.86891842,-0.183398,-1.0615
2M17165129-2455473,8.938679,359.85788,7.55615377,-0.175858,-0.45311
2M17165208-2348160,1.447066,0.794663191,8.19287205,0.0511876,0.064066
2M17165265-2450103,8.81566,359.938477,7.6051898,-0.204788,-0.74951
2M17165267-2417362,5.02666,0.389313251,7.91359377,-0.230588,-0.59673
2M17165267-2427531,2.015969,0.246953845,7.81625891,0.08307199,0.1486
2M17165308-2400370,6.097501,0.625580728,8.07300472,0.234512,0.36804
2M17165388-2501435,1.658781,359.781433,7.49182224,0.09932199,0.13096
2M17165432-2453214,7.357187,359.898071,7.5698185,-0.07060802,-0.62773
2M17165461-2508402,1.738241,359.687012,7.42369032,-0.09135801,-0.10099
2M17165562-2430330,7.935726,0.2164388,7.78182411,-0.724798,-0.7679
2M17165690-2416360,6.516542,0.412407964,7.90985346,-0.01232803,-0.57202
2M17165993-2506025,0.577676,359.734863,7.43212414,0.03000751,0.15737
2M17170073-2352497,4.839371,0.750259161,8.12261868,-0.014458,-0.54244
2M17170073-2516474,1.456621,359.588043,7.32771015,0.136192,0.25667
2M17170088-2513477,6.6182,359.629761,7.3556509,-0.143558,-0.59711
2M17170096-2409378,6.421501,0.517826021,7.96307373,-0.072998,-0.18519
2M17170141-2418203,1.782836,0.398148924,7.87930775,0.04044199,-0.13189
2M17170225-2503404,4.474841,359.772614,7.44737196,0.251152,0.38664
2M17170645-2437087,0.8697521,0.148688316,7.68560791,0.003332004,-0.1732
2M17170700-2504257,8.72845,359.77243,7.42546511,-0.04373801,-0.42872
2M17170774-2433207,9.823773,0.204090863,7.71755648,-0.263098,-1.4479
2M17170797-2430423,1.499275,0.241152391,7.74179411,0.068156,-0.067514
2M17171052-2415289,5.66188,0.457538545,7.87783813,0.02830198,-0.35
2M17171088-2349044,6.544974,0.824496329,8.12620926,0.033722,-0.17544
2M17171208-2418370,0.4225926,0.417506844,7.84330034,0.03084251,0.22885
2M17171339-2406462,7.49862,0.584549427,7.95118141,-0.1296681,-0.71377
2M17171444-2424220,7.031686,0.342969477,7.7815733,0.011592,-0.31235
2M17171603-2451378,2.091501,359.969025,7.51862621,-0.141668,-0.61358
2M17171608-2505479,5.453888,359.773163,7.38428497,-0.08699802,-0.11688
2M17171650-2448378,1.770342,0.0115417307,7.5455718,0.08363199,-0.040995
2M17171753-2349540,2.548454,0.827515244,8.09751225,0.09302598,0.047901
2M17171790-2440055,5.291771,0.132744789,7.62202787,0.175842,0.1396
2M17171888-2426095,5.896074,0.327804565,7.75076389,-0.203698,-0.8142
2M17171976-2437571,5.085296,0.166408852,7.63649035,-0.00855802,-0.24529
2M17172194-2436559,0.1255636,0.185272425,7.63931417,0.02651952,-0.052927
2M17172194-2505180,10.07718,359.792725,7.37083292,0.147112,0.45151
2M17172292-2506543,8.477851,359.772675,7.35258245,0.104032,0.37658
2M17172324-2444576,2.936149,0.0769410655,7.55930614,0.155888,0.007864
2M17172430-2349462,9.292822,0.844079792,8.07746792,0.05402201,0.32555
2M17172476-2519123,9.525767,359.606567,7.23036623,0.158932,0.37747
2M17172999-2428130,6.836116,0.32342416,7.69658518,0.139352,0.38448
2M17173078-2421271,0.3475379,0.418877274,7.75803185,0.08387251,0.24319
2M17173164-2424075,5.640706,0.383678466,7.73010778,-0.06363803,-0.69255
2M17173192-2350017,7.412558,0.85709542,8.05110455,0.142682,0.33487
2M17173212-2407066,7.084153,0.620573521,7.88930225,-0.171288,-0.76991
2M17173248-2518529,8.992347,359.627686,7.20949936,-0.1822981,-0.9079
2M17173413-2411541,1.385254,0.558513701,7.83776283,0.02790251,0.33411
2M17173492-2432330,8.238953,0.274084508,7.64025927,-0.231788,-0.87421
2M17173527-2416283,6.360887,0.497642487,7.79103708,-0.09392601,-0.027232
2M17173551-2514388,6.84809,359.69281,7.24019384,-0.08327901,-0.021959
2M17173586-2349078,1.461774,0.878165841,8.04719067,-0.003063008,-0.082055
2M17173674-2459173,9.261215,359.907898,7.38173723,0.04260206,-1.0742
2M17173723-2428138,10.05624,0.338938117,7.6738615,-0.2748979,-1.2057
2M17173735-2351432,5.262459,0.845437288,8.01809406,-0.08697796,-0.82452
2M17173828-2426581,7.600695,0.358704507,7.68246841,0.192232,0.44041
2M17173839-2456346,6.598495,359.948975,7.40226936,-0.153908,-0.39383
2M17173864-2355052,7.957822,0.801537991,7.98229694,-0.001098007,0.26429
2M17173894-2428305,0.9329491,0.33877936,7.66588306,-0.03427849,0.063671
2M17173928-2504477,1.648244,359.837189,7.32173872,0.073725,0.055261
2M17173958-2502561,0.2665834,359.863556,7.33842182,0.0005335137,0.045359
2M17174199-2447391,6.613129,0.0802675039,7.47546625,0.088122,0.15674
2M17174239-2400328,2.384793,0.7339378,7.91902304,0.002062023,-0.48917
2M17174280-2438361,8.36917,0.207339406,7.5584774,0.04325199,0.25042
2M17174287-2451575,6.781189,0.0225701649,7.43198776,0.00777499,0.030416
2M17174311-2509436,7.112159,359.777222,7.26319265,0.082432,0.36141
2M17174582-2359541,7.462634,0.750340044,7.91433907,-0.217728,-0.95027
2M17174612-2518530,6.437573,359.657104,7.16721392,-0.02161801,-0.17936
2M17174668-2453010,4.283127,0.0161689334,7.41013432,0.2244619,0.30191
2M17174709-2420148,4.425061,0.470980495,7.71840858,-0.105098,-0.27989
2M17174772-2506086,7.816442,359.836761,7.28276157,-0.135538,-0.58083
2M17174868-2500556,1.806932,359.911011,7.32911634,0.144792,0.26978
2M17174976-2503079,6.587164,359.882843,7.30490398,0.267742,0.33418
2M17175099-2509031,8.710351,359.803589,7.24509764,-0.176738,-0.50449
2M17175124-2414388,10.03713,0.557609618,7.75826263,-0.170858,-0.71324
2M17175151-2451295,5.033651,0.047702644,7.40952158,-0.06540799,-0.6509
2M17175258-2503400,6.91897,359.8815,7.29109526,-0.08214802,-0.21961
2M17175498-2408584,8.597564,0.64440757,7.80004692,0.161112,0.41127
2M17175580-2513178,8.926819,359.755249,7.19002151,-0.229998,-1.2472
2M17175657-2357406,1.435756,0.804596126,7.90156746,0.05798901,0.097482
2M17175822-2508525,6.650159,359.821594,7.22432852,-0.08992802,-0.18461
2M17175908-2405282,7.016737,0.701915205,7.82021856,-0.187218,-0.60744
2M17180012-2451135,4.583602,0.0700139776,7.38520527,0.04618199,0.23129
2M17180151-2443256,2.314305,0.181030437,7.45451927,0.001599495,0.0006125001
2M17180192-2502384,0.4596457,359.915863,7.27176762,-0.1107575,-0.26376
2M17180231-2415147,11.67883,0.573343515,7.71793175,-0.1643981,-1.2153
2M17180372-2511571,6.978346,359.790924,7.17816305,0.296362,0.40139
2M17180524-2405468,6.450598,0.711007297,7.79797316,-0.226068,-0.4052
2M17180610-2427167,1.505751,0.41470176,7.59260178,0.119572,0.23682
2M17180772-2430443,6.650531,0.370255977,7.5548892,-0.05935802,-0.15345
2M17180784-2512541,2.194521,359.786652,7.15636539,0.01915339,0.10355
2M17181095-2459548,8.195313,359.973114,7.26941633,0.177522,0.42102
2M17181159-2412141,7.271297,0.635209322,7.71721411,-0.04313803,-0.62294
2M17181618-2503252,1.73736,359.935852,7.22005463,0.202132,0.27692
2M17181639-2410213,2.210188,0.671710551,7.71989012,0.02834199,-0.13555
2M17181717-2403446,7.795646,0.765141547,7.77972126,-0.07347804,-0.50754
2M17181740-2459286,7.671034,359.993042,7.25347853,-0.02030701,0.013799
2M17182024-2357397,1.284411,0.856223345,7.82734013,0.117432,0.1821
2M17182118-2416209,7.489473,0.598934412,7.64842319,0.285262,0.46964
2M17182209-2458480,2.686896,0.012544414,7.24525738,0.163962,0.12898
2M17182284-2509469,5.980197,359.862152,7.13926363,-0.103418,-0.57461
2M17182288-2502154,9.040838,359.9664,7.21018553,-0.223138,-0.56111
2M17182375-2445485,8.054008,0.196087331,7.36267757,0.04639199,0.25294
2M17182380-2359447,6.385213,0.835027754,7.79655409,0.03020197,0.2924
2M17182498-2439183,4.650328,0.288839489,7.42016697,-0.120488,-0.41874
2M17182605-2504218,7.949254,359.944031,7.18044806,-0.282408,-0.76959
2M17182649-2412385,2.238462,0.661863387,7.66669035,-0.01361801,-0.14524
2M17182730-2428331,4.819962,0.442916691,7.51429319,-0.008032011,-0.028126
2M17182839-2421246,7.204554,0.544341624,7.57815742,0.305982,0.53444
2M17183030-2430144,3.877257,0.426000267,7.48898745,0.09780198,0.34371
2M17183060-2401549,8.071074,0.819638729,7.75477505,-0.224748,-0.57339
2M17183203-2424571,2.595401,0.503099442,7.53339481,-0.202228,-0.99387
2M17183229-2359219,7.455474,0.858716428,7.77343941,-0.134568,-0.75803
2M17183558-2415359,1.094201,0.640531003,7.61036253,-0.1521295,-0.063128
2M17183695-2420044,0.6926516,0.581397891,7.56393623,-0.0888975,-0.20885
2M17183949-2458426,6.25221,0.0512985848,7.19194841,-0.065938,-0.71232
2M17184084-2455385,5.012927,0.0966977403,7.21667719,0.137612,0.22204
2M17184241-2503042,7.839762,359.997223,7.14173269,0.04443198,0.30647
2M17184337-2442509,7.024707,0.279452056,7.32934952,0.178072,0.48265
2M17184435-2422346,12.07091,0.562672913,7.51719475,-0.1190881,-0.62713
2M17184601-2430567,8.89587,0.450170875,7.43322563,-0.4760979,-1.4157
2M17184683-2452170,3.997252,0.15614152,7.22964048,-0.107508,-0.59547
2M17184924-2428532,8.829197,0.485698491,7.44248009,-0.04802799,-0.5849
2M17185205-2418088,7.816229,0.640796363,7.53474236,-0.0245536,-0.001514399
2M17185421-2447410,7.16586,0.235786557,7.24995613,0.007851988,0.34942
2M17185528-2411221,6.549397,0.741856396,7.58836603,-0.08883798,-0.65978
2M17185676-2452084,5.708966,0.179505035,7.20005751,-0.05039799,-0.71525
2M17185790-2406311,1.844626,0.814881206,7.62573671,0.04299099,0.11005
2M17190018-2421187,6.121613,0.614419341,7.47949409,-0.02646798,-0.38773
2M17190128-2417098,4.384482,0.674401224,7.51505041,-0.00573802,0.34411
2M17190508-2408253,1.891016,0.80396986,7.5852828,-0.06178801,-0.20601
2M17190556-2412510,7.986701,0.743524015,7.54218388,-0.195318,-0.52039
2M17190791-2428389,8.234073,0.529305875,7.38629818,-0.222098,-1.3851
2M17191086-2434105,7.552283,0.458993226,7.32508755,0.234942,0.43606
2M17191116-2454596,1.639076,0.170949668,7.12828684,0.144712,0.18419
2M17191299-2442553,2.117005,0.342261642,7.23616791,0.06239199,-0.11748
2M17191813-2440317,7.58565,0.386510283,7.24260902,-0.05482501,0.1889
2M17192110-2447310,8.245459,0.295989752,7.16759682,0.164732,0.49025
2M17192144-2449341,5.592548,0.268269777,7.14725018,0.101752,-0.14941
2M17192407-2432184,1.799324,0.513381362,7.30131769,0.05769251,0.23856
2M17193019-2426037,1.973416,0.613261878,7.34082556,0.191122,0.19329
2M16573303-2217155,0.5977759,359.416687,12.6884613,0.2880081,-0.14018
2M16573303-2217155,0.5977759,359.416687,12.6884613,0.1922785,-0.088683
2M16573639-2203317,6.136421,359.612823,12.8147135,0.143682,0.42077
2M16574119-2226182,8.997697,359.312073,12.5731926,-0.07279801,-1.1481
2M16574253-2222463,1.67807,359.363586,12.6042051,0.166322,0.26585
2M16574749-2155426,2.475422,359.746338,12.8579884,-0.165568,-0.55427
2M16574857-2232405,1.339592,359.242249,12.4869385,-0.07956743,-0.78135
2M16574858-2156135,6.784265,359.741821,12.8495131,-0.230498,-1.4152
2M16574890-2210007,6.295196,359.553467,12.7114725,-0.08053797,-0.52709
2M16575010-2230342,6.589441,359.274628,12.5031919,0.06904199,0.10168
2M16575204-2208313,4.542081,359.581299,12.7165642,-0.08368802,-0.269
2M16575326-2235440,3.801124,359.211426,12.4420013,0.06850199,0.24751
2M16575472-2232047,2.628591,359.264862,12.4739113,-0.02194901,-0.016039
2M16575647-2202060,0.8360245,359.679871,12.7666597,-0.1463575,-0.20492
2M16580020-2214036,5.944323,359.524597,12.6362391,0.03765199,0.28088
2M16580054-2228096,1.120343,359.332245,12.4949398,0.03703099,0.03533
2M16580097-2200186,1.03679,359.715057,12.7704706,0.08465201,0.34352
2M16580184-2227219,1.513645,359.346191,12.4988413,-0.06998749,-0.20399
2M16580294-2221228,6.10813,359.430756,12.5549736,0.200766,0.062806
2M16580319-2239479,1.560755,359.179169,12.3709049,0.03499752,0.13046
2M16580483-2219183,17.60091,359.463623,12.5697546,-0.140008,-0.3754
2M16580686-2146198,2.334971,359.920898,12.8909454,-0.3696978,-1.7979
2M16580829-2225245,1.4859,359.388153,12.4983816,-0.03473179,-0.0092957
2M16580843-2223063,3.700569,359.420044,12.5208406,-0.168938,-0.56595
2M16580902-2243217,2.522041,359.144104,12.3174419,-0.151548,-0.60137
2M16581383-2218367,1.451015,359.494324,12.5488186,-0.09666748,-0.22471
2M16581470-2219493,7.268329,359.479797,12.534112,-0.197318,-0.79618
2M16581595-2209576,3.018639,359.61795,12.6282005,0.005751997,0.21799
2M16582205-2205416,7.01015,359.690887,12.6516657,-0.06031301,-0.022305
2M16582606-2142488,8.750752,0.0145940725,12.8660688,-0.2506981,-1.1622
2M16582630-2150050,7.672943,359.915222,12.793272,-0.113308,-0.65633
2M16582658-2217152,4.333417,359.542969,12.5228596,-0.105978,-0.70181
2M16582756-2244429,1.220643,359.169128,12.2468548,0.06310252,0.10533
2M16583038-2151421,2.290241,359.902618,12.7645321,0.02444199,0.14745
2M16583093-2145061,1.215674,359.994629,12.8282204,0.0508825,0.21523
2M16583100-2209517,0.7272586,359.654755,12.5825319,-0.9756975,-0.51882
2M16583293-2241583,3.016663,359.219299,12.2575588,0.104122,-0.08005
2M16583433-2237004,3.652909,359.290527,12.3026237,0.02384799,0.04653
2M16583533-2233166,6.393773,359.343964,12.3366108,-0.059128,-0.13579
2M16583564-2249176,6.287277,359.125458,12.1763811,0.05643198,0.27979
2M16583626-2243411,1.85714,359.203644,12.2302494,0.0002519786,-0.26731
2M16583664-2137111,2.390597,0.116956979,12.8888235,-0.227938,-0.25614
2M16583719-2251491,6.450376,359.094574,12.1464863,-0.002078012,0.252
2M16583903-2159589,0.1414201,359.809265,12.6556082,0.02190551,0.20115
2M16584086-2227461,2.179852,359.432434,12.3742342,0.134632,0.34855
2M16584358-2245440,5.594625,359.19278,12.1873369,-0.167538,-0.73936
2M16584619-2206153,0.4499436,359.740021,12.5711803,-0.08596745,-0.40213
2M16584638-2214013,2.167081,359.633881,12.4935665,-0.002958007,0.090173
2M16584683-2231047,1.964838,359.401093,12.3229141,0.157882,0.21803
2M16584722-2240543,7.772907,359.267426,12.2240677,-0.1227381,-0.62748
2M16585033-2232091,1.184099,359.394623,12.3014193,0.04630199,-0.03512
2M16585066-2158053,3.656367,359.862671,12.6382236,-0.134778,-0.58619
2M16585223-2201447,6.583888,359.816132,12.5971107,0.05137199,0.27394
2M16585234-2211535,7.162357,359.677094,12.496232,-0.201548,-0.89045
2M16585527-2227051,6.942015,359.475616,12.3364468,0.145682,0.37423
2M16585658-2215439,4.488429,359.634369,12.4450188,-0.01303801,-0.39377
2M16585819-2140084,7.113513,0.127117544,12.7924538,-0.175618,-0.39535
2M16585871-2247550,2.2118,359.198364,12.1189613,0.068042,0.1718
2M16590095-2154213,3.034115,359.938171,12.6431856,-0.241438,-0.93656
2M16590107-2228316,7.877617,359.469482,12.3041906,-0.079658,-0.32833
2M16590155-2245214,8.547795,359.240051,12.1356354,-0.150488,-0.55692
2M16590219-2252162,6.267792,359.146942,12.0649719,-0.4207979,-0.679
2M16590291-2210509,10.13344,359.716278,12.4737654,-0.214368,-0.55442
2M16590327-2137509,7.157855,0.1706184,12.7992773,-0.156908,-0.61693
2M16590547-2242381,0.6586235,359.286499,12.1505785,-0.01479549,-0.056312
2M16590552-2253002,8.291687,359.144684,12.0474434,-0.141868,-0.59323
2M16590728-2222481,7.69719,359.562531,12.3417711,-0.09371801,-0.156
2M16590730-2206341,2.134688,359.785339,12.5025492,0.086922,0.23199
2M16590956-2146165,9.173788,0.0695053041,12.696332,-0.1894979,-1.4594
2M16591007-2156224,4.224282,359.931854,12.5948677,-0.211298,-1.1539
2M16591042-2253578,0.4146103,359.143005,12.0227919,-0.1001374,-0.49832
2M16591051-2145172,0.8787886,0.0853559375,12.7031431,0.07139851,0.052095
2M16591078-2146396,1.214653,0.0670834333,12.6887445,0.04496951,0.19617
2M16591114-2218447,5.798644,359.627228,12.3699846,-0.08409801,-0.29081
2M16591180-2135564,2.448631,0.216979489,12.7915268,-0.05844449,0.044137
2M16591198-2215572,3.467196,359.667511,12.3950539,-0.009487987,-0.40875
2M16591688-2256586,1.394979,359.116913,11.9729481,-0.0683475,-0.11935
2M16591771-2149108,5.269525,0.0487230495,12.6422434,-0.109338,-0.52433
2M16591960-2230407,1.143753,359.483398,12.2255278,-0.04003648,-0.075841
2M16592086-2248241,0.4623382,359.243561,12.0458326,0.002111986,-0.12749
2M16592105-2202195,0.8692699,359.875885,12.5018415,-0.010885,-0.072933
2M16592186-2145492,3.486478,0.104702808,12.6625261,-0.138468,-0.70011
2M16592241-2237051,0.1193153,359.402191,12.1533051,-0.01180848,0.097888
2M16592273-2135329,4.436921,0.248114035,12.761261,-0.05531803,-0.38758
2M16592279-2157476,5.845475,359.942261,12.5412579,-0.206658,-0.58449
2M16592677-2141119,7.639893,0.179820135,12.6928749,-0.310288,-0.69801
2M16592681-2236070,1.961853,359.425751,12.1493034,0.001170991,-0.029099
2M16592703-2144112,7.162286,0.139330506,12.6625309,-0.166048,-0.22334
2M16593100-2240390,7.526802,359.373444,12.0914087,-0.2791981,-1.1721
2M16593116-2201356,8.376504,359.909668,12.4776525,0.04428199,-0.1274
2M16593134-2211573,7.275351,359.767822,12.3745899,-0.214198,-1.5612
2M16593187-2204216,5.493078,359.873352,12.4480839,-0.07614797,-0.49
2M16593292-2213021,7.949688,359.756683,12.3589849,-0.135478,-0.72481
2M16593323-2149252,0.2427284,0.081904076,12.5915194,0.0187825,-0.15324
2M16593423-2224073,2.231956,359.607605,12.2451897,0.007541001,-0.046819
2M16593613-2246428,1.174333,359.302399,12.0154266,0.07166199,0.054211
2M16593742-2210593,14.1443,359.795319,12.3652716,-0.09852797,-0.57683
2M16593786-2201416,6.434726,359.924042,12.4558239,-0.153048,-0.42197
2M16593846-2241342,6.117103,359.378296,12.0592117,-0.057208,-0.50461
2M16593864-2127129,0.2236039,0.400311977,12.7937899,0.027999,0.17448
2M16593984-2301254,2.41707,359.10968,11.8580618,0.049082,-0.1517
2M16594010-2221280,1.231389,359.657745,12.2532759,0.02220652,-0.005944
2M16594323-2208139,8.309723,359.846802,12.3745098,-0.150548,-0.78415
2M16594361-2155105,6.349295,0.0271446668,12.5023565,-0.316298,-1.352
2M16594411-2221088,2.982089,359.671539,12.2440052,-0.147818,-0.39164
2M16594483-2155239,0.8320479,0.0269214269,12.4963436,0.02348951,0.089685
2M16594514-2252009,1.924507,359.250824,11.9350634,0.193122,0.3167
2M16594543-2159547,8.590627,359.966309,12.4498758,-0.163798,-0.8179
2M16594684-2150470,9.22807,0.095127292,12.5356541,-0.03944802,-0.74341
2M16594757-2132519,5.409909,0.343466878,12.7101851,-0.188258,-0.61677
2M16594801-2239581,1.934095,359.422546,12.0455952,-0.2726182,-0.004589301
2M16594837-2143231,6.762476,0.200507358,12.6039,-0.106128,-0.56617
2M16594850-2241343,1.171775,359.401733,12.028183,-0.03474549,-0.012362
2M16595160-2233443,8.733784,359.516357,12.0961618,0.09460199,-1.4596
2M16595163-2141293,4.228453,0.234274298,12.6124411,-0.048318,-0.32708
2M16595184-2210214,0.7336712,359.837769,12.3267298,-0.06857748,-0.14443
2M16595188-2159198,7.890993,359.98941,12.4355488,-0.113628,-0.46034
2M16595233-2214066,1.589318,359.787415,12.2881117,-0.00603798,-0.37139
2M16595271-2242298,2.549941,359.398895,12.0059891,-0.142398,-0.30039
2M16595275-2233187,2.500152,359.524872,12.0968513,0.100677,0.092354
2M16595282-2159525,3.922232,359.984131,12.4272547,-0.01490802,-0.63295
2M16595306-2244157,6.723505,359.375519,11.9874372,-0.173478,-0.71242
2M16595308-2303315,3.615119,359.111786,11.7964182,0.04164499,0.013696
2M16595480-2231011,7.838143,359.561127,12.1131964,-0.255838,-0.68916
2M16595557-2222446,9.561921,359.676453,12.1926804,-0.06851801,-0.39099
2M16595594-2155411,6.530163,0.0490347818,12.4589157,-0.452068,-0.82413
2M16595633-2145027,4.5579,0.196357802,12.562705,-0.102598,-0.3995
2M16595721-2209080,1.027818,359.867188,12.322134,0.05634251,0.20716
2M16595802-2229392,11.47973,359.587402,12.1167221,-0.2583181,-0.88578
2M17000011-2235513,8.774295,359.507233,12.0488834,-0.143498,-0.9687
2M17000078-2239466,0.729485,359.455017,12.0079832,-0.1360075,-0.44625
2M17000079-2151419,0.9300072,0.115260012,12.4831715,0.02403299,0.03801
2M17000306-2210271,6.258304,359.862762,12.2909279,-0.009167999,-0.16117
2M17000414-2252296,6.191595,359.288605,11.8716812,0.138252,0.25617
2M17000900-2144516,2.652498,0.228602946,12.5250044,-0.01972901,-0.033679
2M17000984-2123555,1.592311,0.519012094,12.7286139,-0.01298301,-0.090185
2M17001091-2217432,10.34635,359.781281,12.1947403,-0.146968,-0.54992
2M17001096-2230536,1.15978,359.600616,12.0643692,-0.263028,-0.78307
2M17001174-2221462,0.3035368,359.727631,12.1521454,0.109892,0.16575
2M17001241-2244294,8.544042,359.417572,11.9253778,-0.243498,-0.9858
2M17001274-2223438,1.531651,359.703064,12.1296797,0.02135752,0.20053
2M17001287-2154362,0.9210671,0.103602916,12.416873,0.03990469,0.074929
2M17001291-2215087,7.600104,359.82135,12.2139826,-0.200498,-1.3435
2M17001353-2157027,0.1670025,0.0715640634,12.3907127,0.03359951,0.052543
2M17001370-2237099,3.236959,359.520996,11.9938517,0.01848198,0.22493
2M17001411-2144284,4.663188,0.24591884,12.5128736,-0.01209301,-0.019235
2M17001514-2248135,6.429591,359.372711,11.8799591,0.079722,0.2354
2M17001535-2302498,9.691424,359.173187,11.7346554,-0.158668,-0.2804
2M17001606-2300253,8.292398,359.207825,11.7563524,-0.02210796,-0.55637
2M17001613-2239257,0.7723063,359.495605,11.9639568,0.05266011,0.09072
2M17001940-2216591,1.892219,359.811218,12.1756535,0.197881,0.051741
2M17002097-2128535,2.401529,0.476679832,12.6448803,-0.02322802,-0.285
2M17002303-2123566,2.169461,0.549743474,12.6871166,-0.07683799,-0.40716
2M17002326-2213166,0.5913923,359.871216,12.2002659,0.00653252,-0.27271
2M17002482-2301524,3.519688,359.208313,11.7149525,0.182667,0.096375
2M17002558-2205183,4.644338,359.986176,12.2717056,-0.108588,-0.37355
2M17002794-2123511,7.722828,0.56249702,12.6726513,-0.205588,-0.68891
2M17002808-2236253,0.8085257,359.564697,11.9566784,-0.05402019,0.004302701
2M17002911-2302589,1.472334,359.203125,11.6907501,0.1440325,0.28099
2M17003012-2149341,1.655088,0.213282019,12.4127064,-0.06853801,-0.16011
2M17003081-2137424,2.958804,0.378267825,12.5273438,0.167932,0.29364
2M17003227-2247240,1.863545,359.42395,11.8351574,0.01250699,0.032477
2M17003249-2255489,0.5409286,359.309143,11.7512636,-0.01082748,-0.41409
2M17003339-2243338,4.105811,359.479187,11.8696404,-0.04305701,0.18836
2M17003384-2201460,5.808122,0.0541416593,12.2808867,-0.05686802,-0.1162
2M17003538-2306481,6.705483,359.165436,11.633564,-0.206198,-0.25866
2M17003544-2305275,6.479125,359.18396,11.6467009,-0.199308,-0.72749
2M17003610-2158277,0.6728877,0.104879364,12.3064346,0.01476252,-0.16402
2M17003655-2200045,7.901112,0.0837619305,12.289135,-0.262638,-0.79626
2M17003956-2258489,3.381597,359.284515,11.6997452,-0.251218,-0.77928
2M17003984-2209037,0.4207394,359.967865,12.190299,-0.0481775,-0.16967
2M17004068-2223340,7.688846,359.770538,12.0445938,-0.143618,-0.25655
2M17004226-2241088,2.126978,359.532959,11.8660803,-0.004372012,-0.060546
2M17004246-2211413,1.368712,359.937897,12.1562309,0.001802988,-0.040101
2M17004277-2302013,4.387906,359.248047,11.6581068,-0.09911799,-0.44719
2M17004421-2131395,0.398288,0.493009657,12.5449247,0.01212251,-0.29297
2M17004641-2231319,9.952912,359.67453,11.9481964,-0.04475802,-0.29292
2M17004698-2257468,5.195085,359.315918,11.6870689,-0.307498,-1.2874
2M17004859-2209312,6.633702,359.982025,12.158535,-0.149568,-0.17227
2M17004885-2244301,6.483819,359.502289,11.8125191,-0.135068,-0.36052
2M17004935-2302164,3.464477,359.259888,11.6353111,0.09460199,-0.22247
2M17005102-2305546,0.807461,359.213989,11.5941963,-0.05645749,-0.28775
2M17005516-2247413,7.237246,359.473267,11.7615376,0.05335201,-0.23889
2M17005551-2253228,6.673772,359.396057,11.7042274,-0.132728,-0.41112
2M17005554-2254269,2.964523,359.3815,11.6935511,-0.03843002,-0.097288
2M17005559-2214279,2.716822,359.930359,12.0880251,0.158792,0.31467
2M17005813-2135208,7.760332,0.474741101,12.4651146,-0.261348,-0.72965
2M17005837-2147363,8.893054,0.306408793,12.3438292,-0.198548,-0.85065
2M17005846-2130526,5.691408,0.537164986,12.5080032,-0.02918401,0.022546
2M17005876-2208326,6.241942,0.0191711783,12.1365013,-0.05902803,-0.6209
2M17010074-2133380,6.255515,0.504481971,12.4737911,-0.133478,-0.58547
2M17010101-2236422,6.278424,359.637573,11.8518925,-0.247898,-1.4532
2M17010167-2249234,4.139036,359.465088,11.724577,0.09064499,-0.079383
2M17010175-2225481,1.603267,359.788971,11.957118,0.07437252,0.097
2M17010264-2158073,2.152597,0.171597168,12.2270432,-0.146158,-0.51283
2M17010272-2124045,1.811968,0.640963972,12.5614653,-0.1281505,0.056503
2M17010423-2251389,1.770426,359.440063,11.6943521,-0.030358,-0.11237
2M17010472-2216470,8.744999,359.919769,12.0367908,-0.132138,-0.67653
2M17010529-2147041,1.925526,0.329969525,12.3275137,-0.05314803,-0.37078
2M17010798-2220327,2.09596,359.875671,11.9895954,-0.01672791,0.13513
2M17010817-2227132,2.062167,359.784424,11.9232025,-0.133928,-0.76277
2M17010837-2258449,1.496937,359.352386,11.611414,-0.050098,-0.25824
2M17010867-2152305,9.607021,0.262940377,12.2634754,-0.188738,-0.61619
2M17010895-2258247,2.908971,359.358307,11.6129475,-0.02025799,-0.13605
2M17011130-2304177,6.704264,359.283173,11.5475855,-0.114188,-0.50208
2M17011172-2304437,7.493257,359.278198,11.541997,-0.113008,-0.76532
2M17011264-2149273,0.8380973,0.314270407,12.2810726,0.008071518,-0.007499
2M17011304-2251544,0.5911983,359.457001,11.6645536,-0.1037975,-0.32048
2M17011325-2145052,6.573216,0.375877649,12.3221073,-0.03915001,0.070674
2M17011465-2233286,8.844213,359.713593,11.841404,-0.3582982,-1.6702
2M17011484-2155579,3.46572,0.229756132,12.2101908,-0.09304798,-0.73378
2M17011642-2249068,8.791351,359.503113,11.681674,-0.01057804,-0.53316
2M17011662-2126122,7.42785,0.644108653,12.4970016,-0.2047981,-1.3409
2M17011686-2247383,6.313039,359.524384,11.6948576,-0.05339801,-0.58952
2M17011689-2235140,1.211177,359.694672,11.8171234,0.1049325,0.25587
2M17011931-2128055,0.9122054,0.624346912,12.4700613,0.1186925,0.26207
2M17012024-2124420,9.692382,0.673315346,12.5004253,-0.033868,-0.16789
2M17012056-2306485,9.465466,359.270233,11.4941425,-0.347948,-0.70105
2M17012190-2247055,1.438188,359.543579,11.6846676,0.09253599,0.058757
2M17012271-2230346,0.9520469,359.772186,11.8449697,-0.02672049,-0.036757
2M17012288-2306397,4.936493,359.277588,11.4884377,-0.04449803,-0.38804
2M17012328-2153458,9.801795,0.279769927,12.2054968,-0.358798,-1.1302
2M17012381-2148143,1.753927,0.35710606,12.2581377,-0.103188,-0.4558
2M17012417-2210366,7.166602,0.0499642082,12.0370426,-0.190918,-0.47355
2M17012464-2243408,1.795069,359.596741,11.7098217,0.0996685,0.13397
2M17012485-2238033,0.6879705,359.674438,11.7646294,-0.02784149,0.064004
2M17012768-2242101,6.065499,359.624573,11.7153025,0.104302,0.30165
2M17012851-2240281,1.300638,359.649811,11.7295036,0.06735452,0.13169
2M17012865-2150490,8.276691,0.332868874,12.2176847,-0.194858,-0.59795
2M17012880-2303143,4.10928,359.338196,11.5039692,-0.096659,-0.085619
2M17012927-2302349,6.418783,359.348297,11.5089979,-0.013978,-0.35072
2M17012940-2249521,9.34223,359.522919,11.6340504,-0.207898,-1.1118
2M17012960-2121096,1.224708,0.744075835,12.5057659,-0.09460801,-0.22465
2M17012983-2233565,6.218858,359.742493,11.7897177,-0.224098,-1.3775
2M17012992-2307555,6.983355,359.276581,11.4542465,-0.103738,-0.16029
2M17012993-2210107,7.143708,0.0693432912,12.0233564,0.008840293,0.11698
2M17013121-2228278,6.956643,359.820953,11.8394203,-0.219468,-0.68813
2M17013149-2127051,4.658011,0.666707754,12.4417477,-0.05284801,-0.40742
2M17013315-2200207,4.765889,0.212141573,12.109992,-0.130368,-0.71611
2M17013342-2146516,0.3877646,0.398503006,12.2416382,0.003392617,0.0027099
2M17013342-2147060,6.051438,0.395201921,12.2392769,-0.06257802,-0.63816
2M17013351-2124366,8.462632,0.705579817,12.459691,0.061932,0.30286
2M17013535-2221462,8.00748,359.922577,11.8924284,0.081603,0.018404
2M17013594-2151204,8.13326,0.342647552,12.1897745,-0.01025201,0.094545
2M17013671-2122281,0.7019748,0.742634296,12.4706221,0.01838452,0.06161
2M17013683-2215135,1.416494,0.0159856286,11.9522276,0.05377951,0.17413
2M17013787-2227200,11.96589,359.851959,11.8298502,0.109102,0.24315
2M17013887-2239338,7.140213,359.68631,11.706295,-0.08596802,-0.46638
2M17014037-2137244,2.470373,0.545053065,12.3126736,0.02869559,-0.0088356
2M17014143-2121514,0.6091915,0.762080789,12.4618092,0.01326251,-0.18346
2M17014200-2233233,2.088524,359.778351,11.7574005,0.01978149,0.1001
2M17014225-2212187,1.662046,0.0686494112,11.9640169,0.1301625,0.20787
2M17014236-2228091,8.342543,359.851135,11.8078308,0.01792799,-0.016326
2M17014282-2300598,3.318059,359.401398,11.4827738,-0.158768,-0.60386
2M17014300-2129316,0.7193161,0.659899175,12.3816986,0.02393851,0.10901
2M17014407-2156162,6.465556,0.293691695,12.1159563,-0.160778,-0.58694
2M17014429-2141225,3.818572,0.499463558,12.2614937,0.03406899,-0.015739
2M17014540-2152178,0.9770461,0.351534754,12.1508007,0.123172,0.31155
2M17014702-2209367,0.9443061,0.116897963,11.9756927,0.009919995,-0.014808
2M17014744-2139086,3.30808,0.537604034,12.2735004,-0.111588,-0.55569
2M17014777-2245533,0.7943066,359.620117,11.6163988,0.1514725,0.32486
2M17014952-2247468,7.604896,359.598236,11.5923119,-0.01012799,-0.42273
2M17015094-2156169,6.338862,0.309527636,12.0943928,-0.144428,-0.48379
2M17015102-2304015,1.066712,359.378906,11.4275579,0.1132025,-0.10749
2M17015148-2254030,5.308178,359.516754,11.5244713,0.038892,-0.43498
2M17015205-2251588,0.7263762,359.546478,11.5431042,-0.01612548,-0.030702
2M17015246-2256522,2.165135,359.480316,11.4936371,-0.01454321,-0.0045948
2M17015266-2215425,6.797785,0.0461354777,11.89818,-0.01634797,0.29737
2M17015386-2217585,2.597953,0.0177479051,11.8721886,0.167212,0.26763
2M17015514-2246267,0.797334,359.629578,11.5880518,-0.03421748,-0.26181
2M17015541-2229225,5.652896,359.864624,11.7552404,-0.140128,-0.46099
2M17015563-2230357,7.94312,359.848389,11.742568,-0.08814797,-0.37674
2M17015583-2257196,7.725401,359.481873,11.4787273,-0.191048,-0.85795
2M17015648-2209202,5.905215,0.142684489,11.9488993,-0.111608,-0.56048
2M17015716-2238061,7.699779,359.74881,11.6639175,-0.451398,-1.5787
2M17015773-2300043,5.373919,359.448639,11.4457788,-0.09051801,-0.14494
2M17015777-2151237,6.412122,0.392762452,12.1209946,-0.075498,-0.19019
2M17015788-2251497,2.122393,359.562042,11.5265465,-0.106468,-0.47785
2M17015813-2201304,9.877947,0.25430426,12.0206366,-0.146668,-0.58474
2M17015867-2125567,1.477543,0.745882392,12.3676491,-0.006397486,0.42409
2M17015903-2131298,5.355486,0.670113564,12.3121357,-0.1195175,-0.2171
2M17015949-2129058,6.210488,0.704319835,12.3342094,0.131052,0.28104
2M17020022-2156467,0.9112347,0.324299484,12.0605116,0.05555109,0.054364
2M17020119-2144548,7.084922,0.490065306,12.1738625,-0.114068,-0.348
2M17020223-2156059,0.7279505,0.338338643,12.0609255,0.01012252,-0.06187
2M17020247-2222598,2.000676,359.968689,11.7960043,0.123089,0.088023
2M17020389-2140032,0.1930798,0.563376546,12.2130852,-0.03266148,-0.067196
2M17020519-2221246,0.4671174,359.996826,11.8031445,-0.09846801,-0.2594
2M17020783-2246599,6.267633,359.651367,11.5432787,-0.06563801,-0.07615
2M17020840-2236165,7.970717,359.799957,11.6470156,-0.132998,-0.65696
2M17020853-2243473,8.918686,359.697052,11.5726948,-0.159078,-0.55904
2M17020937-2128279,3.094021,0.73605597,12.3093805,-0.115928,-0.41819
2M17020970-2247365,1.288176,359.647339,11.5314922,-0.03515749,-0.20465
2M17021059-2153553,2.222692,0.387775928,12.0561428,0.02039199,0.13649
2M17021080-2141111,0.4951811,0.563867927,12.1803436,0.1916325,0.11816
2M17021142-2229119,5.993447,359.904175,11.7072105,0.01583201,-0.17183
2M17021184-2214536,1.486412,0.101907752,11.8464432,0.06627201,0.1896
2M17021210-2222576,6.629585,359.991547,11.7663956,0.112442,0.31393
2M17021526-2144540,5.578959,0.523000896,12.1299763,-0.08515799,-0.66911
2M17021591-2236198,4.467136,359.816589,11.6231575,-0.180508,-0.1202
2M17021625-2258139,6.271966,359.516724,11.406601,0.150742,0.34599
2M17021691-2231279,0.9143127,359.885773,11.6678705,0.05393351,-0.053521
2M17021704-2207479,7.205308,0.211613044,11.8998909,-0.02235801,0.073918
2M17021796-2242356,2.583887,359.735291,11.5552034,-0.199118,-0.57901
2M17021862-2142245,1.063572,0.565202057,12.1438427,0.01125999,0.013109
2M17021912-2209044,10.07823,0.198906034,11.8808622,-0.02561802,-0.28342
2M17021996-2200283,5.770811,0.319304287,11.9626398,-0.06530803,-0.58299
2M17022003-2213135,0.8121985,0.143876821,11.8373003,-0.09906748,-0.3764
2M17022143-2126005,8.770737,0.798101246,12.2955704,-0.182588,-0.96621
2M17022165-2147199,2.459667,0.504359961,12.0861387,-0.03236401,0.237
2M17022200-2137465,0.8916287,0.636985183,12.1786213,-0.0180275,-0.14329
2M17022347-2226241,11.25655,359.970581,11.6972103,-0.5276979,-1.0714
2M17022424-2128477,3.087107,0.766160667,12.2595024,-0.120138,-0.27826
2M17022490-2152552,4.924842,0.434863091,12.0212088,-0.07978801,-0.13076
2M17022494-2252353,8.743261,359.614227,11.4352436,-0.09106803,-0.65981
2M17022583-2255055,5.118322,359.58194,11.4078608,-0.296738,-0.66056
2M17022662-2242293,4.993599,359.756805,11.5293436,-0.08005798,-0.26118
2M17022687-2236158,7.997907,359.842896,11.5897808,-0.150248,-0.4222
2M17022730-2131265,1.470118,0.736746728,12.2239904,0.04044251,-0.12105
2M17022956-2202534,2.510001,0.308296263,11.9089336,0.106992,0.16755
2M17023048-2154213,12.93026,0.428027332,11.9897165,-0.3013979,-1.2007
2M17023052-2239373,1.131534,359.805206,11.5454273,0.0404225,-0.17751
2M17023058-2130010,6.383465,0.764048994,12.2276363,-0.302518,-0.77108
2M17023215-2226311,0.9776248,359.989075,11.6690807,0.07383251,-0.2739
2M17023269-2243106,3.422494,359.761383,11.5037289,-0.023238,-0.33648
2M17023288-2145079,7.469186,0.56081003,12.0725193,-0.07888401,0.021916
2M17023514-2131126,2.230356,0.758194685,12.201643,-0.005068004,-0.27858
2M17023612-2126596,2.653731,0.818696558,12.2398176,-0.04592802,-0.21152
2M17023751-2136298,6.800527,0.690689564,12.142518,-0.385798,-1.1101
2M17023822-2238394,2.313097,359.836273,11.5309801,-0.111578,-0.48871
2M17023882-2243060,1.944822,359.776611,11.4854889,0.02089249,-0.0037425
2M17023889-2147548,10.88434,0.53638351,12.0264769,-0.222798,-1.269
2M17023928-2129262,0.5843685,0.792312384,12.2059889,0.04678951,0.058185
2M17023989-2203155,2.25983,0.327199817,11.8730717,-0.01298701,0.07073
2M17024146-2302590,4.380777,359.509735,11.2818193,0.007832021,-0.42958
2M17024211-2157121,2.191352,0.415800303,11.9254494,-0.137078,-0.57844
2M17024339-2206592,5.578624,0.283966392,11.8256006,-0.09340799,-0.763
2M17024414-2132131,2.200361,0.765180707,12.1635427,-0.024948,-0.36538
2M17024638-2258369,6.353126,359.581024,11.309536,-0.06462798,-0.46996
2M17024640-2157242,8.371975,0.42299065,11.910079,0.208902,0.27994
2M17024730-2210387,5.055922,0.242618591,11.777545,-0.128798,-1.1065
2M17024846-2246418,8.053657,359.749481,11.4202185,-0.170738,-0.53291
2M17025096-2146012,6.056016,0.590560198,12.0071974,-0.117428,-0.50873
2M17025139-2300520,2.222888,359.561676,11.2718925,-0.010019,-0.065459
2M17025172-2237091,1.409201,359.888153,11.503809,0.08702254,0.29959
2M17025197-2207133,6.407247,0.300612718,11.7964954,0.022432,-0.42348
2M17025210-2158442,5.120824,0.41782847,11.879178,-0.198498,-1.0124
2M17025216-2133497,1.949107,0.761602283,12.1226244,-0.0008840114,0.19627
2M17025280-2149551,7.511294,0.541040599,11.9632807,0.05421197,-0.29406
2M17025468-2137090,2.545621,0.721611083,12.082263,0.01925498,0.13206
2M17025503-2206426,0.5480958,0.3147493,11.7919779,-0.03392849,-0.024299
2M17025675-2154543,4.696977,0.481430084,11.9021406,0.272102,0.2887
2M17025695-2211040,2.355052,0.259184003,11.743288,-0.185008,-0.45534
2M17025703-2214449,0.5738208,0.20866777,11.7069731,-0.01898348,-0.077884
2M17025844-2220319,1.178667,0.132305995,11.6459064,0.09682253,0.25595
2M17025872-2257514,9.098299,359.619934,11.2787647,-0.09830797,-0.62045
2M17025929-2134290,6.016443,0.769127011,12.0938616,-0.143278,-0.37895
2M17030070-2259360,1.788515,359.600555,11.2555122,0.0569321,0.065501
2M17030142-2128211,0.4398735,0.858786464,12.147049,0.06709722,0.093115
2M17030589-2155159,0.6841649,0.497669578,11.8700056,0.1113505,0.13994
2M17030597-2219202,7.882172,0.166185498,11.6341429,-0.185418,-0.46701
2M17030623-2246150,5.747787,359.796631,11.3694258,0.379882,0.41143
2M17030672-2255556,7.870774,359.664856,11.2729187,-0.206948,-0.69675
2M17030783-2229476,8.070623,0.0265787523,11.5258713,-0.132478,-0.75642
2M17030856-2237308,0.6340969,359.922119,11.4478893,-0.05695549,-0.047782
2M17030891-2153509,7.670803,0.524203539,11.8744135,-0.198948,-0.62377
2M17030947-2216286,1.24963,0.213655233,11.6512423,-0.1564875,-0.10963
2M17031102-2144426,5.099117,0.655173421,11.9571218,-0.215838,-0.58421
2M17031197-2205429,5.713736,0.367700309,11.748764,-0.06546798,-0.46236
2M17031212-2256447,1.807588,359.666046,11.2481375,0.119761,-0.040413
2M17031337-2217207,8.707668,0.210726976,11.6305599,0.204722,-0.65739
2M17031351-2237257,3.590966,359.934692,11.433342,0.220962,0.30922
2M17031399-2153080,8.346085,0.545822501,11.8655148,-0.159108,-0.90949
2M17031578-2233431,4.621591,359.990967,11.4626389,-0.0129518,-0.0095062
2M17031584-2158306,2.130589,0.475960672,11.8071594,-0.038618,-0.162
2M17031623-2238369,3.734365,359.924683,11.4132423,-0.04236799,-0.38203
2M17031762-2239423,6.549685,359.912872,11.3982534,-0.100804,-0.012404
2M17031868-2152123,1.706739,0.569506228,11.8598948,0.170132,0.13916
2M17031951-2155262,0.9589044,0.526849449,11.8256903,-0.01784448,0.12527
2M17031980-2203254,2.794739,0.417413652,11.7467136,-0.015818,-0.14442
2M17032132-2234278,6.004505,359.9935,11.4381123,0.024666,0.041621
2M17032185-2238356,0.6081589,359.937927,11.3959913,-0.03420148,-0.084376
2M17032205-2206073,0.9874722,0.385418802,11.7132864,0.175082,0.32066
2M17032255-2248426,2.40317,359.800476,11.2946119,0.05584198,0.28764
2M17032374-2216505,4.808773,0.24162595,11.6031475,-0.109538,-0.49142
2M17032393-2256097,8.521462,359.701263,11.2172461,-0.07102801,-0.21916
2M17032435-2132584,10.70486,0.848152816,12.0298901,-0.2301381,-0.68846
2M17032567-2220280,1.393374,0.196186736,11.5616207,-0.03738803,-0.35467
2M17032602-2152442,0.9174317,0.579174817,11.831706,0.04186499,0.020303
2M17032937-2244458,8.849991,359.870453,11.3121262,-0.2803079,-0.65499
2M17032969-2249034,3.364012,359.812164,11.2690544,-0.04542799,-0.16083
2M17032978-2258023,4.258424,359.688995,11.1806803,-0.142181,-0.051827
2M17033016-2230372,4.561645,0.0667793602,11.4482412,-0.01366802,-0.13625
2M17033142-2239301,1.663736,359.94751,11.3573065,0.112912,0.26895
2M17033229-2153026,6.903673,0.589463949,11.8090563,-0.08765799,-0.52927
2M17033289-2201286,7.882514,0.474527389,11.7248116,-0.04429799,-0.27605
2M17033361-2254246,9.052448,359.74762,11.2043829,-0.100428,-0.93947
2M17033383-2130428,0.5417198,0.901380479,12.0221529,0.04212452,-0.090712
2M17033384-2228182,1.272645,0.107162081,11.4594555,0.01264051,0.014152
2M17033456-2131596,4.545119,0.885365963,12.0073776,-0.161368,-0.70512
2M17033525-2221302,3.653222,0.204029202,11.5216026,0.01628199,-0.34232
2M17033526-2146101,7.632158,0.691201568,11.866888,-0.08822802,-0.49915
2M17033639-2135339,6.760694,0.840259731,11.966795,0.020642,0.21063
2M17033647-2211444,0.8078664,0.341312528,11.6132936,-0.0383175,-0.38665
2M17034147-2251451,0.879569,359.802246,11.206049,0.05918051,-0.030118
2M17034338-2206371,1.531329,0.427881271,11.6417284,0.069482,0.20187
2M17034407-2255412,1.915994,359.75415,11.1594095,-0.120558,-0.14527
2M17034534-2228089,1.267984,0.135816902,11.4251194,-0.06028748,-0.44944
2M17034643-2218371,1.46286,0.269573331,11.5149288,-0.099848,-0.18046
2M17034667-2247204,2.188713,359.874847,11.2331352,0.05644199,0.21631
2M17034668-2219075,6.917689,0.263141364,11.5092068,0.032787,0.17425
2M17034689-2237270,6.637022,0.0113851056,11.3292561,-0.166698,-0.786
2M17034695-2149284,1.313235,0.672651768,11.7979784,0.014477,0.11406
2M17035213-2251242,2.176935,359.831573,11.1763439,0.03253999,0.017114
2M17035382-2202583,8.199057,0.502266645,11.6446991,-0.04659796,-1.2092
2M17035419-2232564,6.010846,0.0902504846,11.3506565,-0.2262981,-1.1814
2M17035550-2148185,5.286126,0.708512664,11.7825022,-0.171888,-0.69318
2M17035618-2211242,1.277526,0.391489565,11.5549765,0.07253253,0.35941
2M17035626-2215292,7.241224,0.335396051,11.5148382,-0.03616801,-0.26382
2M17035710-2251492,0.7114325,359.83725,11.1568441,0.1008525,0.26315
2M17040008-2152108,8.282818,0.665648282,11.7303782,-0.217648,-0.64593
2M17040055-2248303,5.991058,359.890778,11.1785498,-0.150078,-0.78392
2M17040308-2200464,6.20044,0.553999841,11.6371603,-0.186928,-0.83447
2M17040437-2245586,1.060036,359.934326,11.1914368,0.114282,0.20962
2M17040634-2249396,7.258688,359.888184,11.1492786,-0.09392801,-0.47127
2M17040645-2231495,6.098669,0.133816555,11.3233738,-0.09623802,-0.60084
2M17040725-2142508,2.147202,0.811101317,11.7988834,0.128012,0.19989
2M17040742-2237057,10.25158,0.0635181665,11.2688332,0.150642,-0.55982
2M17040758-2145322,7.524829,0.774716377,11.7716093,-0.248098,-0.7074
2M17040785-2209353,3.318857,0.443440616,11.5362072,-0.04841802,-0.28561
2M17040821-2136425,7.166293,0.898147345,11.8556356,-0.2094581,-0.59167
2M17040873-2141163,7.649673,0.836274326,11.8095646,-0.172898,-0.66742
2M17040873-2141163,7.649673,0.836274326,11.8095646,-0.181778,-0.6244
2M17040921-2232588,6.706263,0.124285109,11.3034678,-0.001827009,-0.015391
2M17040978-2148132,2.411029,0.74272269,11.7385635,-0.04943803,0.27788
2M17041170-2201233,4.083145,0.565390766,11.6041689,-0.123998,-0.55908
2M17041301-2201135,4.370293,0.570693016,11.6016483,-0.04891801,-0.44756
2M17041543-2247095,6.131834,359.943481,11.1454849,-0.145388,-0.31459
2M17041599-2232411,1.384145,0.143945947,11.2852097,0.08443252,-0.11138
2M17041923-2232565,5.237318,0.147879332,11.2725973,-0.02719802,-0.37027
2M17042058-2206101,0.9086992,0.519958973,11.5297384,0.08726299,0.12711
2M17042063-2246073,6.417715,359.969696,11.1394167,-0.02950802,-0.38761
2M17042091-2154490,1.277316,0.677363753,11.6393623,0.019522,0.13322
2M17042096-2159236,8.553051,0.614307046,11.5945883,-0.4236981,-1.1494
2M17042138-2201194,5.283362,0.588630259,11.5744762,0.06164199,-0.12832
2M17042373-2145573,15.25518,0.806248367,11.7168388,-0.189378,-0.67696
2M17042403-2225019,8.9279,0.267862111,11.3348904,-0.141678,-0.53939
2M17042567-2238044,0.3646475,0.0920436159,11.2023993,-0.001642484,-0.054285
2M17042584-2201224,7.668274,0.598225653,11.56003,-0.08407795,-0.51573
2M17042690-2212598,5.725722,0.440346867,11.4433632,0.02732199,-0.28943
2M17042717-2219438,6.897632,0.348153234,11.3768206,-0.07873797,-0.91916
2M17043072-2231303,8.105577,0.194072783,11.2508211,-0.238898,-1.3629
2M17043122-2217542,8.390761,0.382646978,11.3819981,-0.08891797,-0.51152
2M17043142-2221239,8.896525,0.334919214,11.3472919,-0.310608,-0.77929
2M17043371-2212322,35.50099,0.462363422,11.4265528,-0.3035979,-1.2331
2M17043498-2236155,0.8984269,0.138416886,11.191124,0.08522251,0.13491
2M17043533-2150008,4.38536,0.776950002,11.6408806,-0.09928802,-0.30686
2M17043644-2243038,1.929559,0.0480881371,11.1200914,0.007033996,-0.093912
2M17043710-2220366,3.120364,0.35885784,11.3372126,0.115802,0.17542
2M17043768-2228406,0.8873832,0.249039307,11.2566881,0.0856135,0.14463
2M17043873-2233500,1.103064,0.180433661,11.203104,0.152472,0.14372
2M17043951-2240019,10.0822,0.0968485847,11.1401596,-0.03685802,-0.72124
2M17044272-2241406,9.18671,0.0815901533,11.1141062,-0.129598,-1.0979
2M17044344-2223018,1.511945,0.340078115,11.2938251,0.1383225,0.34232
2M17044636-2224272,6.17332,0.327195168,11.2707949,-0.1627681,-0.85493
2M17044784-2233346,7.756915,0.204869568,11.1771898,-0.207348,-0.71025
2M17045212-2222250,8.58392,0.368481994,11.2726526,-0.1956781,-0.61585
2M17050026-2203058,7.212512,0.653722227,11.4353342,0.009541988,-0.28215
2M17050176-2158394,1.513093,0.718468308,11.4738226,0.1622325,0.3226
2M17050176-2226125,6.782525,0.338366836,11.2055769,-0.111438,-0.472
2M17051237-2208438,0.7929806,0.603795826,11.3425741,-0.08707747,-0.32484
2M17051696-2210143,10.07808,0.593545079,11.3135099,-0.293208,-0.94129
2M16504419-2115080,2.643792,359.287262,14.5749683,0.05642699,0.0917
2M16505508-2122512,1.467106,359.208099,14.4633274,0.03827899,0.030889
2M16505794-2118004,1.913847,359.281372,14.5034838,0.06949299,0.073887
2M16505887-2110128,7.882575,359.390381,14.57936,-0.130438,-0.65559
2M16510169-2054239,3.755208,359.614075,14.7302408,-0.105978,-0.38704
2M16510218-2042165,6.203193,359.781677,14.850915,-0.226998,-1.1637
2M16511340-2115560,5.534295,359.347351,14.4766912,-0.01137799,-0.32387
2M16512005-2121204,3.495211,359.289459,14.4015656,-0.05093804,-0.4624
2M16512053-2128454,1.4966,359.189148,14.3251534,-0.06618798,-0.4189
2M16512648-2120249,6.938543,359.317719,14.3910456,-0.1405579,-0.98434
2M16512761-2118397,6.454263,359.344482,14.405242,-0.06316799,-0.73588
2M16512785-2032306,2.251443,359.978455,14.8694201,-0.05246797,-0.40062
2M16512825-2130303,3.860254,359.18396,14.2837067,0.015672,-0.34254
2M16513009-2104348,0.6907403,359.543488,14.539609,0.052603,0.11267
2M16513073-2042061,1.309718,359.853577,14.763978,-0.168958,-0.62057
2M16513725-2121198,3.647943,359.331329,14.3485479,-0.100088,-0.51602
2M16513999-2031469,9.725513,0.0180008393,14.838974,-0.157438,-0.99556
2M16514432-2139527,5.435635,359.094696,14.1394835,-0.113498,-0.7731
2M16514474-2124541,1.45568,359.300568,14.2893839,0.002141997,-0.2307
2M16514646-2127071,5.229639,359.274445,14.2616949,-0.257458,-0.97924
2M16515818-2055562,1.499843,359.730286,14.5395632,-0.012738,-0.11529
2M16520386-2143081,2.835541,359.097412,14.0464296,-0.100408,-0.56226
2M16520621-2024095,1.57154,0.186705172,14.8337803,-0.05934799,-0.62808
2M16521217-2054446,0.7637779,359.780579,14.5081444,-0.1180175,-0.05824
2M16521283-2141076,1.997514,359.146576,14.0390377,-0.02941801,-0.20437
2M16521627-2144457,0.5886846,359.105164,13.9917679,0.3315787,-0.17049
2M16521950-2018396,2.804242,0.294718862,14.8474483,0.06445199,0.30215
2M16521998-2056579,4.923111,359.768982,14.4615879,-0.161498,-1.3607
2M16522791-2109254,1.668327,359.617218,14.3117476,0.032272,0.16162
2M16522941-2130126,7.451997,359.335999,14.0979204,0.02249159,-0.0082996
2M16523498-2134174,6.616268,359.293579,14.0396395,-0.08026803,-0.7008
2M16524666-2132371,0.7748479,359.344635,14.0203953,-0.09875801,-0.19718
2M16524704-2118351,6.685369,359.537811,14.1603708,-0.2607981,-1.0184
2M16524802-2017420,1.332771,0.377212316,14.7679615,0.05858199,0.11423
2M16524831-2114395,3.189016,359.594757,14.1958904,-0.04661801,-0.27552
2M16524873-2036535,5.148734,0.114594676,14.5735731,-0.214098,-1.4196
2M16525268-2028465,5.907505,0.235892683,14.6425505,-0.116408,-0.67648
2M16525338-2054156,2.384158,359.886993,14.3849792,0.09355199,0.315
2M16525628-2103217,2.567561,359.769043,14.2846489,0.07538199,0.16618
2M16525817-2119521,7.705093,359.547089,14.1130228,-0.111708,-0.5798
2M16525916-2023428,1.360649,0.321334779,14.6729641,0.07286599,0.11667
2M16525998-2122338,1.648159,359.514526,14.0803223,-0.04745801,-0.14829
2M16530229-2029322,4.157975,0.248700291,14.6049328,-0.09215796,-0.60377
2M16530341-2040255,6.216623,0.101526305,14.492424,-0.04275802,-0.35844
2M16530556-2037244,5.35768,0.148240373,14.5159712,-0.1061381,-0.70306
2M16530561-2129431,2.994265,359.430054,13.9910069,0.06187599,-0.031672
2M16530812-2022446,2.487121,0.356428146,14.6546726,0.102082,0.24666
2M16531384-2027542,1.994238,0.299146473,14.5852308,0.001080992,0.030206
2M16531689-2018228,2.486259,0.437811822,14.6708899,-0.124328,-0.66609
2M16531836-2143281,5.645629,359.272461,13.8133259,-0.06780797,-0.70392
2M16531887-2023468,5.328384,0.368148476,14.6107187,-0.063668,-0.21167
2M16531904-2118384,3.102577,359.614288,14.0607185,-0.05377799,-0.42174
2M16531925-2052212,1.652958,359.975769,14.3236322,0.09250198,0.13368
2M16532181-2149334,2.338393,359.197479,13.7414436,-0.060458,-0.31806
2M16532800-2153248,4.640435,359.159576,13.683588,-0.020028,-0.30316
2M16533074-2145109,9.796424,359.278778,13.7579126,-0.127828,-0.93057
2M16533258-2152360,2.750753,359.181702,13.6776457,-0.121618,-0.63484
2M16533307-2018426,4.521266,0.472409695,14.6169548,-0.03568801,-0.2692
2M16533682-2140496,2.426258,359.353027,13.782896,-0.221078,-0.72422
2M16534040-2013535,2.946205,0.556623816,14.6420937,-0.08482802,-0.66561
2M16534075-2021044,5.386674,0.458398372,14.5693302,-0.07928801,-0.698
2M16534238-2100238,1.918708,359.92099,14.1711397,0.053072,0.016906
2M16534246-2011124,1.880782,0.598654449,14.6624184,0.213012,0.27402
2M16534323-2042134,0.592483,0.173002884,14.3503122,-0.1396235,-0.096504
2M16534992-2118385,0.2533778,359.688599,13.9649305,-0.1028675,-0.35963
2M16535088-2058337,1.285262,359.966705,14.1630774,0.151695,0.090257
2M16535153-2116429,5.317523,359.718933,13.9792576,-0.05732805,-0.5566
2M16535300-2017014,2.462703,0.543853581,14.571413,0.104412,0.11999
2M16535420-2029180,2.619149,0.377477705,14.4451714,-0.030908,-0.16337
2M16535643-2119501,1.082889,359.687897,13.9327879,0.003700987,0.076957
2M16535944-2042146,1.798277,0.211825982,14.2995567,-0.10276,0.031662
2M16540291-2050275,2.706423,0.10712184,14.206646,-0.09255803,-0.3006
2M16540334-2145369,0.6575403,359.351105,13.6528759,0.1104375,-0.06281501
2M16540350-2104133,5.598737,359.919281,14.0671902,-0.146078,-0.72986
2M16540453-2141276,1.458374,359.410858,13.6908932,0.032432,0.19315
2M16540723-2120090,1.079439,359.709534,13.8961411,-0.054306,0.14615
2M16540926-2135236,1.564525,359.505341,13.7370996,0.069252,-0.2197
2M16541023-2013130,3.239017,0.638035297,14.5553627,-0.07358801,-0.21434
2M16541314-2136326,1.162804,359.498871,13.7135744,-0.002530005,-0.032988
2M16541362-2155114,1.373162,359.244659,13.5250273,0.019692,-0.32874
2M16541619-2042461,5.355042,0.244957134,14.2420378,-0.114958,-0.7435
2M16541820-2123454,2.074591,359.686371,13.826004,-0.06579798,-0.33283
2M16541887-2110152,5.364175,359.873383,13.9590521,0.05986199,-0.27048
2M16542589-2029348,5.092566,0.450012684,14.3432837,0.034502,-0.43664
2M16542896-2055214,4.368193,0.102417506,14.0765209,-0.177338,-0.87396
2M16543290-2145488,1.821249,359.41922,13.5595484,-0.028458,-0.31327
2M16543342-2143421,5.239033,359.449402,13.5790825,-0.118738,-0.61703
2M16543368-2013026,4.978146,0.696974277,14.4835587,0.200012,0.36519
2M16543413-2038321,2.012028,0.346448451,14.2282515,-0.04592802,-0.19596
2M16543483-2051339,5.396712,0.168695658,14.0960846,-0.07571799,-0.54924
2M16544299-2121318,0.4752649,359.776398,13.7713671,0.030642,-0.26186
2M16544348-2143531,5.788985,359.470978,13.5461378,0.05386199,-0.1732
2M16544392-2039158,2.549177,0.359963953,14.1904039,-0.05749801,-0.21105
2M16544581-2128407,3.347227,359.685059,13.6911144,-0.07997799,-0.51433
2M16544668-2025324,1.494567,0.555827796,14.3184519,0.07033198,0.1668
2M16544838-2111517,1.757143,359.922119,13.8512449,-0.011801,-0.041917
2M16545068-2046102,6.085899,0.281057656,14.1004448,-0.2125981,-1.2857
2M16545111-2117065,1.09326,359.856567,13.790349,0.270212,0.38359
2M16545337-2113338,3.212928,359.910675,13.8187399,-0.182058,-0.4536
2M16545453-2039167,5.693379,0.385239512,14.1571026,-0.127478,-0.67309
2M16545459-2105353,0.9190542,0.0232343934,13.8945599,-0.02072801,-0.23436
2M16545953-2129310,3.692876,359.70639,13.6401863,-0.01950601,-0.099472
2M16545993-2115134,2.151473,359.903595,13.781764,0.319082,0.29474
2M16550393-2056183,0.6270652,0.173332945,13.9580612,-0.3931745,-0.081363
2M16550431-2122321,6.28934,359.81369,13.6951027,-0.01415801,-0.31001
2M16550507-2019183,1.316534,0.686119378,14.3228188,0.127072,0.31756
2M16550588-2010086,0.570514,0.814616919,14.4113207,0.0606725,0.054268
2M16550657-2149443,1.87207,359.445953,13.4161167,0.115772,0.21597
2M16550737-2020306,4.065172,0.675014257,14.3036442,0.01575199,-0.17988
2M16550822-2035130,5.790797,0.474134386,14.1547365,0.02659202,-0.28826
2M16550874-2132085,7.285648,359.692383,13.5853901,-0.2150979,-1.0973
2M16551387-2114027,0.6428464,359.953186,13.7501602,0.051001,0.035788
2M16551608-2111322,0.8794884,359.99295,13.7683201,0.09023197,0.15982
2M16551610-2039362,2.386235,0.432560861,14.0864162,-0.122808,-0.54464
2M16551636-2046276,1.88099,0.338709503,14.0173531,-0.072808,-0.43734
2M16552003-2042004,0.6160815,0.408887804,14.05019,0.001001999,-0.13228
2M16552319-2107229,7.886753,0.0671132654,13.7876015,-0.244298,-1.2235
2M16552334-2016528,2.138804,0.763531506,14.2895947,-0.04569802,-0.28961
2M16552452-2013270,3.716622,0.813729107,14.3199472,-0.03093797,-0.37751
2M16552475-2050108,0.9798374,0.307571918,13.9541054,0.02197699,-0.071245
2M16552611-2035155,2.32453,0.51651907,14.0983,0.175322,0.27365
2M16552831-2120043,1.62341,359.904907,13.6451473,0.182032,0.18117
2M16552894-2139026,1.135861,359.645996,13.4537697,-0.01033181,0.0050638
2M16553151-2129051,8.6037,359.788788,13.5452375,-0.007257998,-0.5195
2M16553339-2127562,6.662702,359.809021,13.5508709,-0.119558,-0.70475
2M16553444-2015158,7.589884,0.812523484,14.2707968,-0.05163801,-0.45913
2M16553468-2153086,8.471794,359.46637,13.2950687,-0.183048,-0.74315
2M16553686-2100599,7.486956,0.187655851,13.8085947,-0.06338799,-0.65951
2M16553839-2050442,3.059386,0.332579821,13.9059687,-0.007669002,-0.067379
2M16554165-2103051,2.436018,0.170382932,13.7728901,0.01938,-0.024108
2M16554468-2143362,5.39923,359.620972,13.3594341,-0.08561802,-0.6048
2M16554726-2112011,6.606424,0.0609034672,13.6664572,0.01309201,-0.34536
2M16554728-2149075,7.311208,359.551453,13.2962513,-0.09057796,-0.64332
2M16554770-2057452,1.02222,0.25825581,13.807065,0.1448125,-0.45607
2M16555119-2016184,2.661543,0.838296711,14.2078285,0.165562,0.38349
2M16555137-2027587,3.492939,0.677526474,14.091486,0.03482,-0.023988
2M16555190-2033021,3.495596,0.608991206,14.0396299,-0.08862799,-0.52015
2M16555205-2116082,8.774211,0.0157108251,13.610507,-0.205778,-0.95242
2M16555319-2108298,3.922949,0.123512074,13.6830425,0.05370509,-0.0035541
2M16555445-2044315,1.880821,0.456631452,13.9175129,0.04185699,-0.073835
2M16555510-2152142,7.133406,359.527405,13.2409477,-0.152538,-0.70706
2M16555600-2124043,1.510039,359.916107,13.5191326,0.008130994,0.037554
2M16555627-2119192,3.396491,359.982025,13.5656433,0.056622,-0.29098
2M16560193-2043089,4.527816,0.49352026,13.9077749,-0.123268,-0.79953
2M16560285-2014300,5.878979,0.89123106,14.1891108,-0.049878,-0.51209
2M16560314-2151157,3.099262,359.559937,13.2257977,0.09973198,0.27989
2M16560404-2149045,1.19936,359.592041,13.2448263,-0.02752401,-0.048684
2M16560431-2056109,6.790617,0.319602996,13.7708387,0.02503198,-0.32797
2M16560680-2053524,7.130785,0.357348502,13.7859917,-0.1372981,-1.0306
2M16560911-2131026,1.31036,359.851593,13.4089317,0.06089424,0.0005197497
2M16561320-2133137,0.1748473,359.831299,13.3744497,0.06304551,-0.071203
2M16562060-2051412,0.621415,0.420436829,13.7645798,0.1291225,-0.64852
2M16562337-2039050,3.28555,0.600849211,13.8809948,-0.07503802,-0.3983
2M16562543-2103443,2.361078,0.26595518,13.6298075,0.03044199,0.065507
2M16562740-2139137,2.283189,359.782715,13.2705603,-0.03236501,-0.077143
2M16562757-2105075,0.70292,0.251972646,13.6093426,-0.07513189,-0.0084856
2M16563329-2140249,2.708255,359.780457,13.2404556,-0.032616,-0.013952
2M16563534-2034108,4.745824,0.697132647,13.8920555,-0.05097802,-0.2091
2M16563734-2137023,6.160971,359.836395,13.2615185,-0.06237799,-0.52534
2M16563828-2135481,1.959087,359.855621,13.2709122,0.103102,0.22494
2M16564014-2048170,8.579057,0.514023304,13.737216,-0.233098,-1.0723
2M16564083-2113557,0.1354597,0.162408322,13.480505,-0.01712448,0.028977
2M16564188-2029566,2.257943,0.771263659,13.9135056,-0.05344801,-0.14127
2M16564223-2108420,1.102291,0.237688884,13.5280647,-0.04128802,-0.42995
2M16564342-2052105,1.856026,0.468171358,13.6883678,-0.117928,-0.46014
2M16564370-2057066,7.288793,0.400841117,13.6385288,-0.334398,-1.4042
2M16564581-2028110,4.466797,0.804964125,13.918601,-0.010528,-0.30515
2M16564620-2041436,2.37875,0.618910432,13.7832298,-0.161598,-0.54047
2M16564777-2118494,2.676961,0.111558057,13.4102221,-0.125368,-0.35823
2M16564887-2042562,2.769755,0.608600795,13.7628822,0.04190793,-0.0009069401
2M16565048-2113050,6.884696,0.196984544,13.4587946,-0.04318798,-0.545
2M16565101-2138037,9.210648,359.854858,13.2088728,-0.03654796,-0.54404
2M16565334-2056198,1.94705,0.4345662,13.6161175,0.009951979,-0.32755
2M16565354-2133429,7.043473,359.920563,13.2442245,-0.08021802,-0.64981
2M16565676-2140538,2.84019,359.829559,13.1627665,-0.110638,-0.65374
2M16570259-2125112,2.452028,0.0592868626,13.3008432,0.03112099,0.065148
2M16570712-2037117,2.373818,0.731339097,13.7625208,0.198132,0.33108
2M16570728-2035233,9.338409,0.756690681,13.7798929,-0.2296981,-1.6376
2M16571557-2025548,5.485495,0.907348633,13.8475304,-0.04834801,-0.46485
2M16571925-2117573,6.299635,0.198342755,13.3206911,-0.041228,-0.42551
2M16572150-2107408,2.622274,0.345178932,13.4155626,-0.121518,-0.36306
2M16572599-2126502,2.918209,0.0921439826,13.2115698,-0.05392802,-0.39255
2M16572711-2102498,11.97397,0.425327718,13.4460659,-0.333298,-1.1027
2M16572807-2049553,6.417334,0.605587602,13.5708809,-0.290298,-1.1279
2M16572979-2134276,0.9517119,359.996338,13.1240673,-0.05459902,-0.083599
2M16573282-2118117,1.566376,0.227251545,13.2759705,-0.08131799,-0.32704
2M16573483-2133036,0.3711292,0.027543515,13.1222582,-0.01833349,0.12755
2M16573691-2034156,2.895684,0.842847347,13.6979856,0.04652999,0.11624
2M16573836-2113068,7.175141,0.310373425,13.3090515,-0.091618,-0.50977
2M16573846-2131592,2.298461,0.0508909374,13.1216059,-0.00854601,-0.070122
2M16573941-2104337,0.4883808,0.430670828,13.3904781,0.04355252,-0.23209
2M16574140-2035243,2.395947,0.837725759,13.6725817,-0.064798,-0.34384
2M16574516-2130195,6.972281,0.0896169394,13.1172285,-0.04474798,-0.44631
2M16574613-2053419,7.411372,0.59641242,13.4769325,-0.3229979,-1.33
2M16574851-2106155,5.873606,0.428881794,13.3452244,-0.414898,-1.2593
2M16575490-2121279,5.378315,0.234594896,13.1746712,0.01175201,-0.40696
2M16575705-2059087,0.6752727,0.547220886,13.3888426,-0.09078547,-0.094502
2M16575825-2112077,1.479792,0.371110588,13.2566452,-0.02955809,0.0009400798
2M16575869-2051227,5.244067,0.658247828,13.4604893,-0.118318,-0.50302
2M16580249-2109182,2.154546,0.420065165,13.2713518,-0.150238,-0.49947
2M16580275-2119263,7.314707,0.28107217,13.1702299,-0.223358,-0.92124
2M16581140-2111389,3.031024,0.408858567,13.220293,-0.05635802,-0.24441
2M16440157-2002174,4.645357,359.289856,16.5594597,0.01341197,-0.4484
2M16440242-1951550,3.056471,359.434296,16.663065,-0.049638,-0.27279
2M16440674-1932363,12.61575,359.710571,16.8472157,-0.4823979,-1.6955
2M16440674-1932363,12.61575,359.710571,16.8472157,-0.168998,-1.7685
2M16440674-1932363,12.61575,359.710571,16.8472157,-0.2353979,-1.7537
2M16440970-2003548,0.8638181,359.287964,16.5177307,0.145692,0.32955
2M16441864-2000312,1.529374,359.356964,16.5248718,-0.06953806,-0.51789
2M16442541-2005160,2.581749,359.308807,16.4553871,0.080112,0.15857
2M16442544-1937503,2.795419,359.685577,16.7357483,0.0006119907,-0.36807
2M16442544-1937503,2.795419,359.685577,16.7357483,-0.004958034,-0.35671
2M16443283-1933358,5.853397,359.762482,16.7561073,-0.121818,-0.73347
2M16443283-1933358,5.853397,359.762482,16.7561073,-0.174098,-0.7348
2M16443564-2009246,4.703775,359.277649,16.3813782,-0.07788801,-0.58888
2M16443564-2009246,4.703775,359.277649,16.3813782,-0.145768,-0.54856
2M16443762-1950139,6.498955,359.545807,16.5713882,-0.121248,-0.97025
2M16443846-1955475,1.549973,359.471527,16.5119591,0.04602399,0.15071
2M16443927-2000415,1.479865,359.406311,16.4593544,-0.04896501,-0.023993
2M16444021-1921336,1.304286,359.946777,16.8559456,0.08733299,0.096187
2M16444021-1921336,1.304286,359.946777,16.8559456,0.062659,0.10014
2M16444021-1921336,1.304286,359.946777,16.8559456,0.06703199,0.12731
2M16444130-1944336,3.257127,359.632935,16.6179428,-0.105898,-0.41142
2M16444130-1944336,3.257127,359.632935,16.6179428,-0.09236801,-0.40446
2M16444186-2013375,2.446068,359.235443,16.3190231,-0.105468,-0.49267
2M16444243-2003361,5.1426,359.374298,16.4198494,-0.280398,-1.3307
2M16444565-2016454,0.5656433,359.201996,16.2752953,0.197612,0.28334
2M16445165-1941090,0.3333104,359.705811,16.6206322,-0.02461749,-0.2238
2M16445207-1922561,1.448802,359.957581,16.805048,-0.02783799,-0.40143
2M16445207-1922561,1.448802,359.957581,16.805048,-0.045908,-0.41374
2M16445377-1955549,1.289387,359.508209,16.4633312,0.09508198,0.20058
2M16451812-2023087,0.9396651,359.195587,16.1097794,0.02465799,0.028269
2M16452121-2012294,1.628309,359.349335,16.2091618,0.05292099,0.10542
2M16452371-2027239,7.360065,359.151276,16.0490379,-0.06667799,-0.52269
2M16452480-2023095,2.832059,359.212067,16.0890446,-0.120758,-0.46947
2M16453517-2018353,1.379546,359.300568,16.103714,0.05115199,0.17948
2M16453807-2012088,12.74522,359.396088,16.1605549,-0.209098,-1.2449
2M16453924-1936258,1.59449,359.889862,16.5209656,0.09228198,0.20259
2M16453924-1936258,1.59449,359.889862,16.5209656,0.074402,0.18877
2M16454412-2031028,1.690005,359.152191,15.9488192,0.02418199,-0.17719
2M16454568-2006228,3.308758,359.494202,16.1958809,-0.182688,-0.71891
2M16454689-1950047,2.385901,359.721161,16.3582458,-0.046738,-0.47254
2M16454689-1950047,2.385901,359.721161,16.3582458,-0.08080801,-0.45364
2M16454825-2008594,3.680916,359.464813,16.1612911,-0.07553601,-0.032042
2M16454991-2029238,2.083573,359.189178,15.9478197,0.017233,0.055242
2M16454991-2029238,2.083573,359.189178,15.9478197,0.04875599,0.022783
2M16455281-1903565,5.952451,0.371920377,16.8086681,-0.05305797,-0.51081
2M16455281-1903565,5.952451,0.371920377,16.8086681,-0.03467798,-0.55131
2M16455281-1903565,5.952451,0.371920377,16.8086681,-0.125808,-0.51245
2M16455378-1939443,5.255285,359.880615,16.4421005,-0.290998,-1.1694
2M16455378-1939443,5.255285,359.880615,16.4421005,-0.3523979,-1.1871
2M16455465-2030002,4.905833,359.192657,15.9270105,-0.059778,-0.49756
2M16455540-1935527,2.26279,359.937805,16.4763336,0.05054199,-0.029626
2M16455540-1935527,2.26279,359.937805,16.4763336,0.057891,-0.067009
2M16455690-1937588,3.187618,359.912628,16.4502945,-0.107318,-0.30993
2M16455690-1937588,3.187618,359.912628,16.4502945,-0.09959799,-0.30746
2M16455959-1918285,4.234747,0.188187718,16.64007,-0.1988081,-0.93239
2M16455959-1918285,4.234747,0.188187718,16.64007,-0.223538,-0.94336
2M16455959-1918285,4.234747,0.188187718,16.64007,-0.191218,-0.93118
2M16455989-2038420,4.436693,359.086639,15.8220062,-0.08103803,-0.32815
2M16460334-2009286,6.303904,359.495728,16.1096363,-0.104218,-0.69116
2M16460428-2013226,2.790331,359.444519,16.0669785,-0.08166802,-0.39698
2M16460506-2024532,0.4012098,359.288635,15.947156,0.07520252,0.24001
2M16460515-1955448,3.282187,359.688782,16.2439098,-0.040912,-0.018906
2M16460616-2031006,3.989524,359.207489,15.8812389,-0.173228,-0.68602
2M16460820-2033368,0.3307456,359.176941,15.8483772,-0.002147496,-0.13986
2M16461113-2013326,1.626301,359.45932,16.0440769,-0.02776799,-0.34731
2M16461889-1952321,2.375748,359.767181,16.2339478,-0.178898,-0.66966
2M16461889-1952321,2.375748,359.767181,16.2339478,-0.110378,-0.68792
2M16462142-2016082,1.624979,359.44931,15.9858274,0.02000799,0.022435
2M16462319-2008510,5.61894,359.553711,16.0545673,-0.049988,-0.33027
2M16462369-1951157,1.936784,359.796631,16.2319946,0.09760198,0.31555
2M16462369-1951157,1.936784,359.796631,16.2319946,0.170772,0.30394
2M16462515-1903595,1.898574,0.45205602,16.7070484,-0.058718,-0.2859
2M16462515-1903595,1.898574,0.45205602,16.7070484,-0.050358,-0.28602
2M16462525-1953450,3.707748,359.766296,16.2018585,-0.024858,-0.61127
2M16462525-1953450,3.707748,359.766296,16.2018585,-0.06007802,-0.58633
2M16462544-2019152,2.031667,359.416534,15.941638,0.007052004,-0.35762
2M16464058-1959075,0.6142073,359.73056,16.0996246,0.1563925,-0.15233
2M16464208-1952212,1.767915,359.827393,16.1637993,0.07596499,-0.048327
2M16464208-1952212,1.767915,359.827393,16.1637993,0.000302989,-0.011871
2M16464597-1911003,2.701682,0.407096684,16.5709457,-0.184108,-0.652
2M16464597-1911003,2.701682,0.407096684,16.5709457,-0.132898,-0.664
2M16464629-1909440,3.491086,0.425473124,16.582798,-0.06829801,-0.33403
2M16464629-1909440,3.491086,0.425473124,16.582798,-0.060298,-0.34565
2M16464698-2025545,7.676171,359.378784,15.8072424,0.160898,0.063834
2M16464744-2015207,10.27944,359.524811,15.9133501,-0.2189978,-1.988
2M16464784-2023051,1.661503,359.419617,15.8333292,0.05851199,0.10907
2M16465787-1942113,10.22766,0.00657562725,16.2178555,-0.1613979,-1.2244
2M16465820-1910075,1.800661,0.449750721,16.5416012,-0.042358,-0.10123
2M16465820-1910075,1.800661,0.449750721,16.5416012,-0.062818,-0.10466
2M16470282-2011170,1.630052,359.618713,15.9070387,0.05391429,-0.0072083
2M16470478-1952425,1.978468,359.878937,16.0896397,-0.140878,-0.15617
2M16471165-2021146,5.118728,359.503876,15.7784452,-0.03952801,-0.32056
2M16471347-1955202,0.2959113,359.864349,16.0359612,0.005922511,-0.14757
2M16471550-2040475,0.6653178,359.245453,15.5675783,0.039789,0.089106
2M16471730-2031191,4.370279,359.3797,15.6584558,-0.08684802,-0.59674
2M16471745-1900463,0.8230208,0.627021134,16.5758362,-0.004912488,0.060694
2M16472456-2033047,2.672408,359.373566,15.6181173,-0.06375799,-0.25887
2M16472709-2016006,2.802844,359.613953,15.7838058,-0.099668,-0.28557
2M16472796-2044106,4.28235,359.229889,15.4946604,-0.187178,-0.73532
2M16473321-1934455,0.8673468,0.196760476,16.1830292,-0.06627,-0.008188
2M16473321-1934455,0.8673468,0.196760476,16.1830292,-0.04233601,-0.021452
2M16473358-2019437,0.9455808,359.578979,15.7259417,-0.06322347,-0.099154
2M16473420-2038370,3.433377,359.321442,15.5319939,-0.01820803,-0.27659
2M16473457-1907068,0.08548822,0.581888437,16.4581528,0.05693851,0.048475
2M16473796-2018252,0.1060676,359.607758,15.725646,-0.01956149,-0.064426
2M16474133-2037552,6.319254,359.348633,15.5170488,-0.106818,-0.67054
2M16474206-1905348,5.299116,0.621730268,16.4501743,-0.3488981,-1.196
2M16474210-1903375,3.934031,0.648849845,16.4697857,-0.153418,-0.64305
2M16474217-1931410,2.329882,0.261409342,16.1861744,0.02059099,-0.038039
2M16474260-2025249,2.037414,359.523224,15.6402321,-0.06098801,-0.2812
2M16474477-1917240,8.851064,0.465037376,16.3223858,-0.1930079,-0.79969
2M16474933-2022574,1.750388,359.573608,15.6443691,-0.01545501,0.027957
2M16475068-1917118,9.715308,0.482528836,16.3059464,-0.1980979,-1.0791
2M16475072-1908443,2.09371,0.59953469,16.3911819,0.01147199,-0.14806
2M16475072-1908443,2.09371,0.59953469,16.3911819,-0.007568002,-0.13972
2M16475281-2021023,0.6450754,359.608551,15.6530685,0.03190699,-0.074845
2M16475411-1942140,1.912756,0.145540968,16.0422249,0.04279199,0.20209
2M16475888-2021148,1.690429,359.620667,15.6321249,-0.048289,-0.092969
2M16480192-1938059,2.151954,0.221878171,16.0596943,0.04866199,0.20108
2M16480389-1932308,2.048083,0.303785115,16.1099682,-0.111818,-0.29135
2M16480477-1910473,1.587651,0.60607928,16.3264713,-0.03868,-0.044028
2M16480593-1930071,4.196637,0.341895908,16.1277771,-0.240098,-1.038
2M16480610-1922225,0.2965226,0.449231356,16.2054482,0.2047445,0.01793201
2M16480610-1922225,0.2965226,0.449231356,16.2054482,0.00829751,-0.024385
2M16480972-1950361,3.806132,0.0688727871,15.9089079,-0.101358,-0.59769
2M16480983-1903405,1.931219,0.717026412,16.3822842,-0.005677998,-0.23993
2M16480983-1903405,1.931219,0.717026412,16.3822842,0.002782002,-0.23048
2M16480989-2022301,5.009921,359.630615,15.5852795,-0.01545802,-0.1916
2M16481285-1918357,6.290078,0.51821214,16.222435,-0.331298,-1.541
2M16481285-1918357,6.290078,0.51821214,16.222435,-0.07899809,-1.5407
2M16481514-1857185,2.936994,0.818352759,16.4297562,0.005533993,0.086214
2M16481514-1857185,2.936994,0.818352759,16.4297562,0.02529299,0.051975
2M16481571-1859472,2.720476,0.785446048,16.4029827,-0.04276803,-0.4316
2M16481571-1859472,2.720476,0.785446048,16.4029827,-0.111188,-0.46573
2M16481689-1959438,1.218294,359.960938,15.7942591,0.144352,0.32705
2M16481827-2003590,2.689469,359.905823,15.746911,-0.108288,-0.58877
2M16482145-1930487,7.305876,0.370781302,16.0722847,-0.134078,-0.97032
2M16482145-1930487,7.305876,0.370781302,16.0722847,-0.06469798,-1.0582
2M16482306-2009129,1.51474,359.845673,15.6790504,0.08482197,0.24612
2M16482561-1942511,2.056203,0.21497035,15.9377422,0.003261991,0.10678
2M16482561-1942511,2.056203,0.21497035,15.9377422,-0.02374101,0.1115
2M16482764-2010447,6.879266,359.835938,15.6493444,-0.2153981,-1.1412
2M16482853-1912197,6.655121,0.643663287,16.2364941,-0.179208,-0.84429
2M16482853-1912197,6.655121,0.643663287,16.2364941,-0.204788,-0.82611
2M16482903-2025146,1.671518,359.640198,15.4981537,0.06238599,0.13003
2M16483049-2015092,1.798045,359.782379,15.595829,0.111822,0.29972
2M16483418-2008479,0.5827486,359.878845,15.6487246,0.1419305,-0.061611
2M16483566-2031353,0.192762,359.569427,15.4132795,0.01033852,-0.046196
2M16483679-2021282,1.420028,359.711121,15.5123281,-0.03371802,-0.32081
2M16483993-1916597,5.693664,0.607360125,16.1537399,-0.05638802,-0.46646
2M16483993-1916597,5.693664,0.607360125,16.1537399,-0.04374802,-0.46366
2M16484423-1907145,0.5883975,0.752913892,16.2384491,-0.2390275,-0.0918
2M16484849-1933128,1.647967,0.404470414,15.9635439,0.02844,0.14524
2M16484849-1933128,1.647967,0.404470414,15.9635439,0.08695699,0.11985
2M16484866-1859353,3.214287,0.869844615,16.3014946,-0.114118,-0.67815
2M16484866-1859353,3.214287,0.869844615,16.3014946,-0.104648,-0.68829
2M16485226-1903554,1.258132,0.818711638,16.2466011,-0.05286801,-0.30321
2M16485226-1903554,1.258132,0.818711638,16.2466011,-0.02815801,-0.31174
2M16485259-1919277,5.961022,0.604571521,16.0892506,0.08449199,-0.10441
2M16485259-1919277,5.961022,0.604571521,16.0892506,0.05390399,-0.085212
2M16485268-2020561,2.285364,359.757599,15.468421,0.051222,0.26011
2M16485352-1909453,4.762049,0.741105974,16.1840134,0.031932,-0.12929
2M16485352-1909453,4.762049,0.741105974,16.1840134,0.010102,-0.10523
2M16485902-1902550,2.771188,0.84938705,16.2354813,-0.089118,-0.29296
2M16490094-2029463,7.90642,359.656586,15.3533487,-0.127318,-0.84668
2M16490138-1936275,0.1110104,0.391497791,15.8905287,-0.03956747,-0.34517
2M16490374-2037157,1.310518,359.560638,15.2688169,0.122272,0.19771
2M16490532-2001338,2.443189,0.0551620163,15.6249514,-0.03136802,-0.30549
2M16490532-2001338,2.443189,0.0551620163,15.6249514,-0.01797801,-0.33506
2M16490534-1920136,4.892642,0.625502825,16.0415783,0.192012,0.30073
2M16490534-1920136,4.892642,0.625502825,16.0415783,0.236662,0.28851
2M16490842-1942456,5.655182,0.321923018,15.8050022,-0.2167981,-1.3921
2M16490842-1942456,5.655182,0.321923018,15.8050022,-0.4099981,-1.372
2M16491201-1957502,6.630812,0.122935191,15.6417532,-0.269698,-1.272
2M16491201-1957502,6.630812,0.122935191,15.6417532,-0.351398,-1.271
2M16491232-2010414,2.444324,359.946777,15.5110016,-0.154158,-0.51965
2M16491345-2008007,1.483912,359.986389,15.5345507,0.02181499,0.046852
2M16491722-2015318,2.343583,359.892273,15.4468622,-0.042908,-0.13824
2M16492613-1956376,1.603804,0.174368605,15.6099443,0.05025198,0.23904
2M16492613-1956376,1.603804,0.174368605,15.6099443,0.114672,0.22187
2M16492616-2008030,2.630513,0.0171347316,15.4945927,-0.03108799,-0.70465
2M16492772-2005361,1.494694,0.0546641164,15.5144434,-0.007018,-0.34097
2M16492772-2005361,1.494694,0.0546641164,15.5144434,-0.002168,-0.35872
2M16492899-1906572,2.447381,0.867540956,16.1007786,-0.132158,-0.4784
2M16492899-1906572,2.447381,0.867540956,16.1007786,-0.118788,-0.49794
2M16493304-2020017,5.465535,359.869293,15.3522491,-0.120968,-0.63067
2M16493657-2028146,10.63838,359.765076,15.2582808,-0.272498,-1.2851
2M16493809-1916446,1.26773,0.754469216,15.9738817,-0.008757994,-0.15332
2M16493809-1916446,1.26773,0.754469216,15.9738817,0.01244199,-0.13075
2M16493879-2017491,2.537527,359.913788,15.3566723,-0.04179101,-0.059227
2M16494016-1938319,2.596972,0.458488494,15.7483654,-0.078408,-0.43737
2M16494016-1938319,2.596972,0.458488494,15.7483654,-0.066838,-0.44937
2M16494285-2020421,3.002272,359.884094,15.3149586,0.01679197,-0.28809
2M16494286-1958368,2.875801,0.188140854,15.5377331,0.04321799,-0.042306
2M16494286-1958368,2.875801,0.188140854,15.5377331,0.006648988,-0.031397
2M16494363-1930159,1.372322,0.581176877,15.8206615,0.01730999,-0.039478
2M16494363-1930159,1.372322,0.581176877,15.8206615,0.005721988,-0.03104
2M16494494-1952041,0.8337016,0.283455074,15.5971689,-0.02416701,-0.078131
2M16494494-1952041,0.8337016,0.283455074,15.5971689,-0.02442201,-0.059476
2M16494779-1909238,5.549167,0.88007462,16.0171452,-0.131138,-0.60365
2M16494779-1909238,5.549167,0.88007462,16.0171452,-0.1253181,-0.61428
2M16494806-2014525,1.398655,359.97702,15.3575354,-0.07279804,-0.37352
2M16495476-1955558,2.242144,0.254368216,15.5276337,-0.110158,-0.45714
2M16495476-1955558,2.242144,0.254368216,15.5276337,-0.08412802,-0.45704
2M16500011-2002419,3.182643,0.174251437,15.4427614,0.01704799,0.03823
2M16500017-2004393,2.296587,0.147422016,15.4228725,-0.01337799,-0.21318
2M16500275-1958057,5.835917,0.244137704,15.4808874,-0.020318,-0.36247
2M16500275-1958057,5.835917,0.244137704,15.4808874,-0.01885799,-0.35348
2M16500450-1949497,7.509593,0.362420112,15.5586233,-0.032168,-0.49633
2M16500450-1949497,7.509593,0.362420112,15.5586233,0.003392041,-0.50625
2M16500579-1952159,2.478613,0.331974298,15.5300903,-0.01739801,-0.18246
2M16500579-1952159,2.478613,0.331974298,15.5300903,-0.05162799,-0.17991
2M16500788-2016552,5.517154,359.997498,15.2752552,-0.01039802,-0.19613
2M16500934-1931411,1.604915,0.624811649,15.725811,0.001977995,0.062671
2M16500934-1931411,1.604915,0.624811649,15.725811,0.02226799,0.044168
2M16501230-1950082,0.3714857,0.377310991,15.5311527,0.04646451,-0.042572
2M16501999-2003269,7.393411,0.212646291,15.3732166,-0.1855479,-0.75615
2M16502329-1937035,4.87414,0.584851146,15.6281424,-0.05764803,-0.46367
2M16502329-1937035,4.87414,0.584851146,15.6281424,-0.01047802,-0.49083
2M16502463-2021141,3.658808,359.979126,15.1796455,0.087775,0.11772
2M16502627-1930485,4.626014,0.678510904,15.6815434,-0.08512801,-0.55048
2M16502627-1930485,4.626014,0.678510904,15.6815434,-0.08638799,-0.54394
2M16502970-2006064,6.815783,0.199819952,15.3161564,-0.05373803,-0.48092
2M16502999-1915018,2.352579,0.905943394,15.8280487,-0.051268,-0.14391
2M16502999-1915018,2.352579,0.905943394,15.8280487,-0.028888,-0.15876
2M16503109-1958100,2.08153,0.312650532,15.3916788,-0.052348,-0.18747
2M16503560-1952522,4.947695,0.396736264,15.4308386,-0.116068,-0.6143
2M16503560-1952522,4.947695,0.396736264,15.4308386,-0.161078,-0.61166
2M16503569-1916129,3.203135,0.903547168,15.7982388,-0.237668,-0.82353
2M16503569-1916129,3.203135,0.903547168,15.7982388,-0.224238,-0.85736
2M16503884-2000565,1.466351,0.293396473,15.3395767,0.09188199,0.28435
2M16504657-1936035,4.655821,0.65576452,15.5652113,-0.128188,-0.70446
2M16504657-1936035,4.655821,0.65576452,15.5652113,-0.133288,-0.72158
2M16504672-1941043,2.042861,0.586860538,15.5144939,0.01861399,-0.093792
2M16504672-1941043,2.042861,0.586860538,15.5144939,0.030672,-0.12928
2M16504879-1921073,0.679503,0.867777944,15.7079535,-0.07831548,0.038508
2M16505316-1953197,1.601478,0.433435291,15.3712959,-0.103448,-0.31647
2M16510382-1946576,2.456545,0.547434807,15.4018555,-0.04879799,-0.28725
2M16510858-1929274,1.423271,0.800963581,15.5623093,0.029645,0.10268
2M16510858-1929274,1.423271,0.800963581,15.5623093,0.01856999,0.14042
2M16511087-2006052,2.844353,0.30080685,15.1878738,-0.063728,-0.26386
2M16511189-1955088,1.677297,0.454143137,15.294487,-0.126408,-0.17992
2M16511294-1946063,0.09584518,0.581530213,15.3818636,-0.03526849,-0.016269
2M16512320-2003525,0.5862206,0.361407608,15.1715422,-0.03982449,0.108
2M16512346-1943198,2.179941,0.645597398,15.3766975,-0.08155805,-0.66738
2M15565199-1055254,0.7149733,359.021332,31.1108646,-0.08932802,-0.26509
2M15565328-1127097,0.3181481,358.562317,30.757576,-0.1201175,-0.29861
2M15565641-1108175,2.439101,358.847076,30.955843,-0.271928,-0.69857
2M15565833-1058363,1.642862,358.99472,31.0564117,-0.02537901,0.033041
2M15570684-1054133,0.4731619,359.085663,31.0783463,-0.125998,-0.3642
2M15571652-1028065,1.620173,359.499786,31.334341,-0.041118,-0.17229
2M15571999-1139362,1.247535,358.465637,30.5385513,-0.02641802,0.25115
2M15572338-1046597,1.003424,359.243561,31.1065941,-0.04580802,-0.12757
2M15573155-1041518,4.842502,359.344604,31.1375141,-0.181318,-0.60184
2M15573790-1111589,1.516833,358.923553,30.7878075,-0.03378801,0.24265
2M15573910-1024199,3.605648,359.626373,31.3056202,-0.233568,-0.61978
2M15574462-1105460,2.461123,359.03537,30.8353577,-0.09689802,-0.68371
2M15574853-1139410,6.72206,358.553925,30.4503613,-0.253798,-1.196
2M15574917-1107376,0.200284,359.02243,30.800951,0.006662518,-0.11159
2M15575641-1143364,4.931118,358.521729,30.3829994,-0.148718,-0.54788
2M15580399-1151044,2.763015,358.437317,30.2774582,-0.1136981,-0.52166
2M15581059-1101345,2.312271,359.177948,30.8013172,-0.229848,-0.57412
2M15581064-1000305,1.865194,0.0776608586,31.4667435,0.013036,0.05855
2M15581081-1047226,3.036381,359.386658,30.9559307,-0.06127802,-0.32679
2M15581315-1156566,1.07811,358.381073,30.184721,-0.06963798,-0.26901
2M15581553-1055417,2.2481,359.27948,30.85042,-0.04990801,-0.14833
2M15581881-1123251,1.704131,358.884949,30.5364838,-0.08188802,-0.5372
2M15582123-1004316,2.174824,0.051233504,31.3901482,-0.05711802,-0.12418
2M15582138-1150042,3.279501,358.506165,30.2353783,-0.068858,-0.19031
2M15582139-1152046,1.770029,358.477173,30.2132206,-0.05537799,-0.42906
2M15582668-1203494,2.895072,358.324005,30.0674438,-0.256728,-0.33243
2M15582914-1141208,2.577761,358.656708,30.3076916,-0.06786799,-0.68224
2M15583052-1025505,2.312814,359.765167,31.1297016,-0.311318,-0.89378
2M15583102-1114218,4.691217,359.055023,30.5982628,-0.07351804,-0.59255
2M15583132-1030533,3.352826,359.693268,31.0722828,-0.047768,-0.31534
2M15583198-1036594,2.167283,359.605499,31.0037651,-0.05340002,-0.091908
2M15583278-1103226,2.947197,359.220947,30.7131462,-0.118398,-0.36946
2M15583523-1044295,0.5167277,359.505371,30.9119091,0.01039851,0.12464
2M15583945-1206386,1.892127,358.323151,29.9973373,-0.085298,-0.32264
2M15584843-1121237,2.620349,359.006836,30.4675903,-0.07946001,-0.083308
2M15584849-1101583,2.570981,359.290527,30.680048,-0.1568481,-0.72725
2M15585209-1011329,1.250607,0.0436735265,31.2178745,0.170572,0.18998
2M15590077-1050401,5.04157,359.494415,30.76548,-0.125178,-0.46739
2M15590432-1042244,3.132216,359.62677,30.844532,-0.126998,-0.62688
2M15591392-1015332,0.8993443,0.0524802767,31.1064949,-0.105758,-0.4203
2M15591449-1109055,1.066093,359.267456,30.5219765,-0.215468,-0.76313
2M15591503-1152279,0.9709582,358.638641,30.0447445,-0.043118,-0.26935
2M15592225-1051175,2.158862,359.552155,30.6922054,-0.07172799,-0.37948
2M15592467-1128593,1.20722,359.009125,30.2728672,0.2804125,0.16959
2M15592543-1100122,5.702667,359.431488,30.5852051,-0.378898,-1.2298
2M15592648-1204387,1.832421,358.49826,29.8756599,0.01255199,-0.28515
2M15593303-1156220,1.147468,358.638123,29.9467049,-0.08455801,-0.38206
2M15593484-1052598,2.553807,359.566284,30.6346607,-0.104608,-0.59137
2M15593527-1123334,3.184644,359.121094,30.2997169,-0.117848,-0.66853
2M15594124-1047565,0.1447988,359.660309,30.6698532,-0.06583749,-0.21327
2M15595437-0941380,0.4250429,0.68176949,31.3464642,0.1483325,-0.12047
2M15595885-1021383,2.002792,0.102260001,30.9005814,-0.136068,-0.33551
2M15595906-1038213,1.197165,359.856537,30.7187099,0.0104266,0.0053654
2M15595995-0950343,7.951444,0.566052496,31.2327137,-0.5880979,-1.6892
2M16000063-1130150,2.934604,359.102386,30.1483269,-0.05371803,-0.30029
2M16000790-1214101,0.8543881,358.489319,29.6441422,0.147312,0.32271
2M16001303-1105326,1.623096,359.501068,30.3797722,-0.04636601,-0.091852
2M16001684-1157187,2.93979,358.760223,29.8020058,-0.04731801,-0.18789
2M16002279-1010222,1.895188,0.343087941,30.9477463,-0.09203804,-0.5359
2M16002429-0946464,3.171475,0.698022246,31.1973114,-0.123578,-0.52208
2M16002645-1201169,1.377718,358.732544,29.72896,-0.09140795,-0.526
2M16002748-1134554,2.182676,359.117584,30.014534,-0.124048,-0.45718
2M16002768-1157060,3.036539,358.796783,29.7710743,-0.1535881,-0.94521
2M16003203-0951080,16.12433,0.657126129,31.126112,-0.2672981,-1.3115
2M16003261-1148421,0.5290329,358.933533,29.8479939,0.01014251,-0.17229
2M16003372-0942036,2.14623,0.797405005,31.2183781,-0.06957799,-0.21015
2M16003726-1109132,0.9543089,359.522308,30.2646999,-0.00319201,-0.013676
2M16004415-1202237,3.583481,358.771118,29.6624546,-0.1368279,-0.75607
2M16005026-1123590,4.301069,359.347076,30.0636921,-0.103398,-0.51543
2M16005387-1055346,0.4519119,359.773285,30.3615513,-0.1022475,-0.21938
2M16005783-0937062,7.076278,0.945858538,31.1958103,-0.149798,-0.7694
2M16010077-1121303,0.5608809,359.415649,30.0582085,-0.005748004,-0.2035
2M16010242-1133122,10.00053,359.250458,29.9255638,-0.103898,-1.0241
2M16010434-1019172,2.634449,0.33970204,30.7216644,-0.212088,-0.58867
2M16010504-1106142,3.605716,359.651703,30.2111034,-0.09381801,-0.73319
2M16010511-1027049,1.400036,0.226985425,30.6350994,0.02629699,0.064257
2M16010563-1054300,3.029638,359.825378,30.3367043,-0.115458,-0.66119
2M16010607-1048106,0.9929574,359.919495,30.4038944,0.124722,0.26356
2M16010955-1036363,2.634819,0.100324966,30.5183449,-0.08554798,-0.56655
2M16011129-0944398,6.240989,0.874741971,31.0723858,-0.2166981,-1.0216
2M16011172-1203145,12.67457,358.843872,29.5685501,-0.2608981,-1.0744
2M16011653-1027208,0.7103618,0.258298993,30.5966129,-0.03308801,-0.22256
2M16011850-1130143,0.9723425,359.343109,29.9082642,0.160712,0.23014
2M16012127-1219276,1.222263,358.639465,29.361414,0.07586199,0.25321
2M16012149-1202385,0.4358669,358.882629,29.5450802,-0.03792748,-0.14159
2M16012384-1145557,5.18153,359.131714,29.7206211,-0.05683804,-0.59914
2M16012396-0956125,0.1932814,0.742117763,30.9086647,0.002139516,-0.084347
2M16012555-1022057,7.408689,0.363630921,30.6251011,-0.124658,-0.66503
2M16012686-1217412,0.7126134,358.682159,29.3637524,-0.0003680084,0.02511
2M16012955-1122281,8.865127,359.490295,29.9586964,-0.136438,-0.65535
2M16013167-1210099,8.694913,358.805328,29.4314613,-0.247208,-0.94699
2M16013314-1007126,2.043787,0.607204258,30.7616501,-0.134958,-0.78094
2M16013946-0938497,0.6250929,1.04853141,31.0463238,-0.1489675,-0.49378
2M16014088-0933034,1.962616,1.13903832,31.1035557,0.02387199,0.22485
2M16014252-1059098,1.459824,359.870667,30.1715221,-0.07159805,-0.51745
2M16014905-1144283,1.429746,359.230347,29.6587696,-0.09272802,-0.49319
2M16015093-1053506,0.2736257,359.974487,30.2029858,0.01077051,0.001442
2M16015315-1013461,5.569588,0.571664691,30.6284351,-0.096708,-0.45093
2M16015423-1021018,1.164444,0.467606694,30.5469074,-0.039388,-0.26857
2M16015945-1051424,9.604482,0.0320326686,30.1995697,-0.147848,-0.71581
2M16015948-1138557,2.35909,359.342804,29.686985,-0.03368799,-0.21152
2M16020264-1108079,0.9668192,359.80127,30.0118217,-0.009558022,-0.34142
2M16020474-1215562,1.060356,358.823639,29.2667198,0.110622,0.2192
2M16020634-1102349,2.846844,359.893829,30.0604553,-0.02600801,-0.30343
2M16020667-1005194,16.48622,0.738271892,30.6767826,-0.1874981,-2.0734
2M16020750-1059328,0.528855,359.941803,30.0897064,0.04058652,-0.038424
2M16020812-1211580,1.234507,358.891235,29.2997856,0.02093299,-0.082601
2M16021657-1043508,1.181392,0.20002389,30.2311382,-0.051138,-0.16912
2M16021744-1200161,5.76567,359.088684,29.3989296,-0.161828,-0.69884
2M16021839-1153539,2.662448,359.183746,29.465517,-0.166078,-0.67956
2M16022036-1103077,1.875864,359.928864,30.0109367,-0.06894802,-0.21084
2M16022274-1021329,1.4017,0.547505915,30.452095,-0.04490802,-0.13123
2M16022443-1105159,2.07096,359.910034,29.9751778,-0.06606802,-0.13101
2M16022940-1039590,3.178006,0.296196252,30.2327614,-0.139658,-0.55524
2M16023216-1026209,0.6290268,0.505562961,30.3709774,-0.02295801,-0.16635
2M16023344-1055274,0.9159899,0.0813306868,30.0531864,0.08308399,0.082768
2M16023453-1202315,1.2964,359.108398,29.3216496,-0.09373799,-0.19042
2M16023728-1150509,0.8223004,359.285767,29.440443,0.057221,0.081066
2M16023962-1020400,1.715857,0.612318218,30.4086781,9.999424e-05,0.010582
2M16024746-1037567,0.1463511,0.381527036,30.1983032,-0.03527249,-0.006835
2M16024875-1006478,2.176353,0.845501781,30.5288486,-0.111058,-0.43035
2M16024934-1100458,1.545841,0.0522293001,29.9463539,0.113012,0.25305
2M16024955-1105530,1.76774,359.977936,29.8903427,-0.114038,-0.56469
2M16025415-1218531,3.110888,358.932343,29.0826664,-0.3263879,-0.77121
2M16025424-1035195,1.003509,0.440844148,30.2052975,0.195542,0.37127
2M16025704-1119055,2.77223,359.807892,29.7241154,-0.05247802,-0.24901
2M16025775-1042387,0.3585573,0.343848467,30.1155472,0.006358992,-0.050197
2M16030028-1002451,1.275695,0.940760732,30.5359097,0.01571201,-0.23992
2M16030121-1107296,2.120161,359.990021,29.8366718,-0.059048,-0.51652
2M16030365-1205445,5.773608,359.150879,29.196867,-0.4832981,-1.5328
2M16030471-1130107,4.172662,359.669769,29.5801868,-0.155048,-0.89955
2M16031012-1042067,0.7443228,0.389511764,30.0826054,-0.132428,-0.51086
2M16031081-1202292,3.694821,359.219818,29.2102318,-0.124598,-0.46939
2M16031433-1120206,2.83693,359.842438,29.6568699,-0.053368,-0.31705
2M16031913-0959150,2.499541,1.05034816,30.5140285,-0.08593804,-0.39365
2M16032163-1208102,9.252716,359.170654,29.1149673,-0.275798,-1.4305
2M16032651-1122030,0.2514829,359.854706,29.6005764,0.0278125,-0.14715
2M16032728-1154423,0.7618883,359.382599,29.244051,-0.08372799,-0.27204
2M16032934-0950278,2.770704,1.21209502,30.5756779,-0.109918,-0.75864
2M16032983-1013187,1.87019,0.874572933,30.3299999,-0.04928802,-0.133
2M16033028-1147396,0.5742543,359.493774,29.3113117,-0.004218012,-0.2184
2M16033161-1219231,0.5599639,359.039307,28.9619904,-0.02769747,-0.29372
2M16033192-1127439,3.551931,359.788391,29.5222645,-0.006127983,-0.46833
2M16033209-1119030,3.57092,359.915497,29.6156693,-0.174238,-0.78586
2M16033324-1151087,4.877016,359.452301,29.2643051,-0.08620799,-0.51958
2M16033614-1139043,3.516019,359.636322,29.3863564,-0.167018,-0.65695
2M16033974-1123592,4.356744,359.866791,29.5385017,-0.311998,-1.1298
2M16034070-1004505,2.34098,1.03321946,30.3863716,-0.09882799,-0.36269
2M16035269-1101180,1.5221,0.237728983,29.7430477,-0.082728,-0.30243
2M16035398-1219085,3.715167,359.11087,28.8957596,-0.04509801,-0.24203
2M16035975-1115363,0.8559061,0.0500049181,29.5668106,0.03737699,0.062738
2M16035991-1136461,1.747847,359.742126,29.3375797,0.0147065,0.0090005
2M16035999-1205587,1.568223,359.319061,29.0204449,-0.101048,-0.31429
2M16040012-1143308,0.672734,359.644775,29.2638588,0.060141,0.036404
2M16040609-1141562,3.015974,359.685822,29.262434,-0.1313381,-0.53474
2M16040855-1208248,7.400619,359.309906,28.9675388,-0.4782979,-1.6364
2M16041068-1202583,0.8941988,359.394989,29.0200901,-0.01052201,0.1496
2M16041483-0951540,0.5877842,1.32930076,30.4167957,-0.01450801,-0.14973
2M16041667-1117345,4.431343,0.0726687908,29.492836,-0.03020802,-0.39197
2M16041705-1109259,3.001576,0.192802832,29.5794296,-0.6628982,-1.4295
2M16041931-1220557,2.593168,359.162048,28.7982407,-0.04647797,-0.5418
2M16042132-1035441,3.174488,0.700321615,29.9281349,-0.1480181,-0.91848
2M16042391-1114570,4.682173,0.133009836,29.4985905,-0.09899801,-0.7848
2M16042557-1156444,5.719182,359.530334,29.0416412,-0.145428,-0.59729
2M16042804-1022115,1.227155,0.920492947,30.0519962,0.03362199,0.10781
2M16043170-1027182,1.837368,0.856134713,29.9858284,-0.09665802,-0.21181
2M16043497-0939337,1.105023,1.5741986,30.4842873,-0.010168,0.23834
2M16044033-1140125,2.009445,359.81485,29.1748867,-0.259378,-0.60149
2M16044187-1012193,3.374327,1.10842919,30.1138725,-0.233348,-0.70735
2M16044216-1202475,1.382679,359.493073,28.9246979,0.05330202,0.26011
2M16044231-1126458,2.489831,0.0164982006,29.3139,-0.06538799,-0.44446
2M16044607-1213451,0.8427042,359.346588,28.7936611,0.02161599,-0.095674
2M16044760-1205507,2.210709,359.465393,28.8747578,-0.1262881,-0.54607
2M16045076-1137395,1.644085,359.883514,29.1700115,-0.07125801,-0.30738
2M16045854-0942211,1.661216,1.6041081,30.3799973,-0.053248,-0.13339
2M16050364-1106204,2.561776,0.379311919,29.4672394,-0.147758,-0.45974
2M16050485-1138173,0.1573747,359.917023,29.1193924,-0.02335748,-0.20091
2M16050679-1150507,7.671393,359.740601,28.9777203,-0.264558,-0.87164
2M16050842-1127201,4.476304,0.0872340053,29.2264118,-0.08049801,-0.45055
2M16050881-1143425,5.645347,359.85022,29.0485802,-0.198678,-0.55964
2M16051070-1142284,3.4953,359.873901,29.0560474,-0.229888,-0.66151
2M16051405-1003394,3.870659,1.33435428,30.1046371,-0.129288,-0.59944
2M16051418-1220021,1.470231,359.341003,28.6386375,-0.036829,0.13667
2M16051572-1038472,0.7676101,0.820302963,29.7247448,-0.02334049,0.018783
2M16053564-0951208,0.8642218,1.5824616,30.1671009,-0.060688,-0.11755
2M16054255-1153213,7.451465,359.812195,28.8396015,-0.177018,-0.71128
2M16054578-0957438,3.628279,1.51821554,30.0672741,-0.08101803,-0.5747
2M16054581-1033164,1.805135,0.992447436,29.6890316,-0.06201801,-0.19479
2M16054777-1137520,3.491127,0.0527820513,28.9903736,-0.091725,-0.080123
2M16055170-1017312,6.616825,1.24279797,29.8382988,0.004121989,-0.23069
2M16055250-1000033,0.8681928,1.50399959,30.021347,-0.109078,-0.36581
2M16055334-1144156,2.274603,359.976654,28.9041634,-0.174088,-0.66161
2M16055694-1119139,0.9502681,0.351909965,29.1621857,-0.07641301,-0.034865
2M16055801-1109278,2.726486,0.497876674,29.2636356,-0.106138,-0.68422
2M16060028-1153334,5.407149,359.862701,28.7823257,-0.302898,-1.0
2M16060319-1144382,4.089196,0.000896554033,28.8694477,-0.266628,-0.53807
2M16060363-1113344,3.143494,0.454729527,29.2019882,-0.228648,-0.56096
2M16060551-1043586,4.36917,0.894270182,29.5128078,-0.07563803,-0.41763
2M16060818-1020238,0.7638747,1.24996233,29.755703,0.0295785,0.08018
2M16061171-1203152,0.6664016,359.756683,28.6421795,0.03530249,-0.49662
2M16061352-1029100,1.263971,1.13654435,29.6455059,0.02627,-0.043078
2M16061759-1150103,3.463359,359.963898,28.7649899,-0.243648,-0.72575
2M16061820-1006413,2.778986,1.4830668,29.8696518,-0.110588,-0.59939
2M16062038-1157079,2.859296,359.871368,28.6813107,-0.163498,-0.56973
2M16062175-1015528,1.622173,1.35762882,29.7608604,-0.04645101,-0.053327
2M16062302-1126161,4.426459,0.327806383,29.0051498,-0.256498,-1.1955
2M16062972-1132340,1.8122,0.256174922,28.9166222,-0.09942801,-0.24474
2M16063176-1001562,0.7976558,1.59431374,29.8771114,-0.100378,-0.39969
2M16063192-1018200,2.22662,1.35191309,29.7026749,-0.02297901,0.15022
2M16063319-1127398,2.091255,0.338053465,28.9584179,-0.127978,-0.46568
2M16063551-1013034,0.9996557,1.44079721,29.7473354,-0.166798,-0.4934
2M16063752-1054003,2.427763,0.843311965,29.3051453,-0.1657881,-0.58162
2M16063785-1108551,3.746991,0.625752747,29.1447163,-0.08793801,-0.35998
2M16064512-1139343,3.953625,0.200526744,28.7933025,-0.08398801,-0.6911
2M16064785-1119241,2.029379,0.502574265,29.0011768,-0.06693801,-0.24335
2M16064936-1030330,2.028198,1.22394085,29.5177689,-0.128298,-0.44641
2M16065402-1119005,1.229731,0.526825488,28.9860687,-0.389418,-0.75098
2M16070267-1033494,2.486181,1.21564472,29.4409981,-0.094208,-0.29235
2M16070443-1110109,0.1538667,0.687057912,29.0478668,-0.04151048,0.012053
2M16071377-1053169,3.551059,0.962729096,29.1988964,-0.238218,-0.6265
2M16072963-1025094,3.838069,1.42431462,29.4478645,-0.254878,-0.71342
2M16073998-1045302,5.321245,1.15547419,29.1991653,-0.09566799,-0.47352
2M16074076-1031261,0.6639261,1.36494231,29.3461075,0.05115531,0.10008
2M16074394-1129022,2.232904,0.530049443,28.7224216,-0.004835011,-0.020263
2M16074903-1029315,7.004381,1.41785276,29.3402252,-0.280898,-1.3348
2M16075180-1117160,1.059511,0.725260437,28.8235855,-0.03390802,-0.20041
2M16075720-1124011,0.5923868,0.642847121,28.7345219,-0.015578,-0.28447
2M16075796-1122145,1.364677,0.671042562,28.7511139,-0.040068,-0.16255
2M16080374-1125478,1.057351,0.636431694,28.6950455,0.02593099,0.031321
2M16080489-1042310,1.58733,1.27381909,29.1523209,0.183562,0.3775
2M16081078-1051446,5.224417,1.15578496,29.035738,-0.162428,-0.56361
2M16081742-1040059,0.3931083,1.34682429,29.1384068,0.08872099,0.073034
2M15112951-0125140,7.603959,358.351318,45.8391838,-0.188998,-1.3947
2M15113243-0053425,0.2323205,358.919495,46.1862984,-0.02346548,-0.087542
2M15114610-0036578,1.487043,359.273376,46.3321114,-0.04514802,-0.33923
2M15114695-0040010,1.289982,359.22229,46.2952805,-0.05013803,-0.38713
2M15114961-0123357,2.665132,358.46167,45.7963219,-0.114738,-0.54268
2M15115073-0050101,1.180151,359.056671,46.1697578,-0.08807802,-0.12952
2M15115373-0132151,3.268054,358.326782,45.6856728,-0.223668,-0.82153
2M15115836-0125026,0.7481189,358.471771,45.7531929,-0.06028801,-0.26947
2M15121423-0154406,2.542008,358.019653,45.3683815,-0.152538,-0.67788
2M15121434-0059470,1.671087,358.981598,45.9891205,0.013432,-0.20999
2M15122411-0100068,1.317226,359.015228,45.955349,-0.07906801,-0.48328
2M15122608-0111394,1.13544,358.819275,45.819416,-0.07369801,-0.34466
2M15123270-0137132,4.624429,358.397766,45.5103493,-0.252248,-0.66305
2M15123364-0025261,2.659033,359.67215,46.3137169,-0.531698,-1.3189
2M15123641-0040264,1.153348,359.414642,46.1378098,-0.122858,-0.55765
2M15123755-0152089,1.28428,358.157715,45.3261795,-0.09219801,-0.29947
2M15123845-0134108,0.9392637,358.47406,45.5272026,0.097902,0.21078
2M15123845-0203360,0.5833561,357.963257,45.1931076,-0.01027751,-0.36738
2M15124598-0143548,0.3824049,358.334839,45.3939438,-0.01909749,-0.17474
2M15124637-0101204,1.834926,359.083344,45.8730316,-0.075838,-0.24851
2M15124763-0109577,0.04357186,358.936096,45.7722702,-0.1311275,-0.53211
2M15124841-0051104,4.203832,359.27182,45.9806976,-0.09768799,-0.4147
2M15124974-0115272,1.255902,358.84787,45.7040176,-0.127718,-0.43747
2M15125057-0205396,2.820207,357.976685,45.1328125,-0.04677802,-0.44364
2M15125542-0128147,1.068982,358.646271,45.5423393,-0.03797001,0.012302
2M15130149-0013125,3.420933,0.00420748163,46.3629837,-0.176448,-0.6228
2M15130245-0149184,0.7474459,358.307465,45.2825241,-0.031688,-0.034
2M15130498-0018556,0.3532884,359.915161,46.2887421,-0.04235747,-0.22461
2M15130650-0133342,1.239144,358.597748,45.4482765,-0.09843802,-0.26169
2M15130930-0124056,0.2207295,358.774872,45.5466347,-0.2585575,-0.37751
2M15131249-0150335,4.097413,358.326172,45.2376976,-0.209998,-1.4828
2M15131353-0017234,7.429463,359.977112,46.2791824,-0.368898,-1.2993
2M15131389-0136406,2.290097,358.573303,45.3905487,-0.096268,-0.60193
2M15132041-0013353,1.91439,0.0731855482,46.2998848,-0.051238,-0.17552
2M15132052-0101156,3.43606,359.222107,45.7686806,-0.144638,-0.53707
2M15132129-0113426,0.9504638,359.005493,45.6266289,-0.05131802,-0.27686
2M15132840-0101582,2.775234,359.24115,45.7364006,-0.1747081,-0.76609
2M15133175-0030398,8.97691,359.811737,46.0752335,-0.199198,-1.4961
2M15134215-0150239,0.4223984,358.44809,45.1489105,-0.2064975,-0.20253
2M15134872-0151533,0.2529477,358.448608,45.1119423,0.003609521,-0.014337
2M15135017-0107363,1.467771,359.228821,45.6061363,0.002151996,-0.12849
2M15135071-0050252,2.674764,359.535217,45.7965469,-0.147998,-0.8107
2M15135270-0148039,3.69635,358.530853,45.1430473,-0.178668,-0.80073
2M15135297-0018347,1.788978,0.113495588,46.1431885,-0.125348,-0.59449
2M15140660-0021176,2.910309,0.119041465,46.070713,-0.107128,-0.42452
2M15141044-0101190,2.121116,359.420929,45.6138496,-0.112578,-0.5149
2M15142818-0055049,3.611477,359.602051,45.6285057,-0.5306981,-1.3579
2M15143523-0107207,3.341736,359.413269,45.469902,-0.141928,-0.68364
2M15143824-0153322,1.465498,358.617981,44.9417915,0.109942,0.33961
2M15144381-0010367,0.4936979,0.459339023,46.0723724,-0.1343875,-0.46908
2M15144943-0141354,4.951627,358.869904,45.0421333,0.121702,-2.1304
2M15145047-0025216,3.708705,0.220484659,45.888958,-0.186088,-0.47834
2M15145118-0149179,0.2721289,358.742981,44.9499359,0.06961251,-0.10711
2M15145233-0151130,0.74926,358.714294,44.9248009,0.116462,0.27649
2M15145722-0210432,1.5382,358.396973,44.6894379,-0.05244803,-0.58443
2M15145761-0120487,0.7065715,359.265442,45.2501602,0.03653999,-0.030068
2M15150099-0227079,13.24157,358.130646,44.4917336,-0.295398,-1.2069
2M15150150-0145447,0.3809661,358.845703,44.9583015,-0.02742746,-0.47055
2M15150174-0057385,0.250623,359.690094,45.4959679,-0.01384148,-0.026426
2M15150984-0118521,1.575694,359.348083,45.2341576,-0.08259803,-0.54067
2M15151050-0218379,0.8059065,358.313934,44.5592422,0.04914429,0.059615
2M15151069-0154479,1.494967,358.72525,44.8281288,-0.106068,-0.52048
2M15151130-0144176,0.8429614,358.909851,44.9445305,-0.126878,-0.53421
2M15152615-0216253,3.640602,358.414001,44.5364799,-0.06804802,-0.13126
2M15152898-0121484,1.115368,359.372406,45.1421661,0.015782,0.27858
2M15153091-0232539,2.138582,358.151031,44.3351097,-0.07161802,-0.26544
2M15153092-0159008,0.4662431,358.732635,44.7185516,0.1035225,0.30245
2M15153527-0113371,1.54055,359.541077,45.2141151,-0.107778,-0.47373
2M15153937-0133085,6.430033,359.215302,44.9832726,-0.262998,-1.2697
2M15154666-0046527,13.29614,0.0587455332,45.4758148,-0.107998,-0.59647
2M15154939-0011215,0.5261014,0.705048978,45.8587036,-0.01552747,-0.1621
2M15155300-0155227,1.051112,358.882904,44.6916962,-0.0475615,-0.070786
2M15155379-0052069,3.298382,359.993927,45.3956146,-0.082398,-0.33712
2M15155395-0109494,1.845581,359.681671,45.1984978,-0.184368,-0.62429
2M15155492-0220059,1.949708,358.464935,44.4069405,-0.06183802,-0.15354
2M15155996-0142499,1.385511,359.12793,44.8112106,-0.120498,-0.57834
2M15160512-0203349,0.2114922,358.789124,44.5621414,-0.001133479,-0.098524
2M15160542-0159478,1.654464,358.855591,44.6038399,-0.167658,-0.71036
2M15160823-0221081,5.888616,358.499786,44.3545151,-0.170288,-0.66738
2M15160887-0146176,7.479174,359.102997,44.7449303,-0.217798,-1.4476
2M15160932-0210223,2.93842,358.688812,44.4727249,-0.07722801,-0.2401
2M15161621-0151271,0.987444,359.042542,44.664444,-0.08817804,-0.34168
2M15162551-0057119,2.404085,0.0288229976,45.2405968,-0.08117801,-0.56576
2M15162774-0028567,2.116969,0.540110886,45.5453796,-0.09405798,-0.45875
2M15162975-0208541,3.746704,358.794647,44.4266319,-0.03551799,-0.35485
2M15163027-0205455,3.243495,358.8508,44.4604263,-0.052488,-0.31083
2M15163397-0034464,3.598489,0.460413754,45.4617729,-0.393598,-1.0718
2M15163535-0158408,4.667133,358.99292,44.5243759,-0.139008,-0.64959
2M15163598-0137295,2.055531,359.362793,44.7598381,-0.111558,-0.63489
2M15163603-0046328,2.787232,0.258907378,45.3255615,-0.059578,-0.55219
2M15163812-0029466,4.495798,0.56595093,45.503746,-0.204608,-0.81559
2M15163890-0218332,1.360146,358.664978,44.2897644,0.108612,0.22383
2M15164463-0107578,5.714506,359.91391,45.0617905,-0.9373981,-1.2487
2M15165663-0025473,3.640215,0.709788263,45.4894943,-0.08685797,-0.66367
2M15170232-0117537,0.6626335,359.808716,44.8965988,-0.01222749,-0.04707
2M15170563-0228201,0.8784932,358.602722,44.0975113,-0.003963009,0.010385
2M15170752-0044431,2.50719,0.414800346,45.2473373,-0.195468,-0.75143
2M15171138-0145169,0.2707163,359.366394,44.5633812,0.03965052,-0.027228
2M15171737-0127267,9.960492,359.70047,44.7437286,-0.7104981,-1.2013
2M15171762-0041174,5.579095,0.51519388,45.2534676,-0.283698,-1.1361
2M15171963-0138458,0.4164418,359.511993,44.6106606,0.06108952,0.071586
2M15171998-0115207,2.740309,359.922607,44.8700142,-0.209958,-0.84564
2M15172041-0135201,0.6941265,359.574707,44.6464462,0.004744988,-0.037283
2M15172061-0218190,0.4979823,358.832855,44.1644707,-0.0341475,-0.32148
2M15172179-0154585,4.094514,359.239258,44.4228401,-0.07257801,-0.66275
2M15172322-0001531,0.6442132,1.24335968,45.6670113,-0.035438,-0.34062
2M15172788-0118513,1.35202,359.891907,44.8065186,0.01585197,0.25036
2M15172828-0038088,1.487636,0.612754166,45.2546349,-0.144448,-0.43933
2M15172864-0036078,3.216913,0.650062561,45.2756615,0.070437,0.12921
2M15173274-0140206,1.864446,359.535767,44.5524483,-0.052558,-0.26023
2M15173444-0041344,0.7456956,0.575791419,45.1976814,-0.03959799,-0.29844
2M15173472-0209336,2.587523,359.038391,44.219532,-0.029388,-0.23083
2M15173499-0105167,1.257102,0.158303812,44.9347191,0.05130196,-1.5001
2M15173636-0130008,4.379708,359.729889,44.6562271,-0.308628,-0.93547
2M15173717-0136562,3.49836,359.612366,44.5766869,-0.105328,-0.17443
2M15173719-0127443,2.591719,359.772858,44.6789474,-0.175558,-0.50762
2M15173846-0226107,2.100901,358.768219,44.0212021,-0.09844804,-0.52326
2M15174199-0049255,0.376948,0.465800881,45.0876923,-0.1305175,-0.14674
2M15174236-0232112,1.061724,358.680969,43.9415016,-0.02828799,-0.12826
2M15174378-0130344,1.24711,359.749054,44.6269913,-0.09403801,-0.18254
2M15174381-0125467,0.9956233,359.832947,44.6801529,-0.07364804,-0.41072
2M15174577-0102443,0.2940853,0.245130256,44.9291344,-0.07022749,-0.22681
2M15175431-0115155,3.536002,0.0581593812,44.7641258,-0.134378,-0.66512
2M15175601-0148588,0.2900347,359.476746,44.3841019,-0.006237485,0.05139
2M15175833-0030426,1.628761,0.862317204,45.2418861,-0.01239501,-0.098003
2M15175840-0226115,0.9249399,358.845917,43.9598198,-0.103538,-0.23763
2M15180044-0151513,3.467727,359.444244,44.3383255,-0.244918,-0.94598
2M15180345-0123312,0.2987036,359.948975,44.6441803,-0.01801389,0.0020864
2M15180369-0038520,1.843446,0.737754762,45.1356773,-0.354998,-1.3623
2M15180398-0127222,4.945814,359.883759,44.5998077,-0.146428,-0.41268
2M15180772-0203542,2.025735,359.264587,44.1812057,-0.178718,-0.60276
2M15181634-0032472,1.584162,0.895161569,45.1625366,-0.077378,-0.25645
2M15182268-0135347,0.7403877,359.813385,44.4506149,-0.04106802,-0.22281
2M15183129-0150003,3.537117,359.596344,44.2634697,-0.3724978,-1.6452
2M15183234-0143522,0.7529097,359.706757,44.328476,-0.131748,-0.31191
2M15183268-0026463,2.013309,1.06585908,45.1768341,-0.035778,-0.173
2M15183641-0152340,2.156544,359.57193,44.2190742,-0.139508,-0.53826
2M15184134-0220321,0.6316441,359.109894,43.8912735,-0.02478801,-0.06441
2M15184276-0126012,1.807693,0.0580087043,44.4941368,-0.03675804,-0.38906
2M15184407+0012116,0.9159707,1.81142676,45.5637436,0.014122,-0.05835
2M15184420+0003183,1.758694,1.65101564,45.4672737,-0.09786802,-0.12131
2M15185361-0136318,0.9826581,359.91684,44.3439293,-0.03684901,-0.020559
2M15185439-0158548,0.687579,359.532104,44.0926628,0.0366881,-0.0056281
2M15185896-0034018,2.709299,1.03791511,45.0148659,-0.08594799,-0.29335
2M15190398-0005375,2.23253,1.56605721,45.3079147,-0.100778,-0.26659
2M15190477-0144305,0.5923048,359.821472,44.2207184,-0.04730802,-0.10757
2M15190496-0132158,3.673941,0.0350640416,44.3558922,-0.407398,-1.1323
2M15190522-0021503,2.409693,1.27978277,45.1279907,-0.101968,-0.56565
2M15191662-0011290,2.030886,1.509341,45.2044373,-0.08626801,-0.30105
2M15192051-0130355,0.3786415,0.124311112,44.3259354,-0.006406493,-0.053971
2M15192360-0027274,1.434992,1.25011146,45.0088425,-0.03097799,-0.34371
2M15192471-0134461,0.6641317,0.0677939653,44.2666397,-0.03714,0.040872
2M15192737-0221489,0.3139228,359.266418,43.7349854,0.02222441,0.0086281
2M15192874-0217149,1.962421,359.349854,43.7818108,-0.232978,-0.61102
2M15192957-0204183,2.271008,359.575348,43.9236526,-0.09869799,-0.367
2M15192972-0103093,0.8845382,0.640657127,44.5994186,-0.003758013,0.28221
2M15193027-0227160,0.5451899,359.184479,43.6650581,0.05185451,0.15082
2M15193106-0039093,5.577184,1.07043791,44.8578682,-0.310308,-0.4938
2M15193272-0150241,1.380188,359.827454,44.0684624,-0.00851801,-0.27195
2M15193721-0221020,0.5607293,359.31781,43.7133446,-0.0278475,-0.25926
2M15193724-0201287,1.517341,359.653625,43.931366,0.02692199,0.20907
2M15194052-0227393,3.615387,359.217499,43.6290741,-0.2461981,-1.152
2M15194208-0053354,2.482569,0.856991649,44.6654396,-0.09111804,-0.45733
2M15200412-0022015,1.947064,1.50274765,44.9397964,0.109842,0.23759
2M15201326-0114523,0.4932711,0.602220714,44.3343163,0.005544998,-0.081603
2M15201568-0028527,4.215417,1.42461288,44.8288727,-0.3067982,-1.9489
2M15201969-0213390,1.247164,359.607941,43.6643181,0.016082,0.068247
2M15202033-0027281,0.1656488,1.46756327,44.8294907,-0.1025245,-0.031393
2M15202187-0050361,1.648123,1.06251729,44.5729294,-0.014119,0.029701
2M15202408-0026389,4.623888,1.49649405,44.826519,-0.108358,-0.54494
2M15202889-0153382,3.466369,359.987732,43.8579712,-0.132598,-0.45524
2M15203716-0217442,1.203493,359.605042,43.5646858,-0.05825801,-0.18218
2M15203732-0207263,5.369005,359.782257,43.6786842,-0.199298,-1.1521
2M15203738-0142044,6.041084,0.220409945,43.9593811,-0.209538,-0.89046
2M15204994-0051212,4.336047,1.15652108,44.4763031,-0.126708,-0.67566
2M15205711-0110369,1.102393,0.844730139,44.2433968,-0.05371803,-0.49604
2M15205803-0203269,0.4865059,359.930237,43.6586266,0.1043825,0.33753
2M15210058-0003013,2.69121,2.05900431,44.9658432,-0.102818,-0.5058
2M15210426-0150423,3.444286,0.173861101,43.7802048,-0.101298,-0.51246
2M15210780-0009104,0.4168805,1.97586393,44.8766861,0.04643252,-0.2996
2M15210791-0149019,0.9023289,0.21673958,43.7872963,-0.07665801,-0.11155
2M15210797-0120428,1.654317,0.709316671,44.09869,-0.09786803,-0.29871
2M15210947-0135517,1.789928,0.451007754,43.927578,-0.104108,-0.37932
2M15211042-0150201,1.276983,0.203778461,43.7650871,-0.07408801,-0.49226
2M15211044-0007598,1.557352,2.00702333,44.8809586,-0.077968,-0.27419
2M15211454-0204389,2.199035,359.972748,43.5939674,-0.103188,-0.27965
2M15211493-0158426,0.33171,0.0764428973,43.6584892,0.009922504,-0.12487
2M15212318-0109507,4.955272,0.957640886,44.1698494,-0.5026981,-1.2592
2M15212630-0104159,4.140304,1.0675019,44.2209435,-0.1585981,-1.5163
2M15212949-0115378,0.8650054,0.88024354,44.0867653,0.04955199,0.19586
2M15213345-0152012,1.694715,0.262538105,43.6745949,-0.089238,0.0315
2M15213600-0054291,0.7108986,1.27664995,44.2968903,0.006506691,0.0056653
2M15214101-0201074,1.110902,0.134380996,43.5505257,-0.05473799,-0.32091
2M15214300-0144125,0.4510173,0.43400833,43.7308578,0.09591551,0.019915
2M15214485-0031599,2.305446,1.70858622,44.5127563,-0.139048,-0.56863
2M15214654-0117025,2.107337,0.920391917,44.0177307,-0.06874803,-0.17525
2M15214682-0148282,3.754874,0.374792516,43.6719933,-0.198518,-0.68037
2M15214899-0129553,1.697925,0.704924941,43.8690186,-0.001217991,0.26854
2M15220567-0022590,0.8905628,1.94800174,44.5439377,0.4584385,-0.3512
2M15220702-0101414,0.4820624,1.26737642,44.1206169,-0.2080575,-0.21516
2M15220743-0114565,2.023165,1.03643966,43.9749336,-0.134248,-0.89765
2M15221390-0117550,1.0044,1.00887084,43.9221077,-0.106468,-0.62851
2M15222047-0116049,1.032468,1.06587172,43.9214554,0.041282,0.17569
2M15222264-0122321,0.7115898,0.961323619,43.8441391,-0.06426801,-0.16089
2M15222692-0109309,1.437562,1.20528781,43.9726639,-0.07538804,-0.4017
2M15223179-0116592,0.7225491,1.09283948,43.8759193,-0.01727,-0.036198
2M15223741-0120040,3.568562,1.06025898,43.8246193,-0.185478,-0.66928
2M15225420-0108010,0.4416201,1.33453333,43.9028664,0.08683652,0.10583
2M14255792+0843409,0.3513037,357.890717,61.0573845,-0.06759748,-0.3836
2M14260431+0843378,0.6032531,357.926147,61.037384,0.0529025,0.20083
2M14260982+0827011,4.126122,357.538635,60.8330956,-0.113118,-0.57987
2M14261231+0835345,0.6075053,357.768219,60.9223213,0.0521425,-0.45187
2M14261316+0852438,0.3204221,358.208557,61.112648,-0.02862749,-0.03041
2M14261507+0854219,0.4428617,358.261322,61.1251373,-0.07883748,-0.24495
2M14262760+0835422,0.2467236,357.8591,60.8774109,-0.0561775,-0.28342
2M14263538+0823008,3.494429,357.584961,60.7104683,-0.169078,-0.60722
2M14264036+0858281,1.30062,358.510773,61.0937424,-0.09092802,-0.43052
2M14264869+0837513,2.007942,358.033875,60.8375473,-0.127328,-0.56825
2M14264911+0805391,0.2569849,357.232208,60.4718628,-0.05034749,-0.24711
2M14265033+0906025,2.811152,358.762085,61.147438,-0.194168,-0.66328
2M14265081+0854145,3.131129,358.462158,61.0146332,-0.110198,-0.51933
2M14265735+0800225,1.727294,357.149323,60.3869171,0.0002141893,0.1067
2M14270090+0843440,0.2276842,358.252136,60.8662949,0.02434251,-0.10495
2M14270102+0846598,2.633441,358.335632,60.9024849,-0.03191802,-0.27501
2M14270135+0930408,0.3577895,359.464569,61.3854485,0.02686551,0.070065
2M14270530+0827117,1.126718,357.860413,60.6670685,-0.1872275,-0.40357
2M14270796+0932101,0.3439474,359.540833,61.3813324,0.05539101,0.0093415
2M14270921+0929199,1.238054,359.473602,61.3463287,-0.009480007,-0.076118
2M14271012+0917481,0.3330372,359.178253,61.2167282,-0.1346375,-0.27021
2M14271446+0832113,7.714472,358.03775,60.6954498,-0.343498,-1.1561
2M14271573+0938159,0.2939798,359.744781,61.4239197,-0.1114475,-0.47574
2M14272096+0906415,0.5926224,358.952332,61.0605659,0.03206862,0.1246
2M14272267+0751034,0.819522,357.065399,60.2044029,0.04546249,-0.43089
2M14272458+0909000,0.3043621,359.032227,61.0749969,0.02037351,0.079209
2M14272462+0919125,0.4157842,359.296631,61.1874809,0.03931351,0.091526
2M14272473+0820214,0.2961277,357.799927,60.5309601,-0.001737475,-0.17831
2M14272563+0838005,0.2122155,358.247711,60.7267494,0.003503516,0.085723
2M14273021+0939430,0.4727083,359.864349,61.3947945,0.03606252,0.20555
2M14273179+0923426,0.6898755,359.45401,61.2147942,-0.008913491,0.046376
2M14273332+0750507,0.2600443,357.120819,60.1699638,-0.001957476,-0.16169
2M14273697+0845181,0.5761056,358.496307,60.7737083,-0.0537075,-0.17908
2M14273817+0914272,0.1388274,359.249634,61.0933075,-0.004797481,-0.08873
2M14274068+0947204,0.4157623,0.124284998,61.4450989,-0.05540746,-0.27167
2M14274111+0924145,0.542533,359.520203,61.1918144,-0.09347749,-0.21285
2M14274343+0858226,0.3332935,358.865662,60.8993912,-0.006533489,-0.081184
2M14274478+0759124,0.2570218,357.390564,60.2306976,0.08123051,0.12034
2M14274637+0833057,0.1106866,358.241272,60.6084557,0.01990851,0.095665
2M14274761+0830042,7.688042,358.172333,60.5707436,-0.282998,-1.3348
2M14274934+0917173,0.6648428,359.385773,61.0900078,-0.04529803,-0.21507
2M14275299+0744564,0.588016,357.088623,60.0433807,-0.1143375,-0.50287
2M14275492+0949476,0.5181717,0.268723667,61.4272842,0.012824,0.13561
2M14275770+0836118,0.6596382,358.383179,60.6086235,-0.0458675,-0.38889
2M14280006+0851041,0.2109483,358.772827,60.7671928,0.006039515,0.025063
2M14280075+0752377,0.4941135,357.319916,60.1076736,0.05286251,-0.18277
2M14280616+0824147,0.5017127,358.131226,60.4488373,0.1075825,0.16538
2M14280787+0943541,0.3523811,0.185173497,61.3230286,0.0392925,-0.12516
2M14281509+0836022,2.17497,358.47699,60.5536842,-0.236568,-0.51881
2M14281558+0849023,0.5465711,358.80838,60.6969833,-0.004294008,0.10327
2M14281648+0950417,0.1592325,0.412589848,61.3696365,0.008032501,-0.12954
2M14281805+0834228,0.6161282,358.451965,60.526104,-0.060278,-0.28215
2M14282065+0813142,4.141212,357.939056,60.280899,-0.201398,-1.2317
2M14282287+0853249,0.6659822,358.96048,60.7231255,-0.080818,-0.28874
2M14282315+0740496,0.4374161,357.159363,59.9057007,0.04772751,0.11766
2M14282338+0738548,0.8864122,357.11438,59.8831444,-0.139968,-0.29924
2M14282455+0949118,0.06890254,0.417714745,61.3282509,-0.05286747,-0.29917
2M14282486+0908230,0.3871464,359.354645,60.8823051,-0.2172075,-0.70921
2M14282563+0803532,0.6201419,357.736267,60.1602287,0.05860251,0.31248
2M14282752+0814548,1.683045,358.019226,60.2789154,-0.099944,0.023546
2M14282823+0833224,0.4301839,358.483765,60.4837379,-0.1616575,-0.22347
2M14282880+1000270,0.3933737,0.740068257,61.4361267,-0.05457747,-0.34566
2M14283454+0924147,0.714704,359.818756,61.026165,-0.055518,-0.45143
2M14283852+0738426,0.7419831,357.194733,59.835289,0.05971751,0.072417
2M14284033+0940570,0.3011216,0.287618309,61.1897583,0.02176251,-0.11095
2M14284111+0815106,0.462706,358.10202,60.2405167,0.05397751,0.017548
2M14284137+0748449,0.7923894,357.454315,59.9409866,-0.001466002,-0.043112
2M14284369+0732287,0.4887987,357.073547,59.7485695,0.00224252,-0.18159
2M14284595+0850573,2.681046,359.026825,60.6248741,-0.154268,-0.53881
2M14284815+1001451,0.1892007,0.881576121,61.3892975,-0.03342748,-0.12048
2M14285086+0844449,0.2453808,358.896881,60.5409927,-0.1528875,-0.18344
2M14285551+0929544,0.250607,0.0824463442,61.0226173,0.003137514,-0.080065
2M14285677+0753371,1.13478,357.659363,59.9496956,-0.08005802,-0.24652
2M14285794+0803237,0.2758551,357.905457,60.0566673,-0.02827249,0.1167
2M14290161+0751365,0.3334609,357.637512,59.9122658,-0.009137489,-0.1157
2M14290272+0924059,0.4137127,359.971161,60.9369545,-0.1000375,-0.39688
2M14290278+0731292,2.542957,357.15686,59.6798325,-0.156808,-0.52311
2M14290306+0906207,3.287161,359.514801,60.7417603,-0.432498,-1.0397
2M14290465+0918483,0.6177447,359.844635,60.8732414,-0.01385747,-0.17933
2M14290535+0858110,0.6003612,359.318756,60.6449013,-0.06355745,-0.53682
2M14290577+0902486,0.05647045,359.43927,60.6945496,0.04495352,0.070278
2M14291109+1002254,0.3160744,1.02553415,61.3243446,-0.1348975,-0.33959
2M14291116+0925089,6.831171,0.045087792,60.9221077,-0.1946981,-1.7392
2M14291155+0754586,0.5554646,357.775299,59.9202881,-0.1161275,-0.2189
2M14291216+0939128,2.196297,0.417772293,61.0715065,-0.183618,-0.73458
2M14291343+0835285,0.2378028,358.788849,60.3686829,-0.05775349,-0.034774
2M14291348+0947413,0.2965736,0.647992313,61.158783,-0.1192375,-0.54345
2M14291412+0929187,0.3811917,0.169783041,60.9581375,0.03972352,0.15496
2M14291422+0757456,0.4101228,357.858215,59.943634,0.03957452,0.1519
2M14291434+0913147,0.4661729,359.7547,60.7823868,-0.0362975,-0.26714
2M14291498+0956512,1.026849,0.898732126,61.2524986,-0.06462801,-0.3
2M14291692+0907377,1.042082,359.624512,60.7129097,-0.142488,-0.4962
2M14291739+0942007,2.421015,0.520012379,61.0853767,-0.09509802,-0.62925
2M14291789+0812328,1.460266,358.242432,60.0989342,-0.08627799,-0.28738
2M14291993+0839349,2.319412,358.928192,60.3943367,-0.05115801,-0.65249
2M14292001+0930584,0.271413,0.245539099,60.9577866,-0.02026749,-0.2441
2M14292102+0748115,0.7524201,357.662781,59.8147926,-0.07775748,-0.18722
2M14292783+0823375,1.244938,358.57254,60.1925545,-0.056958,-0.20158
2M14292786+0923460,0.1028643,0.101287179,60.8550873,-0.02875748,-0.15204
2M14293046+0845135,1.492745,359.128937,60.4244347,-0.1778781,-0.80542
2M14293230+0913535,1.339602,359.870483,60.733696,-0.026528,-0.37758
2M14293445+0828191,0.2001183,358.726318,60.2245865,-0.06516749,-0.29308
2M14294198+0952199,0.2542245,0.926784098,61.1191559,-0.068298,-0.161
2M14294256+0810157,0.5201099,358.32312,59.9980621,-0.04995751,-0.36356
2M14294314+0902055,3.558759,359.627472,60.5709457,-0.152668,-0.64968
2M14294341+0743548,1.871835,357.683746,59.6985245,-0.133188,-0.58926
2M14294418+0916384,0.7723741,0.00670709042,60.7266922,-0.01050148,0.030144
2M14294540+0739007,0.3256918,357.576233,59.6369171,0.01217651,-0.073194
2M14294777+1005049,6.517678,1.29679346,61.2370605,0.199382,0.30013
2M14294779+0807427,1.438457,358.289276,59.9535103,-0.146838,-0.49648
2M14295448+0736464,0.2480429,357.572662,59.5840607,-0.0940375,-0.37583
2M14295592+0812531,1.620235,358.461914,59.986599,-0.06799799,-0.27928
2M14295627+0839044,0.5345302,359.116455,60.2768631,-0.05486745,-0.38302
2M14295759+0849192,0.411174,359.382233,60.3858986,-0.0609275,-0.2332
2M14295828+0932034,0.3006535,0.48371622,60.8499374,-0.0305275,-0.25754
2M14295927+0901055,2.872001,359.690674,60.5099945,-0.141128,-0.5448
2M14295959+0909015,0.2922336,359.895416,60.5957527,-0.09109749,-0.23518
2M14300387+0842128,0.2900492,359.237335,60.288147,0.01915951,0.17004
2M14300644+0855549,2.119899,359.598175,60.4310036,-0.163968,-0.44482
2M14300901+1011062,0.5079557,1.57290506,61.2338066,-0.04111749,-0.37577
2M14301066+0850293,3.061048,359.483704,60.3583527,-0.08671802,-0.30617
2M14301269+0831060,2.238917,359.00705,60.1380234,-0.172278,-0.645
2M14301285+0958565,0.8439619,1.26982939,61.0925255,-0.09506798,-0.50264
2M14301635+0947066,0.2731116,0.976339161,60.9551239,-0.003656884,-0.0037706
2M14301667+0945413,0.2818471,0.94068414,60.9388924,0.07848851,0.13038
2M14301737+0929197,1.374535,0.516911566,60.7607193,-0.192178,-0.69962
2M14302050+0910049,0.6014299,0.0370645449,60.542202,-0.1033575,-0.37137
2M14302208+0759258,1.000113,358.275665,59.7559738,0.08041452,0.03791
2M14302384+1003453,1.684656,1.45721495,61.1089706,-0.2117981,-0.7779
2M14302956+0900559,0.2392773,359.8526,60.4141998,-0.03562049,-0.074337
2M14302971+0811530,1.835556,358.623596,59.8720093,-0.126368,-0.56947
2M14303259+0842259,0.3484622,359.400574,60.2018471,0.01738251,-0.10316
2M14303336+0843375,1.699569,359.434845,60.2126122,-0.09352797,-0.42144
2M14303424+0907133,1.864471,0.0387675874,60.4682922,-0.151338,-0.60654
2M14304534+0811301,3.302634,358.700043,59.8198509,-0.1885681,-0.89873
2M14304718+0825242,0.1928333,359.054352,59.9687309,-0.09599748,-0.25767
2M14304968+0727413,3.804601,357.65979,59.3139763,-0.266098,-1.2838
2M14305061+0928145,0.3280102,0.6693784,60.6448402,0.09763451,0.010371
2M14305251+0930221,0.3489084,0.73486954,60.6617928,-0.3385174,-0.8513
2M14305262+0820399,1.174018,358.966492,59.8994255,-0.128508,-0.2242
2M14305936+0905469,0.3575873,0.13870731,60.3743439,-0.06537747,-0.36075
2M14305945+0837133,0.1983527,359.416504,60.0614319,0.07780152,0.11864
2M14305997+0810204,2.44352,358.751617,59.7620544,-0.195778,-0.65957
2M14310010+0806497,0.1596174,358.665985,59.7225189,-0.0255775,-0.24492
2M14310124+0755237,1.56201,358.392517,59.5911713,-0.2181979,-1.1531
2M14310858+0956568,26.94051,1.5178684,60.8951836,-0.1624981,-1.8407
2M14310868+0804238,0.6672604,358.65329,59.6690598,-0.02160201,0.028734
2M14311077+0819280,8.895988,359.03598,59.8302956,-0.298798,-1.7211
2M14311107+1009062,3.299484,1.85371566,61.0158577,-0.147578,-0.42242
2M14311142+0819525,0.7391196,359.049652,59.8328094,0.05654999,-0.012895
2M14311184+0925414,0.2620271,0.718128085,60.5507812,-0.006427482,-0.1465
2M14311228+0726595,0.4072892,357.767426,59.2376251,0.042253,0.0241
2M14311256+0721338,0.4140809,357.639404,59.1752129,0.01539251,-0.33036
2M14311327+0830580,0.3519107,359.335449,59.9497757,-0.1478375,-0.23729
2M14311596+0945172,1.480311,1.25069618,60.7477798,-0.07797799,-0.16635
2M14311601+0913567,0.3476634,0.437985271,60.4108925,0.08095253,0.22077
2M14311659+0836598,0.3732255,359.504211,60.0059357,-0.02121349,-0.028474
2M14311800+0847334,0.4018261,359.777313,60.1174545,-0.1303275,-0.35842
2M14311854+0800280,0.239892,358.610992,59.5949821,-0.04729696,0.0008394701
2M14311903+0738328,0.5271177,358.081757,59.347599,-0.06259751,-0.29207
2M14311930+0834501,0.4353499,359.464905,59.9737473,0.05907051,0.15339
2M14312103+0821346,2.116395,359.144135,59.8220749,-0.114298,-0.56496
2M14312232+0721473,2.925099,357.698273,59.1482391,-0.204128,-0.68397
2M14312359+0949278,0.3710432,1.40129733,60.7681847,-0.05350849,-0.045059
2M14312376+0846151,2.658215,359.775665,60.0853004,-0.116228,-0.37594
2M14312377+1008359,0.1149673,1.90822113,60.9701881,-0.05711752,-0.32292
2M14312389+0825137,0.1341337,359.250427,59.8536263,-0.005477488,-0.09621
2M14312461+0956044,5.217724,1.58078122,60.8351517,0.2649019,-2.3881
2M14312503+0811364,0.8929651,358.919678,59.699173,-0.06329,0.19545
2M14312730+0919328,0.2737374,0.643007517,60.4360733,-0.1498575,-0.46949
2M14312771+0804333,2.798265,358.761078,59.6125069,-0.173498,-0.47721
2M14312779+0905443,5.813091,0.291613579,60.2851486,-0.5991981,-1.3981
2M14312893+0851409,0.6715617,359.940735,60.1285858,-0.08006799,-0.28773
2M14313046+0829555,0.5695382,359.402985,59.8851585,-0.08029804,-0.38502
2M14313051+0939500,0.5207561,1.1862241,60.6437111,0.08880253,-0.24532
2M14313205+1016055,6.924541,2.15228796,61.0226212,-0.2828981,-1.1635
2M14313225+0921535,0.4498101,0.73007679,60.4458237,0.05156052,-0.051548
2M14313508+1002440,0.2776076,1.81290901,60.8724251,0.04362252,-0.1575
2M14313562+0945272,0.2141848,1.36055827,60.6874924,0.03424951,-0.040947
2M14313694+0837019,1.010224,359.615601,59.9433022,-0.004554003,-0.086274
2M14313726+0723069,0.2848186,357.811707,59.1179771,-0.1470575,-0.30928
2M14313845+0759238,0.342745,358.69342,59.522068,-0.07859749,-0.26265
2M14313898+0947414,0.2216273,1.43717194,60.7006721,-0.06570747,-0.22538
2M14314340+0941226,0.3411748,1.29563463,60.6194801,-0.02548748,-0.10503
2M14314454+0907432,1.085673,0.432601929,60.2542915,0.01459999,0.14001
2M14315215+0957475,0.236351,1.77329552,60.766037,-0.02232748,-0.17699
2M14315363+0737258,0.5951079,358.243744,59.2296638,0.04881622,-0.0050237
2M14315394+0902333,0.1252642,0.351522714,60.1689568,0.01243152,-0.011199
2M14315439+0920078,0.2221879,0.803693295,60.3573799,0.04800651,-0.032624
2M14315592+0909538,0.4647878,0.549427271,60.242218,0.01208851,-0.083776
2M14315784+0817571,3.454515,359.254364,59.6684723,-0.146458,-0.46579
2M14320017+0755507,0.6000441,358.724915,59.4158249,-0.04359746,-0.3863
2M14320086+0824126,1.10672,359.425598,59.7282028,-0.160508,-0.41559
2M14320191+0905259,0.2528512,0.467639178,60.1751938,-0.1698675,-0.55888
2M14320412+0826335,0.3341098,359.501495,59.7439842,0.01202851,-0.081446
2M14320481+0721361,1.925208,357.925964,59.0172234,-0.05350801,-0.26778
2M14320667+0730483,1.632662,358.155762,59.1153679,-0.07084799,-0.41841
2M14321189+0853013,0.3953641,0.206341341,60.009388,0.003434509,-0.052902
2M14321566+0738295,0.2940282,358.389008,59.1743507,-0.1824875,-0.44772
2M14321959+0902249,1.018299,0.485727966,60.0872231,-0.104008,-0.26091
2M14321975+1003086,1.681817,2.06126189,60.7347527,-0.161178,-0.38467
2M14322422+0938437,2.48468,1.4444356,60.4622993,-0.101588,-0.50983
2M14322463+0720370,0.2868644,358.010223,58.9458656,0.01903051,-0.044548
2M14322772+0905315,2.443213,0.608330131,60.0953789,-0.131488,-0.53996
2M14322861+0859087,0.4990194,0.450978309,60.0236015,0.07532249,0.24762
2M14322944+0743460,0.7388932,358.590729,59.1912689,0.07235551,0.11065
2M14323101+0758293,0.3010509,358.956238,59.3505554,-0.0277275,-0.15095
2M14323129+1007431,0.3781196,2.2434907,60.7459984,-0.02525747,-0.27083
2M14323395+0758550,0.5584302,358.982483,59.3462868,-0.0641875,-0.29468
2M14323464+0858129,1.620263,0.459712565,59.9946594,0.07524198,0.2544
2M14323465+0943234,1.098354,1.621261,60.4788132,-0.04642101,-0.029127
2M14324497+0913180,1.834925,0.89879775,60.1249962,-0.1833881,-0.62722
2M14324575+0817534,0.1022741,359.5112,59.5197029,-0.0204915,0.18284
2M14324650+0937465,0.4727293,1.53790784,60.3816719,0.08071751,0.0637
2M14324689+0803586,0.4610065,359.17569,59.3625526,-0.05513749,-0.12217
2M14325339+0859479,0.4361231,0.599937737,59.9530716,-0.03885747,-0.20169
2M14325654+0937262,8.402167,1.58225965,60.3463173,-0.181998,-2.167
2M14325702+1002072,3.540813,2.23097491,60.6052475,-0.09871802,-0.36659
2M14325862+0824520,0.539458,359.752655,59.5564995,-0.1177475,-0.28431
2M14330081+1008534,0.2868875,2.42988181,60.6640472,-0.03124747,-0.12281
2M14330194+0959042,0.2189396,2.17644954,60.5575676,-0.07353753,-0.50768
2M14330238+0841417,1.350871,0.191827253,59.7286491,-0.167878,-0.5584
2M14330456+1014345,1.024232,2.6005187,60.7113609,-0.09742752,-0.3739
2M14330568+0946585,1.565199,1.87891722,60.4183197,-0.177938,-0.54579
2M14330960+0915381,1.448849,1.08934987,60.0725632,0.029902,0.24022
2M14330966+0727317,1.412024,358.418121,58.8863792,-0.143578,-0.34104
2M14331049+0729480,0.2573985,358.476776,58.9093361,0.02226652,0.22117
2M14331121+0759432,0.6684709,359.202423,59.2404327,-0.02843748,-0.14592
2M14331176+0845483,2.03128,0.344857037,59.7440224,-0.147428,-0.54974
2M14331402+0849316,5.338561,0.450383842,59.7773323,-0.129878,-0.52103
2M14331807+0728077,0.6101037,358.477692,58.8674049,-0.003257483,-0.1622
2M14332346+0911222,0.8933192,1.0537281,59.9831924,-0.075008,-0.34992
2M14332731+0936273,0.3588833,1.71909261,60.238369,0.02358551,0.18444
2M14332732+0753423,1.935879,359.142487,59.1241112,-0.201558,-0.74094
2M14332835+0826322,1.699495,359.952698,59.482399,-0.135728,-0.23434
2M14332862+0932195,0.436616,1.61911321,60.1904297,-0.3114075,-0.58291
2M14333109+0912268,0.09654389,1.12158799,59.9706879,-0.0122775,-0.14937
2M14333208+0848303,0.3746031,0.520628154,59.7097626,-0.02338748,-0.18718
2M14333241+1002488,0.4307873,2.43480754,60.4995689,-0.1405975,-0.37315
2M14333608+0726222,1.655262,358.532379,58.7926292,-0.106618,-0.32506
2M14333848+0759370,0.2849309,359.345764,59.1550865,0.03870249,0.29798
2M14333862+0750180,4.11352,359.120392,59.0515289,-0.181698,-0.6309
2M14333979+0745490,0.8594304,359.018341,58.9981689,0.007193521,-0.048271
2M14334021+0747023,2.504985,359.05011,59.010437,-0.112138,-0.42947
2M14334037+0945447,1.437966,2.02910948,60.2950363,-0.08474801,-0.17463
2M14334242+0855281,5.097289,0.750666201,59.7525787,-0.06903797,-0.50853
2M14334297+0807086,0.230817,359.553284,59.2242355,-0.04730138,-0.0031261
2M14334683+0953341,0.3054823,2.26724505,60.3567276,-0.03696747,-0.17902
2M14335284+0818422,1.246782,359.889435,59.3205338,-0.07716799,-0.42336
2M14335667+0821562,0.3941585,359.989441,59.3439903,-0.1208775,-0.40722
2M14335857+0844330,1.033299,0.561592758,59.5840073,-0.2456881,-0.71671
2M14340122+0943355,1.468085,2.08209562,60.2060089,-0.127788,-0.46043
2M14340128+0748212,1.279311,359.194183,58.960125,-0.143078,-0.48586
2M14340847+0737231,0.04304292,358.968597,58.8161888,-0.02724749,-0.2801
2M14341008+0738302,0.3744833,359.003967,58.8236809,0.03416352,0.05723
2M14341040+0759151,0.4205215,359.506683,59.0523911,0.003452525,-0.15789
2M14341071+0841006,0.1736004,0.537140727,59.5076828,-0.02212248,0.041425
2M14341109+0921574,0.2144076,1.57512355,59.9458084,0.08999652,0.13806
2M14341172+0735353,0.3393472,358.942841,58.7862206,0.1321725,0.14791
2M14341496+0933027,0.1712276,1.8805697,60.0510292,-0.03706749,-0.14781
2M14341582+0924559,0.5659218,1.67615604,59.9624062,-0.00810802,-0.15794
2M14341887+0846475,0.1608958,0.724749446,59.5445976,-0.01540748,-0.12009
2M14341927+0951226,1.283595,2.37891841,60.2302132,-0.112228,-0.49956
2M14341937+0732589,1.685893,358.921143,58.7336884,-0.09879798,-0.5831
2M14341957+0738263,0.3802041,359.052856,58.7937355,-0.05144748,-0.13988
2M14342027+0817345,0.2990308,0.00692957547,59.2228699,0.08208251,-0.27604
2M14342215+0923148,0.3105182,1.66603243,59.9244461,0.01201451,0.070284
2M14342542+0807387,11.72671,359.790802,59.0981369,-0.195768,-0.62407
2M14342704+0734564,0.7565597,359.008759,58.7318764,-0.01935799,-0.24589
2M14342958+0808367,0.5403553,359.836426,59.0957985,-0.0527775,-0.43126
2M14342963+0749546,0.4088467,359.382294,58.8898087,-0.08845747,-0.41853
2M14343086+0902509,2.439742,1.1919899,59.6794701,-0.238348,-0.90615
2M14343258+0900420,0.3648444,1.14666486,59.6510315,-0.1318975,-0.27097
2M14343259+0908096,0.4887785,1.33566904,59.7308083,-0.03672747,-0.20042
2M14343389+0837245,2.265465,0.569431901,59.3960724,-0.128408,-0.33644
2M14343427+0921282,0.7045747,1.68375683,59.8671684,0.06141111,-0.0039716
2M14343493+0814338,0.4311579,0.0103480946,59.1443253,-0.05486749,-0.23037
2M14343879+0909067,0.2611416,1.39224267,59.7213783,0.004572526,-0.16671
2M14344154+0818329,2.583487,0.143062711,59.167244,-0.02980801,-0.24456
2M14344156+0850265,0.5282131,0.935364842,59.5126495,-0.1799475,-0.37668
2M14344281+0759379,0.6047987,359.687439,58.9561386,-0.09449747,-0.48642
2M14344291+0843012,0.3970806,0.756666303,59.4284363,0.04125252,0.062781
2M14344376+0842132,0.261422,0.741164327,59.41716,-0.08811748,-0.26762
2M14344381+0947035,0.4749192,2.3936727,60.1065903,-0.0355075,-0.30058
2M14344386+0827590,6.664257,0.387967855,59.2626762,-0.04255801,-0.72513
2M14344435+0851411,0.3678914,0.981187463,59.5172577,-0.03328747,-0.34246
2M14344474+0909598,4.860343,1.445786,59.7120018,-0.207298,-0.7505
2M14344629+0846092,0.4952626,0.852718949,59.4515953,0.0474425,-0.25572
2M14344668+0952092,0.9569085,2.54124236,60.1507072,0.07427251,0.37021
2M14344730+0745274,0.7217294,359.368378,58.7860069,-0.2214175,-0.51824
2M14344730+0858190,0.378045,1.16349125,59.5791054,-0.1126075,-0.39093
2M14344936+0915401,0.2865793,1.61416996,59.7577362,-0.0228875,-0.271
2M14344948+0934525,0.7046735,2.10740376,59.9605484,-0.04904048,0.025343
2M14345162+0926367,0.5553805,1.9058094,59.8665771,0.02755251,-0.04371
2M14345182+0942409,3.722868,2.32150984,60.035141,-0.153158,-0.17164
2M14345200+0824061,0.3182241,0.334823459,59.195076,-0.09198751,-0.22499
2M14345238+0858150,0.8759184,1.18830776,59.5623856,-0.06142749,-0.14693
2M14345290+0912043,1.461919,1.54100275,59.7082901,-0.002463002,0.031607
2M14350006+0950034,0.6019261,2.55567765,60.0860214,-0.03471747,-0.27485
2M14350191+0735392,0.06153125,359.210358,58.6323738,-0.0357075,-0.22004
2M14350295+0920147,1.508514,1.80156362,59.7632217,-0.07336801,-0.38273
2M14350694+0836179,0.2834768,0.715060234,59.2804642,0.03842251,-0.04118
2M14350933+0933087,2.167308,2.16556334,59.8791313,-0.205238,-0.62096
2M14351019+0835514,0.3489267,0.721070349,59.2654991,-0.09696752,-0.26446
2M14351075+0923049,3.2399,1.91459405,59.7684555,-0.270418,-0.90588
2M14351268+0924599,0.2201818,1.9736129,59.7825851,-0.03631747,-0.36049
2M14351305+0923572,2.184738,1.94880128,59.7703438,-0.269598,-1.0001
2M14351337+0804048,3.754885,359.956421,58.9100304,-0.115638,-0.39
2M14351476+0806538,0.05328331,0.0323466472,58.9365158,-0.01572148,-0.037086
2M14351550+0900568,0.266312,1.37677562,59.5182266,-0.05684749,-0.07111
2M14351996+0813029,0.4863221,0.20982708,58.9874649,0.001602001,-0.04597
2M14352015+0932068,4.00341,2.19491005,59.8337898,-0.8540982,-1.4725
2M14352374+0816168,1.035987,0.308749646,59.0108528,-0.09733748,-0.29198
2M14352391+0940543,1.040958,2.44107533,59.9140472,-0.03726801,-0.10275
2M14352468+0843026,0.2193998,0.975459516,59.2974396,-0.1099575,-0.39624
2M14352494+0929102,2.850995,2.14395905,59.7875366,-0.135618,-0.79048
2M14352556+0850388,5.74999,1.17008185,59.3763161,-0.215418,-0.80668
2M14353222+0850507,15.33825,1.20966625,59.3574104,-0.5076978,-1.5602
2M14353235+0924151,2.084699,2.0561347,59.7121162,-0.112738,-0.38301
2M14353410+0901282,6.806183,1.48650694,59.4649887,-0.390798,-1.3272
2M14353456+0800576,0.05338247,359.991608,58.8099518,-0.01205448,-0.027313
2M14353493+0930343,0.3581378,2.23150086,59.770443,-0.1355274,-0.51497
2M14353780+0907463,1.676628,1.66485584,59.52034,-0.205608,-0.67216
2M14353861+0950224,0.4647489,2.76216006,59.965847,0.0870225,0.18527
2M14353976+0831484,1.874712,0.774775743,59.1289673,-0.101748,-0.25096
2M14354186+0745467,3.979283,359.663055,58.6206665,-0.148328,-0.5371
2M14354394+0931354,0.2929285,2.30397105,59.7523956,0.05055151,0.11715
2M14354470+0913029,20.73605,1.83430839,59.5544205,-0.279738,-0.99266
2M14354597+0909273,0.2103496,1.74972117,59.5123062,-0.2454774,-0.64964
2M14354643+0853598,1.483329,1.36233044,59.346283,-0.010325,-0.063593
2M14355583+0817068,13.99933,0.496521235,58.9195862,0.1913018,-2.3142
2M14360869+0915334,0.1229483,2.0214448,59.5047112,0.02001451,0.014848
2M14361033+0756561,1.426854,0.0807023123,58.6545334,-0.024078,-0.21907
2M14361047+0825315,1.731081,0.779093802,58.9647369,-0.142958,-0.56578
2M14361830+0751359,0.559422,359.993256,58.5713425,-0.09851798,-0.31028
2M14362146+0913142,0.2825712,2.02804637,59.4395866,-0.005813487,-0.086114
2M14362310+0929190,2.297862,2.44630194,59.6035004,-0.162138,-0.55986
2M14362434+0810144,0.3675693,0.476480961,58.7557487,0.002220511,-0.031488
2M14362669+0750263,3.31138,0.00894859433,58.5325203,-0.217298,-1.0345
2M14362829+0844540,2.896277,1.35098767,59.1167831,-0.328788,-0.90991
2M14362974+0757441,0.2831337,0.200818598,58.6027908,-0.05621748,-0.03087
2M14363776+0811274,0.3408349,0.575611532,58.7269211,0.02409251,-0.15181
2M14364037+0837211,0.4522453,1.22562385,58.9978676,-0.02585748,-0.16788
2M14364085+0823487,1.846729,0.893999219,58.8507996,-0.109848,-0.48452
2M14364570+0940296,0.2692133,2.84847069,59.6478615,-0.07322748,-0.16932
2M14364903+0755376,2.886595,0.249754578,58.5195732,-0.2747979,-1.3185
2M14365222+0920158,11.73239,2.36365008,59.4155388,-0.3410981,-1.247
2M14365526+0833307,0.1785145,1.20708692,58.9097214,-0.04934749,-0.38519
2M14365560+0759072,0.6732937,0.368106484,58.5371208,-0.07918748,-0.28304
2M14370648+0844413,1.401531,1.54160786,58.9937744,-0.103428,-0.279
2M14370885+0821334,1.677567,0.982654631,58.7384377,-0.06262799,-0.21306
2M14371040+0804240,0.3855947,0.572227418,58.5481834,-0.07201748,-0.23805
2M14371259+0854033,0.4297756,1.80642986,59.0740509,-0.02470747,-0.29855
2M14371270+0825098,0.3155982,1.09086061,58.7651367,-0.05016749,-0.16197
2M14371456+0911296,0.2497558,2.25491428,59.2520256,0.4509755,0.078807
2M14371594+0929404,1.272421,2.724015,59.4381409,0.01695199,-0.03425
2M14373007+0847316,0.3300419,1.73259974,58.9492264,0.06371152,0.090016
2M14373558+0858591,0.5531563,2.04681802,59.0531616,0.02355352,0.042234
2M14373939+0850573,0.3458836,1.86543417,58.956028,-0.01963748,-0.13476
2M14374426+0834218,0.4944085,1.4785912,58.7640572,-0.002861481,-0.053426
2M14374876+0902591,0.4986171,2.21395779,59.0533981,-0.08712801,-0.34557
2M14375192+0842180,1.854118,1.71389937,58.8243637,-0.0815164,-0.0030916
2M14375233+0857539,0.6071143,2.10445714,58.9883766,0.08403451,-0.011547
2M13381300+1814160,0.4525886,355.839447,76.0339279,-0.04257649,-0.013091
2M13382089+1802284,0.1656968,355.322296,75.8794479,-0.04716749,-0.19346
2M13382165+1824403,0.2770296,356.474518,76.122757,0.02679452,0.10764
2M13382284+1833312,0.5179505,356.954437,76.215538,0.07030062,0.085395
2M13382587+1820063,0.5202546,356.281708,76.0601425,-0.109888,-0.34047
2M13382674+1800168,0.5281301,355.275055,75.8377457,-0.1568975,-0.68221
2M13382979+1758152,6.533661,355.206055,75.8060684,-0.135628,-0.48916
2M13383328+1808036,0.3412334,355.740967,75.9051743,-0.06024748,-0.28716
2M13383618+1830321,0.6584613,356.939728,76.1431503,0.02467699,0.16407
2M13383656+1836305,3.251572,357.260956,76.2065735,-0.115208,-0.45407
2M13383680+1814287,0.4946874,356.108307,75.9657364,-0.08201748,-0.22378
2M13384054+1752484,3.762999,355.05014,75.7134323,-0.2615281,-0.91717
2M13384063+1800156,1.757045,355.424774,75.7966614,-0.204248,-0.36263
2M13384358+1845318,0.2547325,357.820221,76.2820358,-0.03223749,-0.17099
2M13384893+1840175,0.6206142,357.595215,76.2098541,-0.07135743,-0.52587
2M13385171+1806156,0.6013944,355.848206,75.8307343,-0.06591749,-0.50081
2M13385732+1832582,10.35422,357.294403,76.1059036,-0.326198,-1.3332
2M13385988+1743128,0.2236399,354.78476,75.5487518,-0.003260491,0.014733
2M13390896+1843156,0.4108549,357.966644,76.180809,0.006986991,-0.093015
2M13390897+1748242,0.180134,355.138245,75.5806961,0.01638152,0.013141
2M13391362+1811136,0.3751326,356.335999,75.8205185,-0.1323775,-0.44691
2M13391750+1853219,0.5611368,358.60318,76.2615204,0.08649451,0.046723
2M13392670+1825343,0.5286572,357.216431,75.9376068,-0.2366075,-0.64531
2M13392717+1803515,1.36413,356.105286,75.6990967,-0.09094802,-0.38762
2M13392834+1854499,0.1773699,358.796234,76.2436447,-0.02239448,-0.020033
2M13392933+1837527,4.62134,357.892883,76.0616608,-0.140928,-0.63002
2M13393186+1849340,3.085831,358.5466,76.177681,-0.07208803,-0.46122
2M13393889+1836032,2.938915,357.895996,76.0131836,-0.3969979,-1.2848
2M13394078+1728546,1.938542,354.529816,75.2675095,-0.194248,-0.3638
2M13394570+1752310,1.990891,355.733582,75.5185776,-0.114268,-0.42788
2M13395113+1918009,2.219392,0.316374272,76.4116821,-0.04335841,0.008530399
2M13395263+1900211,2.528557,359.349365,76.2262497,-0.109408,-0.55492
2M13395267+1912344,0.2648124,0.0267142821,76.351593,-0.01593648,0.052229
2M13395423+1750584,1.226185,355.747192,75.4762115,-0.06917801,-0.25426
2M13395963+1723365,3.323402,354.477173,75.1524582,-0.176448,-0.58475
2M13400225+1906032,0.5573438,359.761963,76.2551651,0.02029552,0.072145
2M13400270+1915145,0.6127623,0.27810365,76.3474579,0.04922571,0.0084198
2M13400566+1921060,0.6948842,0.637645364,76.3973694,-0.03217801,-0.33132
2M13400823+1747089,0.3230037,355.705872,75.3923187,0.0136725,-0.19325
2M13401053+1926197,0.8997183,0.983086586,76.4344559,-0.147168,-0.65099
2M13401463+1854417,1.934112,359.265686,76.0997314,-0.07315803,-0.63031
2M13401758+1816577,1.845926,357.302307,75.6913376,-0.05109802,-0.39263
2M13401879+1917096,11.67372,0.548075676,76.3165436,-0.216008,-0.93739
2M13401973+1913251,0.408967,0.348237455,76.2757874,0.09030253,0.28683
2M13401993+1743241,0.3084904,355.644958,75.31604,-0.0008734912,-0.053994
2M13401994+1815416,0.6407096,357.261688,75.6705322,0.05229151,0.12733
2M13402261+1924534,2.411743,1.02236807,76.3820801,-0.184878,-0.41378
2M13402621+1737008,2.419068,355.399994,75.2261505,-0.277828,-0.52024
2M13402814+1758555,4.331685,356.497925,75.4633636,-0.274788,-0.85921
2M13402962+1824473,0.4150249,357.830994,75.739006,0.01223051,0.061102
2M13403133+1803315,0.4733292,356.761688,75.5041656,-0.08432749,-0.19239
2M13403890+1735292,0.2784688,355.458649,75.1717453,-0.02445249,0.063255
2M13403909+1848412,0.4773009,359.18988,75.9619446,-0.07820848,-0.076779
2M13404015+1734545,0.1842239,355.443817,75.1615677,-0.0311605,-0.080937
2M13404078+1912005,0.06171181,0.480998188,76.195694,-0.008967474,-0.21398
2M13404111+1834410,0.1910468,358.46582,75.8090897,-0.07787746,-0.3159
2M13404322+1836323,0.5557781,358.585083,75.822197,-0.0629575,-0.19948
2M13404571+1717128,0.5594906,354.659912,74.9457321,-0.02012749,-0.15777
2M13404706+1934321,0.3572204,1.81440127,76.400177,-0.05364748,-0.07691
2M13404924+1726206,0.3208078,355.128204,75.0387268,-0.06417751,-0.31598
2M13405129+1923227,0.273169,1.22183216,76.2766647,0.02637952,-0.090217
2M13405366+1742399,0.8357437,355.960083,75.2081223,-0.00169,-0.019198
2M13405517+1853048,1.679579,359.588776,75.9577026,-0.08490401,-0.017044
2M13405532+1916444,0.34687,0.889172256,76.1977234,0.0466935,0.20115
2M13405927+1903384,1.190209,0.204057932,76.0530853,-0.04993702,-0.091111
2M13410254+1720145,0.4556708,354.977386,74.930954,0.04859351,0.15512
2M13410429+1812037,0.2272347,357.53244,75.497551,-0.02397348,0.057786
2M13410434+1928551,1.288631,1.66357851,76.2901764,-0.090838,-0.23397
2M13410742+1739205,0.448649,355.940582,75.1305008,-0.1638875,-0.15729
2M13410762+1835124,0.3503544,358.762329,75.7334061,-0.03198748,-0.12091
2M13410951+1816318,0.1980269,357.813385,75.529686,0.1176525,0.20263
2M13411024+1713334,0.9146177,354.743866,74.8327789,-0.123988,-0.54505
2M13411087+1718557,0.271091,355.001862,74.8917618,-0.07174748,-0.26029
2M13411115+1839572,2.920769,359.048157,75.7722168,-0.08453801,-0.28175
2M13411319+1910166,0.4469005,0.707189441,76.0766983,0.05350551,-0.033363
2M13411996+1708586,0.284843,354.631378,74.7524338,-0.1116174,-0.41205
2M13412226+1829560,1.069922,358.633911,75.6331024,-0.09195799,-0.50849
2M13412281+1759532,0.5405203,357.108307,75.3101196,-0.02536801,-0.33916
2M13412890+1859091,2.554432,0.253412277,75.914978,-0.109748,-0.50182
2M13413134+1714107,0.6416538,354.990509,74.7782135,-0.06734049,-0.091167
2M13413643+1801534,0.3690607,357.346436,75.2908173,-0.1752375,-0.4777
2M13413673+1851227,1.865282,359.911682,75.8112183,-0.169208,-0.36379
2M13414074+1726316,2.084183,355.667908,74.8893204,-0.155698,-0.59204
2M13414217+1805294,0.464829,357.584686,75.312294,-0.07585749,-0.42448
2M13414319+1909256,0.1743617,0.954813719,75.973938,-0.003875487,-0.095792
2M13414830+1724524,1.772696,355.666656,74.8485641,-0.05397803,-0.23099
2M13414971+1742372,0.3601079,356.531891,75.0409546,0.02888951,0.043164
2M13415423+1728400,2.688257,355.907013,74.8732986,-0.166238,-0.62739
2M13415524+1901415,0.3851846,0.649918497,75.8583298,0.03481451,0.031144
2M13415629+1851061,7.72465,0.0895129144,75.7475128,-0.363698,-1.0761
2M13415733+1717596,0.2744796,355.434662,74.7449493,0.07269751,0.018581
2M13415778+1715381,1.301217,355.32901,74.7171326,-0.132268,-0.47526
2M13420000+1933506,0.4697095,2.48070383,76.1610641,-0.05824748,-0.32918
2M13420128+1858395,0.1759926,0.544655979,75.808754,-0.05060749,-0.10776
2M13420167+1917117,0.3599048,1.56294954,75.9929123,-0.009557486,-0.1769
2M13420192+1924312,0.3534051,1.9734261,76.0642014,-0.0710675,-0.15455
2M13420246+1845001,21.9493,359.825348,75.665802,-0.2935979,-1.1964
2M13420661+1903161,4.999786,0.846259415,75.838501,-0.3702979,-1.3659
2M13420790+1822425,0.3578106,358.716156,75.4171677,0.01953252,-0.11405
2M13420816+1753305,3.947215,357.250366,75.1044769,-0.257048,-0.57553
2M13421140+1841166,0.2356417,359.716339,75.5997467,0.004756507,0.012936
2M13421257+1843215,0.150771,359.837524,75.6175232,0.08450251,0.11862
2M13421477+1906117,3.145845,1.08460104,75.8421555,-0.05007797,-0.58916
2M13421765+1710380,1.806865,355.298096,74.6025314,-0.148758,-0.39035
2M13422598+1807079,0.24355,358.105164,75.1969299,-0.1020475,-0.339
2M13422606+1847441,0.5147628,0.201022878,75.6203308,-0.02714649,-0.093411
2M13422654+1713390,0.2769685,355.527863,74.6102448,0.006712526,-0.11065
2M13422675+1917540,1.860723,1.84237468,75.9203491,-0.125398,-0.27505
2M13422686+1902307,0.6335816,1.00097406,75.7672424,0.02934133,0.087204
2M13423104+1743031,0.4026244,356.968536,74.9219894,-0.06025748,-0.14777
2M13423937+1749052,0.2221,357.345032,74.9624786,-0.0481775,-0.17603
2M13423943+1847550,2.88081,0.340218723,75.5804672,-0.233618,-0.74518
2M13423987+1727509,2.094725,356.328217,74.7287292,0.151442,0.41293
2M13424378+1905264,0.2420794,1.32211757,75.7431564,0.03810751,0.15511
2M13424703+1932176,1.912993,2.83703804,75.9955063,-0.172938,-0.3312
2M13424916+1840265,0.4630784,0.04032645,75.473793,-0.02159349,-0.046904
2M13424938+1727418,0.2961322,356.415924,74.6987534,0.03998251,-0.11143
2M13424988+1801018,12.75503,358.036957,75.0591125,-0.207298,-1.3599
2M13425012+1937533,0.5204839,3.18195319,76.0391235,0.03846451,0.083318
2M13425094+1811019,0.5098755,358.547089,75.1621704,-0.1383775,-0.43523
2M13425363+1903264,1.021465,1.30773747,75.6921158,-0.028198,-0.22799
2M13425389+1857264,1.406304,0.987090707,75.6313324,-0.149448,-0.40945
2M13425577+1742496,1.81223,357.20343,74.8451767,-0.03239802,-0.19876
2M13425965+1855328,0.6986074,0.940684676,75.5942078,-0.122838,-0.41973
2M13430086+1745385,0.3344286,357.390076,74.8603592,0.04074052,0.1489
2M13430331+1820552,0.8473306,359.168549,75.2280731,-0.06382801,-0.10818
2M13430414+1729491,1.694596,356.663177,74.6780243,-0.009711009,0.036235
2M13430556+1810501,5.696516,358.680237,75.115303,-0.532598,-1.2588
2M13430558+1738343,0.6715703,357.095337,74.7693863,-0.2934476,-0.48406
2M13430708+1832441,0.3927424,359.81189,75.3388977,-0.01919749,-0.41941
2M13430724+1844506,0.2617879,0.445503145,75.462265,0.08895552,0.14161
2M13430780+1746442,0.3369018,357.511688,74.8512497,0.009218507,-0.040046
2M13431035+1736135,0.363469,357.029877,74.7294998,-0.1282275,-0.28336
2M13431053+1814406,0.5056666,358.922028,75.14048,-0.1144775,-0.11756
2M13431262+1735079,0.293442,356.999969,74.7107697,-0.04635745,-0.56254
2M13431461+1850279,0.3575966,0.812923849,75.496048,0.06355052,0.010353
2M13431679+1913549,0.2294247,2.09620714,75.7221298,-0.01643401,0.07739
2M13431684+1735057,0.3132558,357.039795,74.6976929,0.006582521,-0.07867
2M13431819+1813185,0.3215482,358.927429,75.1025772,-0.03865749,-0.10271
2M13431976+1927102,0.4275494,2.85518169,75.8412399,-0.05799748,-0.10875
2M13432603+1910141,0.260632,1.9819361,75.6566467,-0.05996548,-0.079132
2M13432608+1655542,2.463053,355.309875,74.2356949,-0.151388,-0.63797
2M13432609+1728118,0.3206944,356.803009,74.5945435,0.1277015,0.064996
2M13432610+1844444,0.5624701,0.620076895,75.4021759,-0.109708,-0.28943
2M13432633+1847594,2.327612,0.793413103,75.4342957,-0.116348,-0.64093
2M13432667+1752154,1.006324,357.965454,74.8534393,-0.07533801,-0.41213
2M13432972+1819374,0.2805018,359.357971,75.133049,0.1303425,0.22402
2M13433083+1833274,0.4361473,0.0771475434,75.2724533,-0.03200749,-0.14552
2M13433145+1810031,0.5869319,358.892181,75.0276031,-0.1372175,-0.58462
2M13433209+1919342,0.4138898,2.54893994,75.728363,-0.2558075,-0.63101
2M13433327+1843237,0.5054133,0.617708802,75.3660889,-0.1452974,-0.40996
2M13433524+1843177,0.2614473,0.63117671,75.358902,-0.0771375,-0.4456
2M13433559+1900455,0.6461563,1.55992389,75.5327988,0.05395652,0.035609
2M13433588+1950500,0.4030356,4.33881521,76.0126953,-0.07606849,-0.019649
2M13433646+1839506,4.244821,0.462407798,75.3200378,-0.1207581,-0.63793
2M13433958+1659518,0.6227736,355.622833,74.2404709,-0.01451349,0.042366
2M13433983+1741353,2.118568,357.576324,74.6988373,-0.104808,-0.53731
2M13434068+1908502,3.005506,2.04288507,75.5962982,-0.171938,-0.42794
2M13434132+1904105,0.2720943,1.79713178,75.5484085,-0.03821748,-0.33965
2M13434433+1944333,1.056634,4.05721903,75.9267578,-0.110808,-0.47617
2M13434510+1916432,0.4033948,2.51297069,75.6591339,0.01437253,-0.12228
2M13434534+1824010,0.4859244,359.73114,75.1302261,-0.0351375,-0.44043
2M13434861+1908250,0.3651662,2.09386277,75.5669708,-0.04155749,-0.32893
2M13434900+1709010,0.2750652,356.13382,74.3146515,-0.09672749,-0.13606
2M13435277+1711552,1.27771,356.304535,74.3356323,-0.06458804,-0.38612
2M13435349+1824431,0.5254423,359.844635,75.1121368,-0.1854975,-0.635
2M13435350+1925490,0.6649066,3.09074044,75.719841,-0.04872748,-0.14411
2M13435354+1902199,0.6711733,1.8120259,75.4914627,-0.08666801,-0.44268
2M13435374+1830373,8.094185,0.14909251,75.17202,-0.319398,-1.3913
2M13435495+1732228,0.2700745,357.283447,74.5534744,0.01790272,-0.003680199
2M13435546+1751199,0.5845734,358.199646,74.755928,0.009840511,0.041432
2M13435731+1913252,0.2347339,2.44572592,75.5880585,-0.01135749,-0.16319
2M13440208+1713346,1.150788,356.471985,74.3262253,-0.106858,-0.23402
2M13440456+1735060,0.5893125,357.505951,74.5539474,-0.05019802,-0.40545
2M13440942+1658171,0.4060845,355.844269,74.1346436,-0.06919748,-0.111
2M13440948+1754463,0.2835975,358.502319,74.7497101,0.03944251,-0.13648
2M13441021+1924282,0.3280984,3.16882753,75.6531982,-0.1440374,-0.39094
2M13441309+1754532,0.237636,358.542633,74.7398911,-0.07661748,-0.09577
2M13441362+1757180,0.4915621,358.665802,74.7638245,0.1512725,0.24953
2M13441422+1754015,0.1755091,358.511292,74.7272949,-0.007764483,0.016467
2M13441563+1749231,0.2847432,358.299042,74.6736984,-0.09211752,-0.44327
2M13441606+1839302,0.7151867,0.81805414,75.1924667,0.123772,0.39469
2M13441695+1748005,4.601838,358.244995,74.6549911,-0.211398,-1.1039
2M13441695+1858145,26.03537,1.81077313,75.3767624,-0.298098,-1.2632
2M13441873+1828524,0.5739011,0.295537949,75.0761414,0.08361252,0.21859
2M13442798+1949180,1.552191,4.71682739,75.8285675,-0.07571799,-0.53622
2M13442830+1937197,0.3672946,4.04553795,75.7163849,-0.09808749,-0.26406
2M13442848+1913127,0.2503296,2.72007465,75.4862823,-0.008677483,-0.22446
2M13443074+1935404,1.0408,3.97488713,75.6929703,-0.161498,-0.6309
2M13443280+1658131,0.6111934,356.068665,74.0646591,-0.1970275,-0.61636
2M13443342+1912115,0.2017941,2.70987654,75.4606018,-0.001975488,-0.001132
2M13443687+1843442,0.4929186,1.23187232,75.1695099,-0.1783874,-0.37196
2M13443904+1831401,0.15025,0.628669679,75.0410767,0.01532251,-0.11865
2M13444015+1705573,0.2691773,356.491119,74.12854,0.001447514,-0.058395
2M13444043+1935446,0.3763937,4.06519842,75.6621628,-0.1237575,-0.32392
2M13444444+1757379,1.560991,358.975189,74.6726837,-0.123038,-0.12161
2M13444545+1837340,3.1243,0.991525471,75.0805359,-0.06754801,-0.42027
2M13444606+1815220,3.613612,359.868469,74.8523788,-0.227398,-0.9638
2M13444613+1829158,2.101193,0.571771622,74.9944229,-0.09528804,-0.46089
2M13444696+1833536,0.340806,0.816452026,75.0387497,-0.05746746,-0.31143
2M13445075+1922551,0.3085104,3.44968247,75.5077209,-0.08723751,-0.30267
2M13445077+1717473,0.6203445,357.137634,74.226593,-0.06641746,-0.30621
2M13445415+1746375,0.3610994,358.532715,74.5266266,-0.1083475,-0.05387
2M13445676+1703115,0.4537145,356.525085,74.0484695,-0.1486975,-0.33988
2M13445741+1821036,0.2165666,0.260630339,74.8755264,-0.06254745,-0.50054
2M13450120+1803127,0.7895593,359.406799,74.6794052,-0.09460801,-0.26319
2M13450302+1715216,2.949529,357.142426,74.1632614,-0.234648,-0.63056
2M13450554+1800095,1.210953,359.297546,74.6341248,-0.230058,-0.57775
2M13450565+1929374,0.3643413,3.95045376,75.5228806,-0.01493939,0.0016019
2M13450590+1708018,2.676326,356.83316,74.0743866,-0.08811802,-0.6049
2M13450647+1840218,1.347146,1.32967114,75.0423203,-0.046404,-0.081214
2M13450790+1853373,0.3396663,2.03360796,75.1693268,0.01065651,0.076894
2M13451228+1802163,0.3906411,359.464325,74.6353226,0.02112451,0.006948
2M13451409+1935196,0.5206832,4.33984089,75.5488129,-0.02022749,-0.109
2M13451480+1929263,0.9307498,4.02117491,75.4914627,-0.059898,-0.19245
2M13451504+1835301,0.4627788,1.15792751,74.9665909,0.02078351,-0.085161
2M13451604+1655431,2.555224,356.372192,73.9083481,-0.109068,-0.31388
2M13451780+1726000,2.161688,357.777435,74.2340088,-0.08973801,-0.44269
2M13451818+1758085,1.953679,359.317139,74.5740433,-0.284848,-0.84215
2M13452182+1906218,0.3032731,2.83392596,75.2490463,-0.07964748,-0.21425
2M13452187+1946222,0.5424671,5.02346754,75.6253433,-0.03455749,-0.19797
2M13452474+1708590,1.665879,357.056213,74.0282898,-0.211448,-0.73645
2M13452545+1717098,0.3923703,357.438965,74.1152725,-0.04119751,-0.36938
2M13452629+1727021,0.2444799,357.906036,74.2193985,-0.05249751,-0.28846
2M13452665+1749585,0.2064357,358.999908,74.4623032,0.01130252,-0.19789
2M13452854+1936413,0.2308066,4.54183197,75.5143509,0.06700552,0.10569
2M13452946+1858525,0.4724237,2.50518227,75.151947,-0.01584149,-0.070286
2M13453014+1923112,0.3946101,3.81453061,75.3828735,0.04534442,-0.0047019
2M13453115+1942175,0.3111446,4.87578058,75.5575485,0.05366851,0.036345
2M13453118+1854213,0.5042514,2.2827127,75.1023407,0.05321252,0.29384
2M13453352+1747117,8.522665,358.930206,74.4118958,-0.1176981,-1.7855
2M13453404+1708101,0.1823107,357.107147,73.9914398,-0.02820349,-0.072544
2M13453912+1837428,1.391541,1.49114573,74.9126663,-0.008532007,0.013304
2M13453924+1806575,0.5415315,359.945221,74.6002884,-0.00147748,-0.12353
2M13454225+1854231,0.2030839,2.38375783,75.0672913,-0.01162449,-0.031053
2M13454246+1727127,0.7860429,358.066406,74.172142,-0.05617801,-0.053
2M13454310+1819440,0.5485761,0.615700066,74.7190933,-0.1107975,-0.32887
2M13454547+1942361,0.5295153,5.01695061,75.5134811,-0.0263875,-0.19273
2M13454549+1716168,0.9030777,357.587128,74.0451508,-0.120088,-0.53951
2M13454556+1657307,0.5503678,356.733398,73.8400269,0.0630625,-0.18795
2M13454610+1909541,0.4686287,3.2390821,75.2050323,0.08582252,0.2882
2M13454650+1759446,0.3118212,359.658386,74.5030823,0.09260254,0.21733
2M13454731+1904596,0.3050561,2.98851323,75.1539917,0.04288551,0.017374
2M13454771+1726304,0.4349572,358.08255,74.148613,0.05408852,0.19256
2M13455345+1659571,0.9032349,356.917755,73.8431931,-0.044678,-0.17594
2M13455413+1932479,3.132568,4.54982233,75.3948135,-0.153808,-0.4514
2M13455430+1728465,1.716172,358.250305,74.1527939,-0.152268,-0.5747
2M13455478+1917451,0.8399431,3.73684859,75.2517395,0.08691201,0.24454
2M13460333+1713371,22.33584,357.632202,73.9623489,-0.1236982,-2.0042
2M13460336+1930358,0.3668344,4.50903606,75.3442764,0.04878251,-0.14054
2M13460445+1934246,3.305968,4.72742462,75.37603,-0.103048,-0.25697
2M13460460+1917367,0.3647859,3.81527209,75.2185898,-0.02116747,-0.1614
2M13460473+1858313,2.071959,2.80125976,75.0355682,-0.555198,-1.4306
2M13460777+1703058,0.2416235,357.194336,73.8345795,-0.02833249,-0.028235
2M13460855+1839147,0.3530745,1.83513725,74.8345947,-0.04909748,-0.22746
2M13461400+1854163,1.972265,2.66086745,74.9646454,-0.161238,-0.36336
2M13461416+1821217,0.5369412,0.979908407,74.6380386,-0.04835747,-0.17586
2M13461429+1730072,5.606791,358.499176,74.1060867,-0.7827978,-1.2665
2M13461484+1756111,0.4649315,359.746124,74.3782501,-0.008798003,-0.19555
2M13461531+1813558,4.507062,0.620130599,74.5590897,-0.141298,-0.66236
2M13461640+1719560,2.224833,358.044769,73.9907837,-0.09705803,-0.42458
2M13461695+1732231,0.3435121,358.629974,74.1220398,-0.04069249,-0.078395
2M13461799+1738104,0.3093199,358.912537,74.1801071,0.02862451,0.083
2M13462294+1723395,5.031044,358.278015,74.0107651,-0.06382799,-0.65179
2M13462744+1720306,7.701835,358.173798,73.9633636,-0.527298,-1.1364
2M13462837+1758588,0.6687878,0.00521129789,74.3651352,-0.07038948,-0.093878
2M13463126+1945075,3.39686,5.54771757,75.3860855,-0.167228,-0.59218
2M13463194+1827473,0.9039724,1.4625864,74.6465073,-0.03353801,-0.17888
2M13463195+1741531,0.4156517,359.216827,74.176178,-0.05173752,-0.4963
2M13463421+1851418,0.2733485,2.70536566,74.8748932,0.08582992,0.069
2M13463499+1849025,0.1521119,2.57463574,74.8465729,-0.05043745,-0.30318
2M13463828+1856118,0.4252937,2.97527862,74.9054031,0.1223625,0.28438
2M13464096+1852455,2.981635,2.81982899,74.8635635,-0.4070981,-1.4525
2M13464454+1910377,0.2589043,3.78928304,75.0231781,0.003252499,-0.10701
2M13464467+1747194,0.8829435,359.59198,74.1936874,0.05280201,0.15867
2M13464580+1846520,12.11994,2.55757427,74.7907867,-0.360598,-1.3447
2M13464647+1902014,0.1328354,3.35174251,74.9350433,-0.01025849,-0.014269
2M13464772+1855310,0.3653651,3.02247024,74.868515,-0.04151747,-0.48154
2M13464836+1915321,0.5759442,4.08341217,75.0570679,-0.02744748,-0.13041
2M13464852+1926514,0.4987058,4.69325495,75.1621933,0.1012625,0.18144
2M13464907+1730261,0.6104215,358.834137,74.002861,-0.0611075,-0.20175
2M13465084+1834439,1.455584,1.98178649,74.6555557,-0.2208681,-0.79243
2M13465254+1812037,0.1599853,0.863490283,74.4232941,-0.04650748,-0.20767
2M13465689+1729082,0.3870293,358.845062,73.9651031,-0.1300675,-0.29131
2M13465715+1904460,0.2132547,3.58858442,74.9267426,-0.04840048,-0.074807
2M13470690+1719532,0.3352937,358.507904,73.8362274,-0.04776848,0.011691
2M13470802+1851381,2.386515,2.99809027,74.7657928,-0.1924781,-0.75632
2M13471020+1819488,1.789451,1.40449679,74.4457245,-0.133588,-0.48398
2M13471655+1741046,0.2704034,359.583984,74.0298538,-0.03007749,-0.21666
2M13471762+1903246,0.1349536,3.69382143,74.8476334,-0.006880485,-0.086527
2M13471964+1837482,0.5455046,2.39080715,74.5940018,-0.011288,-0.13034
2M13472168+1838554,0.5349047,2.46560431,74.5984497,0.0812825,-0.39477
2M13472190+1801376,2.279968,0.615916193,74.2250748,-0.135598,-0.8128
2M13472194+1725179,0.4376995,358.894562,73.8475723,-0.02975648,-0.078331
2M13472250+1730017,5.323023,359.119354,73.8957367,-0.322098,-1.0931
2M13472579+1811535,0.3040661,1.15142477,74.3168945,-0.02397749,-0.28408
2M13472692+1903111,0.3586254,3.76166916,74.8153992,-0.0426475,-0.11869
2M13472868+1713351,0.7187501,358.41748,73.7024536,0.0053325,-0.20694
2M13472982+1905462,0.6086384,3.92199326,74.8304749,0.07033251,-0.12974
2M13473225+1802465,0.09724238,0.763731599,74.2042923,0.05490251,0.057238
2M13473302+1750133,0.6765049,0.166378364,74.0734177,-0.03899747,-0.32153
2M13473585+1706234,0.4997283,358.156097,73.6035309,0.06877151,0.065916
2M13474178+1931011,1.484799,5.36659718,75.0259018,-0.115408,-0.25829
2M13474743+1932585,0.5609161,5.51915598,75.025116,-0.1040275,-0.18321
2M13474949+1920170,0.3428635,4.85535192,74.9020462,0.01157751,-0.015665
2M13475191+1837255,2.268374,2.65196586,74.487114,-0.08807802,-0.54194
2M13475286+1903233,1.690414,3.99327445,74.7332077,0.019122,-0.0566
2M13475373+1841367,1.833506,2.87982869,74.5219955,-0.06588799,-0.43091
2M13475400+1845478,1.401112,3.09530163,74.5615921,-0.180898,-0.51153
2M13475505+1825085,0.4279602,2.06319165,74.3565063,-0.04867049,-0.068007
2M13475548+1741272,0.295539,359.950653,73.9129028,-0.1406675,-0.45167
2M13475863+1737554,1.654729,359.812744,73.8664932,-0.3165979,-1.2833
2M13480109+1804528,1.460562,1.12049389,74.1349258,-0.05231802,-0.24393
2M13480162+1740090,2.588251,359.94397,73.8803101,-0.194618,-0.72108
2M13480506+1909124,0.5446549,4.40051317,74.7482224,0.001248509,-0.078106
2M13480703+1804309,0.2916409,1.15480518,74.1125183,-0.07455249,-0.027335
2M13481326+1909300,0.1777034,4.48462629,74.7242508,-0.05601749,-0.22281
2M13481808+1846013,0.2189477,3.31239247,74.4862137,0.03101081,0.0066617
2M13481986+1816501,0.5147429,1.8677386,74.1952896,-0.0429875,-0.40796
2M13482248+1822552,3.015042,2.19042325,74.2471924,-0.114708,-0.58939
2M13482341+1825302,0.6385,2.32641411,74.2696762,-0.02410799,-0.12812
2M13482630+1903587,0.5961396,4.30555773,74.6300888,-0.1084575,-0.33643
2M13482735+1725379,1.305891,359.496429,73.6493454,-0.06665802,-0.17729
2M13482791+1847188,0.5076843,3.46158385,74.4669037,0.04221271,0.11641
2M13482942+1759150,1.420734,1.09646094,73.9887772,-0.123058,-0.52948
2M13483069+1919466,0.2933901,5.17059183,74.7623978,-0.006584491,-0.015343
2M13483077+1745228,2.975838,0.447815657,73.8432922,-0.227888,-0.43631
2M13483160+1923363,2.343674,5.3811655,74.7944336,-0.073778,-0.42646
2M13483321+1922091,0.3013446,5.31713915,74.7758942,0.0936605,0.13426
2M13483604+1815295,0.4594131,1.94161892,74.1305466,-0.08357748,-0.11051
2M13483629+1733155,0.1183967,359.928406,73.7010498,0.03998252,0.028451
2M13484171+1826201,0.5343783,2.52462411,74.2193527,0.004520513,-0.092378
2M13484665+1800244,5.72261,1.30176818,73.9461136,-0.186698,-0.47398
2M13484788+1817391,0.7357565,2.14919758,74.1142502,0.005914995,-0.022603
2M13484951+1824333,0.3331819,2.50300431,74.1769791,-0.06070349,-0.070124
2M13485695+1733122,0.6159713,0.107167974,73.6361847,0.04035251,-0.16344
2M13490297+1841071,0.2004294,3.44328451,74.294342,0.05095249,-0.29224
2M13490555+1801228,0.3888895,1.51147616,73.8961563,0.01838851,0.001754
2M13490867+1823027,0.6722004,2.5914228,74.1008987,-0.00765701,-0.052771
2M13491472+1821059,0.553893,2.54693604,74.0624847,-0.06726801,-0.12219
2M13491700+1859451,1.682151,4.50776863,74.4253387,-0.08289814,-1.864
2M13491851+1811273,2.278278,2.10843706,73.9553909,-0.135798,-0.53007
2M13492008+1741364,0.142206,0.699788451,73.6502151,0.05797882,0.087956
2M13492214+1832298,1.681556,3.17263389,74.149559,-0.003598019,-0.19872
2M13492391+1911189,0.1090368,5.16225481,74.5099869,-0.1037575,-0.34662
2M13492392+1903034,0.4095674,4.7346549,74.4335556,0.05029751,0.053491
2M13493107+1817319,0.2137832,2.51054454,73.9752045,-5.348772e-05,0.069462
2M13493190+1748510,2.244117,1.1417284,73.6866837,-0.09359798,-0.37222
2M13493428+1834141,0.2475083,3.36064076,74.1272202,-0.05077749,-0.1264
2M13493647+1825243,0.6607301,2.94189715,74.03479,-0.1248775,-0.71653
2M13493805+1831237,1.438365,3.25095201,74.0876923,-0.09732801,-0.49407
2M13493940+1804044,0.3360654,1.92974353,73.8156891,-0.07644749,-0.20538
2M13493946+1822416,0.9838763,2.83364725,73.9987946,0.012022,-0.16831
2M13493976+1753033,14.65998,1.40766895,73.7043228,-0.1543978,-1.995
2M13494173+1903008,0.7740716,4.87786388,74.3749084,-0.044458,-0.34702
2M13494321+1850041,0.5527328,4.2293396,74.249054,-0.06683743,-0.57409
2M13494372+1751068,0.9249172,1.34967005,73.6722336,0.007252008,-0.16806
2M13494372+1854597,3.860055,4.4838047,74.2936783,-0.324398,-0.6043
2M13494681+1859482,3.389405,4.75448322,74.328476,0.003411978,-0.2889
2M13494981+1856074,0.2170499,4.59092951,74.2843781,-0.1121675,-0.31349
2M13495142+1824339,0.437191,3.02550435,73.9785995,-0.01883648,0.024709
2M13495548+1744144,0.2126094,1.12686408,73.5656891,-0.01262747,-0.12146
2M13495744+1838022,0.300676,3.74196506,74.0888062,-0.04157749,-0.32848
2M13495809+1822362,2.07398,2.98492813,73.9381104,-0.135378,-0.59621
2M13495812+1745008,0.2135745,1.18554199,73.5651855,0.02639252,-0.23036
2M13500013+1845346,4.628893,4.14158821,74.1516495,-0.09184799,-0.44691
2M13500116+1838008,0.6460934,3.77144456,74.0765305,0.06396051,0.11895
2M13501100+1818464,0.5538595,2.90538788,73.8594055,-0.1756775,-0.49707
2M13501543+1837372,0.1545207,3.86909294,74.0265198,0.02952251,-0.0437
2M13503381+1818429,0.4082767,3.0914669,73.7855453,-0.1750275,-0.37346
2M17500084-3000088,2.330352,359.581635,-1.36983204,0.107182,0.20271
2M17503191-2930078,3.316077,0.0689602271,-1.20995903,0.045957,0.019052
2M17503456-3013361,0.9797105,359.451263,-1.58908975,0.104682,0.21956
2M17504038-3012058,1.191597,359.483551,-1.59425879,0.06504199,-0.034255
2M17504533-3010205,1.816369,359.517853,-1.59462667,0.085722,0.20372
2M17504709-3006177,2.350334,359.579041,-1.56558824,0.093072,0.28879
2M17511038-2922174,4.093837,0.252669305,-1.26306355,0.361652,0.35647
2M17511386-3023322,6.901937,359.381195,-1.79522717,0.001082003,-0.63763
2M17511619-2923283,6.776529,0.246521369,-1.29125106,-0.06143796,-0.758
2M17511938-2948383,1.883755,359.891693,-1.51539326,0.059085,0.073687
2M17515096-3004536,1.251957,359.716736,-1.75163877,0.01006199,-0.20794
2M17520357-2939267,6.933553,0.1051028,-1.57480824,-0.04901803,-0.70155
2M17520612-2923272,9.41528,0.339277297,-1.44703543,-0.219898,-1.2979
2M17520625-2947475,7.668733,359.990265,-1.65398955,0.057192,-0.18001
2M17520659-3038187,6.814756,359.265717,-2.08358502,-0.2551481,-0.99245
2M17520823-3022410,2.425316,359.493073,-1.95611131,0.029668,0.073615
2M17521099-2910280,7.792275,0.534608006,-1.35204923,-0.107508,-0.73134
2M17522819-2921497,6.428584,0.403392255,-1.50222397,-0.312398,-1.0994
2M17523300-3027521,8.228988,359.463898,-2.0766995,-0.274298,-1.3887
2M17524878-3026027,3.873541,359.518921,-2.11009407,0.169132,0.30281
2M17525178-3045328,1.889412,359.24411,-2.28429413,0.07084999,0.10631
2M17525945-3010063,6.495021,359.767456,-2.00833941,0.09416999,-0.071319
2M17530553-2909560,6.066057,0.643173695,-1.51839232,-0.1726081,-0.76539
2M17530932-2931465,7.391522,0.336361557,-1.71497893,0.01791203,-0.72364
2M17531121-2947496,8.086134,0.109169304,-1.85656977,-0.01733798,-0.61584
2M17531202-2921172,7.472758,0.492032886,-1.63473499,-0.022488,-0.4088
2M17531620-2922520,6.997762,0.4770284,-1.66116667,-0.03371805,-0.57394
2M17531685-3036411,6.496971,359.417084,-2.28686047,0.03566201,-0.20031
2M17531784-3051441,7.095862,359.202423,-2.41696239,-0.020908,-0.64929
2M17531915-3034316,3.297793,359.452301,-2.27575994,0.183362,0.28342
2M17533920-2935350,3.073394,0.336540818,-1.84048879,0.197042,0.28654
2M17534364-2941473,2.55318,0.255450368,-1.90672624,-0.04349801,-0.22443
2M17534571-2949362,7.036989,0.146847308,-1.97911274,-0.182578,-0.91242
2M17540524-2917168,2.032621,0.647614837,-1.76761127,0.048802,0.17884
2M17541769-2949044,6.472866,0.212972701,-2.07440162,-0.137598,-0.71392
2M17542811-2939408,1.754688,0.367233664,-2.02785945,-0.019168,0.25691
2M17543352-3012570,6.858286,359.898041,-2.32456636,-0.05395806,-0.59009
2M17543959-3010161,6.49766,359.947693,-2.32090616,0.315152,0.23594
2M17544538-3005589,5.240846,0.0199879073,-2.30290627,0.264382,0.3925
2M17550081-2952004,2.98887,0.249411032,-2.23361588,0.133308,0.033864
2M17552713-2944388,7.568099,0.40342465,-2.25405049,-0.060238,-0.69768
2M17553156-2921074,7.506776,0.75055629,-2.07069921,-0.03140801,-0.54269
2M17553785-3000008,2.222068,0.201350734,-2.41633177,0.261922,0.13195
2M17553847-3032040,3.844549,359.740143,-2.68670106,0.102492,0.16776
2M17554452-2950068,8.251446,0.356234789,-2.35422659,-0.06922799,-0.60368
2M17562907-3017343,6.289326,0.0406696163,-2.72282505,0.273172,0.20554
2M17564064-3022455,1.29495,359.986603,-2.80210495,0.125402,0.16589
2M17565316-3002190,7.35772,0.304499775,-2.67064095,-0.1936979,-1.3186
2M17565532-2950132,7.165037,0.483153045,-2.57651496,-0.2419981,-1.4919
2M17570752-2943346,5.301219,0.601213276,-2.55933595,0.002259001,-0.093647
2M17570824-3022526,7.370522,0.0345650204,-2.88900328,0.008491993,0.038603
2M17571005-3020262,7.391083,0.0731113628,-2.87433243,-0.01319802,-1.0867
2M17572228-2949145,4.227676,0.546067834,-2.65277243,0.318862,0.25408
2M17394615-2653497,3.819042,1.05431473,2.171839,0.005621985,-0.13897
2M17401814-2712023,4.98903,0.8598966,1.91021359,-0.150058,-0.32492
2M17404352-2716596,2.172251,0.839662969,1.78671336,0.07472999,0.074927
2M17404616-2713500,6.565561,0.889525056,1.80630088,-0.07461798,-0.72767
2M17404626-2707038,16.58009,0.98553431,1.86569273,-0.217598,-1.0698
2M17404795-2701504,8.286175,1.06274235,1.90644991,-0.03918797,-0.90111
2M17405461-2725564,6.832112,0.734815419,1.67297864,-0.06669801,-0.58551
2M17410443-2640108,6.705899,1.40173733,2.0453701,-0.047858,-0.46002
2M17412625-2715279,7.096426,0.945000589,1.66585553,-0.115858,-0.73403
2M17413376-2720203,8.481104,0.890692532,1.59936082,-0.3286979,-1.2338
2M17420087-2713216,1.88,1.04250836,1.57543695,0.09228198,0.21385
2M17421318-2738551,1.653655,0.704382956,1.31224644,0.052852,-0.04721
2M17422112-2714205,6.880625,1.06815171,1.5030247,-0.04383802,-0.59195
2M17423299-2739386,1.75437,0.732618988,1.24372423,0.040572,0.24136
2M17423432-2701081,2.032756,1.28113067,1.57727194,0.0005319715,0.33296
2M17424722-2705068,5.494101,1.24992096,1.50166869,-0.04673803,-0.49996
2M17425386-2658281,7.289531,1.35711479,1.53893745,0.00137201,-0.48809
2M17431401-2621406,5.256158,1.91860461,1.79705322,0.1055717,-0.002188699
2M17431557-2750120,1.867275,0.665482104,1.01767707,0.160362,0.14679
2M17431976-2731265,7.900172,0.939720988,1.16865695,-0.132948,-0.75885
2M17433046-2613112,7.189684,2.07139754,1.81896329,0.014362,-0.1105
2M17433577-2743164,3.36124,0.802872539,1.01486015,0.176242,0.10156
2M17433596-2728497,2.536675,1.00825953,1.14052689,0.021854,0.16625
2M17433745-2610077,6.439876,2.12852263,1.82340848,0.04903197,-0.44092
2M17434331-2610217,5.8185,2.13669682,1.80271077,-0.100198,-0.916
2M17434675-2616068,7.930553,2.06172466,1.7415545,-0.158738,-0.84216
2M17434950-2748228,3.146078,0.756926954,0.927143037,0.224502,0.32009
2M17435055-2622220,3.747503,1.98034418,1.67485702,0.450602,0.37524
2M17435652-2614269,6.961316,2.10451818,1.72499025,0.151659,-0.13286
2M17440522-2616486,7.557994,2.08798265,1.67665994,-0.197398,-0.8279
2M17440639-2613588,6.635409,2.1304996,1.69761229,0.153398,0.061425
2M17441678-2617383,2.246122,2.09880018,1.63265955,0.100662,0.21752
2M17442343-2627304,7.961819,1.97153342,1.52549815,-0.1907279,-0.98527
2M17444583-2610464,6.932621,2.25315714,1.59986401,-0.138648,-0.66115
2M17450595-2737466,2.774683,1.05505908,0.779218078,0.170402,0.35776
2M17450604-2627120,4.314919,2.05893779,1.3925904,0.213382,0.25196
2M17451914-2639445,6.553258,1.90597904,1.24193883,-0.179818,-0.82808
2M17453184-2625550,1.011246,2.12735319,1.32161748,0.06527299,0.067234
2M17454705-2639109,6.860383,1.96807325,1.15809453,-0.174918,-0.94248
2M17454774-2739573,7.107617,1.10445976,0.628647387,-0.206498,-1.0629
2M17455353-2706393,2.662814,1.58955288,0.899242103,0.418612,0.2104
2M17460436-2718417,3.488488,1.43904161,0.760584593,0.14638,0.060552
2M17464056-2700149,2.497198,1.7714932,0.805615306,0.122192,0.11356
2M17464946-2701505,6.404535,1.76594496,0.7636078,-0.236798,-1.2109
2M17470376-2651010,2.859414,1.94776046,0.811725497,0.246402,0.28066
2M17505530-2821376,2.548552,1.09357882,-0.698810995,0.104503,0.056848
2M17512337-2837438,4.435728,0.91541034,-0.924360394,-0.04240799,-0.63182
2M17512444-2758433,2.075097,1.476403,-0.595629692,0.192199,0.052123
2M17513541-2749434,2.295426,1.62596989,-0.553788364,-0.020707,0.16295
2M17514197-2755045,1.535268,1.56161356,-0.620072424,0.170062,0.26891
2M17514916-2859341,5.979355,0.650432885,-1.19108474,-0.150798,-1.1662
2M17521061-2841185,3.349015,0.952237606,-1.10333705,0.166812,0.2485
2M17521386-2753396,2.548209,1.64177072,-0.709080935,0.146372,0.24797
2M17521904-2838366,3.753173,1.00662827,-1.10697103,0.197152,0.24793
2M17522825-2837578,5.199276,1.03307164,-1.13048005,-0.03936803,-0.63166
2M17522914-2840582,3.024801,0.991563499,-1.15878642,0.232562,0.26288
2M17523042-2904194,7.507771,0.658792436,-1.36081696,-0.091878,-0.66935
2M17523442-2824533,6.052497,1.23221338,-1.03905702,-0.00750798,-0.531
2M17523522-2840577,4.702273,1.00299442,-1.17785072,0.04732199,-0.09092
2M17530434-2831238,5.332343,1.19448841,-1.18856657,0.04083198,-0.32476
2M17531226-2741016,1.942497,1.93258452,-0.787355304,0.127742,0.10019
2M17532474-2819408,3.383967,1.40070987,-1.15386236,0.031422,-0.15721
2M17532819-2832473,1.685831,1.21879327,-1.27558064,0.06033,-0.042196
2M17534312-2749009,1.898413,1.87557065,-0.952957869,-0.069846,0.019178
2M17535265-2907133,7.886996,0.769107938,-1.64331317,0.06894201,-0.51669
2M17540015-2914260,3.537943,0.679197788,-1.72765529,0.01596069,0.095306
2M17540310-2849038,8.199452,1.04950809,-1.52300715,-0.223498,-1.063
2M17540395-2739107,3.031903,2.0558641,-0.936145484,0.234182,0.25438
2M17540628-2858503,1.322453,0.914812386,-1.61541843,0.098492,0.16323
2M17541151-2849033,5.269944,1.06516302,-1.54940581,-0.125068,-0.58935
2M17542506-2859540,3.371547,0.93414247,-1.68342018,0.293672,0.39003
2M17542709-2753046,6.919236,1.89919198,-1.12691116,-0.319098,-1.3579
2M17542841-2906555,8.160515,0.839240253,-1.75310898,0.083312,-0.10104
2M17542968-2914351,3.428523,0.731304467,-1.82156706,0.175702,0.15632
2M17543877-2856269,3.219049,1.00907516,-1.69751072,0.166442,0.19638
2M17543967-2809457,4.347561,1.68254602,-1.30737197,0.199712,0.17921
2M17545194-2911413,7.578628,0.813914716,-1.86708724,-0.045968,-0.56277
2M17550153-2858303,3.578209,1.02136731,-1.78643501,0.171013,-0.041834
2M17550359-2901029,7.59463,0.988506734,-1.81426775,-0.09682798,-0.68216
2M17550526-2734416,2.378195,2.23478007,-1.09367514,0.01757499,-0.051733
2M17552566-2801335,6.470382,1.88594115,-1.38436401,0.02644199,-0.58696
2M17552888-2843129,7.846375,1.29189467,-1.74426305,-0.257198,-1.1081
2M17552996-2917482,6.560213,0.795501173,-2.03783369,-0.113278,-0.31955
2M17553753-2841556,4.583942,1.32637465,-1.76074934,0.07394199,-0.12824
2M17555362-2833564,1.761121,1.47109759,-1.74466217,0.169452,0.2174
2M17560134-2837157,1.517696,1.43741453,-1.79688525,0.03911499,0.066926
2M17560847-2756038,2.007071,2.0444169,-1.47440863,0.261662,0.44919
2M17560974-2852121,8.276783,1.23741734,-1.94851947,0.00900203,-0.43593
2M17561751-2832070,5.06938,1.54132211,-1.80498552,0.087078,0.018364
2M17562473-2901176,0.3572557,1.13374054,-2.07186675,0.3952628,-0.25217
2M17563238-2828542,7.423532,1.6150136,-1.82519758,-0.07411802,-0.78097
2M17563650-2810192,6.741839,1.89063358,-1.68285608,-0.05639797,-0.38067
2M17564310-2814275,6.859543,1.84311748,-1.73843205,-0.035748,-0.33869
2M17564551-2756212,8.274166,2.10871434,-1.59472215,-0.231598,-1.4991
2M17564968-2805065,2.959818,1.99012101,-1.68118715,0.04858199,0.1967
2M17570733-2804473,4.703641,2.02726126,-1.73465276,0.434562,0.5587
2M17571153-2823175,8.2234,1.76794243,-1.90244579,-0.08108801,-0.52693
2M17572120-2759113,1.663491,2.13366508,-1.73208082,0.026777,0.069226
2M17575009-2803338,5.627948,2.12363887,-1.86055946,-0.039428,-0.84777
2M17575750-2817430,1.585833,1.93277383,-2.00196552,0.028782,-0.1063
2M17580288-2814051,4.753971,1.99512756,-1.98886025,0.162062,0.35799
2M17581885-2819187,5.995085,1.94883645,-2.0831039,0.04254198,-0.25085
2M17582237-2837206,2.99534,1.69457364,-2.2441287,0.05229199,-0.1335
2M17462892-2710087,2.386261,1.60808814,0.756899357,0.08763197,0.1895
2M17463095-2723221,1.961781,1.42363405,0.636013329,-0.048782,-0.011896
2M17465271-2707547,1.366831,1.68568432,0.700821936,0.096682,0.12502
2M17465424-2646515,1.082643,1.98867607,0.877957642,-0.07516804,-0.45801
2M17470273-2645520,1.33671,2.01918244,0.859521151,0.05784199,0.24649
2M17470359-2738454,1.637554,1.26697648,0.399817675,0.127362,0.27329
2M17470506-2730170,2.172141,1.39056277,0.468389422,0.216672,0.16642
2M17473060-2705024,1.879402,1.79944551,0.605421722,0.04470199,0.19904
2M17474197-2636268,4.831133,2.22917318,0.815811157,0.235432,0.38133
2M17474873-2643401,7.993996,2.13915205,0.732040584,-0.107938,-0.76506
2M17475059-2700110,2.312608,1.90709877,0.583797216,0.0109379,0.0042441
2M17480011-2648473,1.675213,2.08796382,0.651684761,0.0415512,0.081378
2M17481900-2637107,2.377663,2.29000568,0.691411972,0.09334198,0.21495
2M17482893-2756040,1.999552,1.18274379,-0.0186064355,0.05178629,0.0041637
2M17484283-2757313,1.528622,1.18837726,-0.0749528557,-0.02003799,-0.17443
2M17484775-2700006,2.798836,2.01911354,0.403564066,0.106662,0.060593
2M17485773-2645066,2.812852,2.25106621,0.499697536,0.227692,0.28304
2M17492190-2725223,2.689373,1.72191644,0.0774185807,0.180582,0.34989
2M17493191-2726145,1.777657,1.72852087,0.038216766,0.129982,0.2323
2M17494216-2734045,2.306925,1.6359911,-0.0613743886,0.156372,0.33812
2M17494251-2721049,2.896505,1.82243872,0.0487903655,0.390682,0.14632
2M17500093-2631206,2.207891,2.56888437,0.415791005,0.104537,0.076288
2M17500432-2654262,1.494126,2.24503708,0.20742628,0.01428499,0.044375
2M17500548-2648386,0.1924609,2.33012342,0.253274679,0.2943325,-0.32514
2M17500784-2629274,2.205915,2.60910773,0.40981859,0.118962,0.27391
2M17500900-2751193,3.030823,1.44017434,-0.293919712,0.16786,0.095032
2M17502114-2649395,1.729997,2.34545875,0.194596976,0.202642,0.14936
2M17502887-2734505,0.4387461,1.71355355,-0.215993658,0.5493525,-0.20952
2M17503164-2758364,2.604416,1.37863207,-0.427727491,0.247502,0.1534
2M17503435-2754001,1.975694,1.44967723,-0.396974087,0.108386,0.06413
2M17504671-2737138,2.069375,1.71312368,-0.292969406,0.166692,0.35049
2M17505525-2700458,1.716973,2.25141501,-0.00901218131,0.173202,0.23729
2M17510013-2623057,0.9940278,2.80012393,0.296584517,0.081292,0.16631
2M17510358-2801104,2.803528,1.40204191,-0.550576985,0.09880599,0.080367
2M17512301-2726495,2.353957,1.93070781,-0.319512963,0.27172,0.082692
2M17512539-2716334,2.668975,2.08233452,-0.239639908,0.206392,0.26337
2M17513950-2719399,1.510121,2.0644834,-0.311046124,-0.01039001,-0.032438
2M17514793-2730349,2.363414,1.92393613,-0.430700719,0.146732,0.28247
2M17514835-2752086,2.795468,1.61562228,-0.61537534,0.179252,0.16885
2M17515854-2727187,2.097844,1.99080849,-0.436638683,0.148292,0.24745
2M17515880-2700349,1.552432,2.37454486,-0.210297629,-0.06258,-0.058798
2M17520634-2630024,2.042942,2.82673407,0.025090389,0.01866999,0.19537
2M17522592-2638308,2.323436,2.74239469,-0.109633081,0.076473,0.084877
2M17522778-2729408,1.53556,2.01191306,-0.54975754,0.121222,0.22505
2M17522876-2711125,2.305641,2.27876639,-0.396156877,0.147662,0.16882
2M17522979-2705221,2.628783,2.36446524,-0.349875659,0.282352,0.36255
2M17523591-2726593,1.454611,2.06582737,-0.552788556,0.192732,0.28127
2M17523917-2731077,0.8832354,2.01257205,-0.598275244,-0.1378275,-0.21296
2M17524016-2708138,2.339846,2.34299684,-0.407249361,0.08842202,0.18874
2M17525279-2749068,2.135533,1.78000677,-0.793972731,0.109802,0.18564
2M17525600-2754246,4.498561,1.70999169,-0.849039137,0.108772,0.092472
2M17531727-2743403,2.593839,1.90397882,-0.825651169,0.194232,0.25782
2M17532725-2715387,2.493957,2.32520938,-0.620379567,0.0881061,0.021846
2M17533161-2647302,2.806788,2.73761153,-0.396330893,0.19193,0.085452
2M17534033-2714104,1.712687,2.37093854,-0.649691224,-0.035588,-0.185
2M17534534-2732163,2.34083,2.12031341,-0.818583727,0.255862,0.29951
2M17331788-2509206,6.992362,1.74656248,4.33240128,-0.04384798,-0.537
2M17333623-2548156,6.297523,1.23699188,3.92355323,-0.148398,-1.1261
2M17334921-2528270,1.928575,1.54187453,4.06098318,-0.01913701,-0.076371
2M17334975-2538120,1.983728,1.40591693,3.97148204,0.03997198,0.24155
2M17335855-2516478,0.1209845,1.7248106,4.13626528,-0.07732746,-0.36
2M17340977-2553440,7.153513,1.22820711,3.76842499,-0.120998,-1.3349
2M17342448-2508396,4.073193,1.89214826,4.12709475,0.01488203,-0.40077
2M17344136-2519498,3.182121,1.76928115,3.97320342,0.042382,-0.25309
2M17345459-2608025,5.641085,1.11768806,3.49848342,-0.01753801,-0.10889
2M17345763-2534482,3.72904,1.59155703,3.78726172,0.01209198,-0.15382
2M17350148-2608561,1.963675,1.11904001,3.46874499,0.180832,0.29977
2M17352087-2605114,6.121067,1.21086109,3.44120216,0.033732,-0.39972
2M17352782-2559333,7.335094,1.30420446,3.46979761,-0.114448,-0.31992
2M17353591-2537083,6.034383,1.63618231,3.6450491,0.152757,0.079015
2M17354018-2528273,1.943103,1.76714909,3.70924091,0.165562,0.26786
2M17355198-2509095,2.006677,2.06301546,3.84436846,0.005552996,-0.052031
2M17355449-2510554,6.189047,2.0432241,3.82058597,-0.1089981,-0.7866
2M17361571-2512153,6.29884,2.06743789,3.74117303,-0.01100802,-0.66521
2M17364010-2552204,3.311692,1.55147278,3.30581689,0.187582,0.23838
2M17364739-2533597,2.637709,1.82481015,3.44639921,0.265852,0.28354
2M17364936-2515491,7.292613,2.08520722,3.60224724,0.04858199,-0.3547
2M17365915-2553255,7.505473,1.57444406,3.23583317,-0.04504806,-0.67212
2M17370662-2558011,6.924293,1.52467716,3.17120671,-0.1035081,-0.95149
2M17371040-2536115,2.732225,1.84015286,3.35377812,0.107452,0.16927
2M17371612-2435356,0.06898774,2.70726061,3.87495017,-0.0379675,-0.12616
2M17373987-2607203,3.26443,1.45982742,2.98298168,0.133851,0.098921
2M17381742-2543438,7.413125,1.86828971,3.07385397,0.05143195,-0.53176
2M17382281-2433293,0.4728529,2.87191939,3.67977643,-0.0596575,-0.23741
2M17384316-2552168,6.616208,1.79897773,2.91625309,-0.2578981,-1.1406
2M17392232-2533484,0.6603935,2.13834858,2.95537543,-0.005888,-0.18213
2M17392534-2604286,4.031971,1.71069705,2.67437887,0.185337,-0.040441
2M17393647-2522048,0.681681,2.33253241,3.013937,0.063032,0.074177
2M17394396-2547381,0.2271648,1.98593724,2.76421189,0.04080352,0.12966
2M17394736-2549486,2.336025,1.96193802,2.73416805,0.139682,0.10059
2M17395231-2531293,2.985196,2.23104072,2.88026452,0.260932,0.29935
2M17395636-2541216,7.553149,2.09942818,2.78017497,-0.138168,-0.96293
2M17400031-2526474,4.932622,2.31349778,2.89624834,0.336262,0.36223
2M17401087-2545028,26.39644,2.07612967,2.70144582,-0.533498,-1.2535
2M17401106-2521533,7.096536,2.40431762,2.90519285,-0.286298,-1.5841
2M17402261-2538298,2.344379,2.19220066,2.72182369,0.163082,0.13846
2M17402842-2504513,0.9689066,2.68024063,2.99983907,-0.020466,-0.014302
2M17404358-2516548,6.865973,2.53965402,2.84506965,-0.080688,-0.65341
2M17251942-2358364,2.089702,1.74195945,6.49502468,0.188972,0.41859
2M17252281-2411487,2.708207,1.56460452,6.36259031,0.102697,0.041504
2M17252798-2403122,1.641597,1.69585013,6.42553854,0.02881999,0.044699
2M17254638-2434409,0.7100263,1.2949003,6.07728577,0.04493751,0.015063
2M17255055-2402430,5.355818,1.75037992,6.35844612,-0.110668,-0.60196
2M17255783-2442309,2.773554,1.20963097,5.96896887,0.09117201,0.25042
2M17255962-2444326,4.218351,1.18505645,5.94462824,0.161612,0.2801
2M17261056-2401226,6.482409,1.8113811,6.3072629,-0.233898,-1.0504
2M17261370-2358492,4.283863,1.8537786,6.32078457,0.179022,0.13874
2M17261527-2355324,7.206187,1.90300179,6.34595156,0.005311966,-0.51934
2M17262204-2418136,6.725987,1.59997427,6.11594677,-0.042128,-0.42967
2M17263951-2406247,6.784474,1.80202389,6.16910028,-0.04450798,-0.59051
2M17265819-2424222,5.196551,1.59009945,5.94504452,-0.145258,-0.58363
2M17265909-2445516,7.89737,1.29151452,5.74486494,-0.065718,-0.67039
2M17270093-2451395,2.514729,1.21432924,5.68581676,0.198952,0.23299
2M17271917-2414102,8.616155,1.77688563,5.97207499,-0.266898,-1.3153
2M17272154-2418468,7.237842,1.71734691,5.92229319,-0.08755797,-0.77982
2M17272774-2451582,5.822774,1.26607442,5.59835148,0.117672,-0.14877
2M17273218-2441303,6.852141,1.42170453,5.6803031,0.109132,-0.26012
2M17273223-2450341,6.016172,1.29504573,5.5970397,-0.306708,-0.94779
2M17273839-2443503,6.033072,1.40208471,5.63926697,0.09390729,-0.0096223
2M17274680-2443286,0.1409783,1.42471099,5.61599207,0.03902252,-0.2158
2M17274902-2352351,0.4722192,2.14191341,6.07475328,-0.09891949,-0.080758
2M17275256-2331313,7.176671,2.44467807,6.25592756,-0.446298,-1.3801
2M17275452-2426508,1.322067,1.67359722,5.74384737,0.056952,0.29293
2M17280341-2417483,5.784453,1.81880271,5.79835606,-0.06790799,-0.33466
2M17281066-2329247,3.830846,2.51237154,6.2173295,-0.09276801,-0.59801
2M17282311-2431452,0.5980028,1.66467106,5.60835505,-0.0190485,0.11061
2M17283022-2430541,7.08802,1.69143403,5.59358835,-0.2700981,-1.109
2M17284610-2442436,2.353395,1.55897355,5.43523264,-0.01171,0.14604
2M17285499-2449237,1.25477,1.48411143,5.34620094,0.009345993,0.17612
2M17290020-2420112,0.05858723,1.90417111,5.59624052,0.01546052,-0.035868
2M17290036-2345154,2.024873,2.3944006,5.9140439,0.06850299,0.10108
2M17290326-2347202,7.478303,2.37128687,5.88585758,-0.003248021,-0.21057
2M17290522-2320369,3.976455,2.75054622,6.12279558,0.225422,0.34929
2M17290606-2339531,7.337905,2.4817462,5.94474459,-0.134598,-0.8241
2M17290731-2442570,2.503568,1.60001433,5.36602449,0.147298,0.034998
2M17290939-2336063,5.923958,2.54178858,5.96849632,0.150911,0.080091
2M17292277-2404298,1.915267,2.17131734,5.6673708,0.004085992,-0.057294
2M17293031-2421143,6.759038,1.95222151,5.49092436,-0.06933802,-0.7065
2M17293204-2323064,7.707391,2.77180529,6.01415634,-0.130518,-0.89538
2M17294914-2505056,7.890235,1.37662673,5.03183413,0.07298199,-0.12007
2M17295161-2330269,4.550012,2.70964289,5.88477564,-0.005268008,-0.22417
2M17295877-2331587,2.085173,2.70311069,5.84792852,0.169722,0.28507
2M17300299-2435062,0.3955255,1.82572913,5.26095438,-0.1755375,-0.17125
2M17300821-2342117,0.4932225,2.57930207,5.72499037,0.07706951,0.090816
2M17301050-2454153,7.959931,1.57275343,5.06294107,-0.08756799,-0.73523
2M17302654-2452092,7.888447,1.63541508,5.03122425,-0.2843981,-1.2843
2M17302695-2342034,7.063975,2.62034225,5.66623211,-0.076318,-0.1606
2M17304545-2345479,1.380494,2.60631824,5.5731082,-0.003777005,0.069016
2M17304958-2350297,0.09206807,2.54890966,5.5173521,0.09118051,-0.033214
2M17304958-2350297,0.09206807,2.54890966,5.5173521,0.2433335,-0.17375
2M17305089-2347494,6.590801,2.58917809,5.53737879,-0.09808803,-0.69188
2M17305174-2400488,1.295553,2.40838766,5.4169693,-0.066548,-0.19581
2M17310051-2335260,6.821272,2.78340602,5.61871767,-0.01238799,-0.47581
2M17310944-2407429,2.297665,2.34816861,5.29791403,0.240142,0.30129
2M17312271-2342119,1.354626,2.73447299,5.48635864,0.144682,0.29414
2M17313827-2448586,6.364253,1.82817709,4.83252048,-0.01227799,-0.46499
2M17314452-2408425,3.307184,2.40689635,5.17692852,0.114193,0.061113
2M17314544-2342421,7.281442,2.77459264,5.40895271,0.14331,0.082282
2M17314913-2352264,7.586171,2.64525557,5.30915594,0.03987199,-0.45871
2M17315248-2350322,0.4108478,2.6789856,5.31561613,-0.4808774,-0.12529
2M17320467-2408124,6.99755,2.45567679,5.11707878,0.161558,0.085034
2M17320707-2347579,2.984683,2.74543238,5.29208946,-0.011228,-0.26995
2M17320814-2423017,6.19959,2.25442433,4.97212553,-0.131838,-0.99186
2M17321231-2353237,0.3345644,2.67984653,5.22631454,0.03385351,-0.094021
2M17322148-2419153,6.631521,2.33502316,4.96363211,-0.116448,-0.48333
2M17323438-2428511,4.293597,2.22664356,4.83588362,0.426682,0.43812
2M17323958-2416107,8.23853,2.41563916,4.93359947,-0.152788,-0.78051
2M17324345-2406203,5.94101,2.56207156,5.00992537,0.08691198,-0.38241
2M17324368-2359183,5.648487,2.66157031,5.07255268,0.322482,0.34295
2M14512083+0443291,0.149534,0.178831384,53.6941681,0.02094561,-0.0089431
2M14512621+0420256,1.133358,359.719269,53.4227333,-0.146658,-0.24665
2M14512975+0418172,0.2806766,359.69101,53.3880539,0.05605932,-0.009586796
2M14513582+0457538,0.6040684,0.553920448,53.8054352,0.0326125,-0.23418
2M14513913+0459438,0.4569922,0.608228564,53.8151283,-0.1004775,-0.21673
2M14514297+0443537,0.1172182,0.289873511,53.6295776,0.01064052,0.10188
2M14514675+0443012,0.6390027,0.288824409,53.6081772,0.1166625,-0.13296
2M14514788+0421001,6.312251,359.831635,53.3618279,-0.198498,-1.0907
2M14514813+0415137,0.2183611,359.712372,53.2971268,0.02657551,0.13965
2M14515537+0441212,0.626548,0.293391675,53.5629387,-0.033908,0.079811
2M14520823+0501571,0.3007903,0.789465785,53.7480927,-0.03426749,-0.25965
2M14521336+0508317,2.962342,0.953429163,53.8035469,-0.130788,-0.70465
2M14522109+0404165,3.268277,359.637207,53.0733757,-0.113328,-0.17201
2M14522180+0527363,3.500279,1.40214324,53.9835625,-0.196668,-0.64837
2M14522522+0437088,1.992838,0.342091173,53.423481,-0.08996803,-0.40857
2M14522904+0513198,0.2633787,1.12805247,53.8062859,-0.001077496,-0.0523
2M14523400+0349064,1.616328,359.384155,52.8646545,-0.02577601,-0.044942
2M14523754+0406283,6.527614,359.758423,53.0467186,-0.100908,-0.33519
2M14523949+0508279,0.4940104,1.07163548,53.720623,-0.2916676,-0.44379
2M14524532+0353424,0.1837089,359.530731,52.8808632,0.03085751,0.083761
2M14524761+0348574,1.236336,359.443726,52.8208885,-0.038598,0.03201
2M14524858+0517302,0.131158,1.30677342,53.7898369,-0.0395975,-0.17566
2M14525148+0513396,0.2885284,1.23752952,53.7390976,-0.03099748,-0.19786
2M14525718+0449492,1.071266,0.75584501,53.4620934,-0.02568201,0.014204
2M14525942+0428004,1.674326,0.307033598,53.2162514,-0.173768,-0.41193
2M14530077+0439319,0.2049304,0.55507803,53.3384132,-0.08408746,-0.32887
2M14530195+0356011,0.7165372,359.654694,52.8550415,-0.120418,-0.40225
2M14530840+0528124,6.601366,1.62725544,53.8425598,-0.3165981,-1.1644
2M14531763+0411586,2.621602,0.0562729016,52.982933,-0.100418,-0.40677
2M14532084+0332412,0.3059482,359.263916,52.5367508,-0.02104741,-0.77007
2M14532725+0516238,0.1088521,1.45867896,53.6556854,-0.06147748,-0.29163
2M14532866+0344030,1.333006,359.531433,52.6392708,-0.120118,-0.36969
2M14533172+0432236,0.1911388,0.546251535,53.163372,0.03579351,0.069029
2M14533331+0424203,3.098927,0.385036618,53.0700493,-0.105908,-0.73062
2M14533893+0459516,0.71284,1.15866768,53.4399796,-0.02848101,0.022143
2M14534083+0346368,0.5589167,359.639526,52.6300583,-0.07943749,-0.81058
2M14535189+0342238,0.7290843,359.603699,52.5489426,0.01495251,-0.201
2M14535446+0340130,2.660837,359.570923,52.5167427,-0.181428,-0.62336
2M14535596+0440098,9.900853,0.81948489,53.1722336,-0.261598,-1.184
2M14540218+0431505,3.248544,0.673026741,53.061882,-0.211908,-0.66029
2M14540333+0359308,0.7151079,0.00689410744,52.7030487,-0.06451901,0.15283
2M14540780+0515431,0.2429279,1.62742698,53.5200157,-0.005145494,-0.060092
2M14541495+0408555,0.7649175,0.253951252,52.770607,0.01638969,0.098212
2M14541842+0534258,0.2813948,2.07756233,53.6868973,0.02214251,0.11727
2M14542217+0507138,0.2025768,1.51081896,53.3830833,-0.02702749,-0.20786
2M14542327+0400590,0.290655,0.127719447,52.6571617,0.02927251,-0.12804
2M14542955+0458238,0.183303,1.35626447,53.2643967,0.002610508,0.035982
2M14543145+0532044,0.3866157,2.0851531,53.6202354,-0.04060751,-0.30971
2M14543252+0436056,0.1157926,0.899338305,53.0130081,0.04766852,-0.080716
2M14543899+0411418,0.2923928,0.4201684,52.7259369,0.03897751,0.083025
2M14544177+0328443,0.3466293,359.552673,52.2425346,0.0853525,0.18824
2M14544182+0352588,1.005537,0.0471754931,52.5110855,-0.01224801,-0.23666
2M14544398+0442215,3.462664,1.0825237,53.0450935,-0.106308,-0.27419
2M14544421+0425101,3.620069,0.723613739,52.8571167,-0.137398,-0.56438
2M14545345+0534119,0.09392638,2.2293663,53.5728149,-0.1687274,-0.70849
2M14545501+0600464,0.3773777,2.81368184,53.8496246,0.002904516,-0.045532
2M14545925+0502421,1.897755,1.58101308,53.2168922,-0.165668,-0.73723
2M14550202+0425420,0.638272,0.814925075,52.8070145,0.05871851,-0.021936
2M14550719+0509330,0.1755867,1.7622292,53.2653885,0.02079951,0.11128
2M14551054+0533210,0.3694563,2.28732538,53.5092773,0.02830651,-0.092964
2M14551607+0430349,0.7050915,0.979902685,52.8160439,-0.02702901,-0.015709
2M14551891+0410420,1.278833,0.579463899,52.5900803,-0.095218,-0.6668
2M14552459+0412320,0.1205709,0.642879367,52.5923424,-0.02504849,-0.012789
2M14552673+0549218,0.7462667,2.70582891,53.6274147,-0.081828,-0.22867
2M14552854+0450073,1.380584,1.44583976,52.9885216,-0.034778,-0.26774
2M14553172+0318059,0.795136,359.563538,51.9694672,-0.08902803,-0.35988
2M14553761+0329389,0.4237528,359.823364,52.0794563,0.0919825,0.189
2M14554657+0348593,0.05969888,0.257185757,52.2651939,0.003082417,-0.0058899
2M14554926+0437458,0.9714667,1.27867806,52.7893791,0.008823991,0.15735
2M14554958+0509595,1.216057,1.96064413,53.1355019,0.00649,0.093627
2M14555154+0357345,0.9396033,0.45538792,52.3440399,-0.03364798,-0.35471
2M14555604+0323059,0.7054066,359.773743,51.9496346,0.004722517,-0.03618
2M14555819+0330081,0.3267092,359.92569,52.0208893,0.09086622,0.069567
2M14555839+0559337,2.2806,3.06780314,53.6333084,-0.08341801,-0.5979
2M14555851+0327239,0.4446786,359.871735,51.989624,0.08266251,-0.13788
2M14560059+0556023,1.646894,3.00072837,53.5891953,-0.155358,-0.34912
2M14560080+0334501,0.4689069,0.0326656289,52.0647659,0.001462504,-0.14649
2M14560473+0313565,0.1715312,359.628387,51.8209724,-0.1825975,-0.517
2M14560778+0344407,0.66399,0.264199167,52.1515465,-0.02921802,-0.23681
2M14560950+0320332,0.3771236,359.782837,51.8795967,-0.1077175,-0.25194
2M14561617+0350189,0.2218974,0.416842997,52.1873169,-0.1183475,-0.40815
2M14561706+0544051,0.6601748,2.81388879,53.4103165,-0.0120725,-0.096465
2M14562633+0413215,0.5198953,0.935990274,52.4074821,0.07275332,0.082558
2M14562651+0547350,0.3803451,2.93121791,53.4168816,0.01767652,0.070783
2M14563086+0343060,0.6651729,0.335190862,52.0621033,-0.08265799,-0.44965
2M14563221+0606517,0.286974,3.37586451,53.6009293,0.01316952,-0.015857
2M14563339+0313329,0.5195389,359.748932,51.7277336,0.06260252,0.33398
2M14563629+0337519,0.2903701,0.252905041,51.9875374,0.1209925,0.37381
2M14563685+0429231,0.05468251,1.31540179,52.5484238,-0.0448225,-0.052655
2M14563764+0449322,0.9084367,1.74088109,52.7633438,-0.106808,-0.36672
2M14564536+0343540,0.2719144,0.416128397,52.0255737,0.1552075,0.08849
2M14564885+0335101,0.2572052,0.254179329,51.9186363,0.1238525,0.2662
2M14564932+0550009,0.586212,3.08405137,53.3691788,-0.007374,-0.055044
2M14564940+0326308,0.3089029,0.0814680159,51.8214874,-0.03041747,-0.20506
2M14565030+0324520,2.870038,0.052244775,51.8004951,-0.008898005,-0.24865
2M14565536+0335125,0.3677488,0.283988953,51.8987427,-0.2771775,-0.48798
2M14565667+0513423,0.2854078,2.33639407,52.961422,0.05233151,0.12222
2M14565827+0516490,0.07993774,2.40970945,52.9894104,-0.02964749,-0.10395
2M14570305+0526591,0.4342709,2.64805079,53.0820541,-0.00147748,-0.34099
2M14570446+0528589,0.5781099,2.69701028,53.0986938,0.05644251,0.21
2M14570525+0516193,0.2032574,2.42986536,52.9618416,0.01803751,-0.078825
2M14570581+0357302,1.280239,0.785016835,52.1104851,-0.06072798,-0.41334
2M14570594+0557520,1.24499,3.32722712,53.3980026,-0.031698,-0.1721
2M14570753+0523112,0.4821425,2.58638835,53.0274734,0.0776825,0.22806
2M14570945+0404235,0.150903,0.942600071,52.1741867,-0.06164749,-0.14979
2M14571315+0517132,0.5260537,2.48369431,52.9461555,-0.080231,-0.027167
2M14571406+0509135,1.705225,2.31765795,52.8581734,0.01598199,0.16615
2M14571506+0455330,1.229631,2.03269076,52.7089844,-0.050208,-0.20942
2M14571828+0409559,3.806712,1.09577703,52.2066879,-0.09347796,-0.58486
2M14571884+0556483,15.44373,3.36040711,53.3453293,-0.276198,-1.3032
2M14571968+0408412,0.4012515,1.07625377,52.1887474,-0.05763549,-0.097822
2M14572497+0555171,0.06808002,3.35413146,53.309639,-0.07163751,-0.31726
2M14572976+0510112,0.2796803,2.40693164,52.8183174,0.1078425,-0.19093
2M14573008+0345304,0.1905704,0.647444606,51.9031639,-0.1048075,-0.34018
2M14573294+0349164,0.8238359,0.736864924,51.9353905,-0.111478,-0.32684
2M14573574+0414422,0.2883855,1.27134371,52.2034225,0.02047451,0.022328
2M14574707+0532283,0.2383793,2.95815706,52.9988518,0.03622151,0.076063
2M14574829+0600460,0.5981438,3.57462716,53.2916145,-0.2072675,-0.4026
2M14575841+0334550,0.3436333,0.557559848,51.6983833,0.03783151,0.064424
2M14580636+0413297,0.9756311,1.38112831,52.0936317,-0.104588,-0.31689
2M14580669+0449074,0.2802235,2.12399721,52.4758797,0.02586199,0.21243
2M14580745+0500334,12.2267,2.36797285,52.5954361,-0.2238979,-1.5031
2M14580930+0430169,3.86205,1.74174881,52.2654877,-0.204888,-0.6276
2M14580998+0549176,1.178225,3.41990662,53.1017303,-0.04027802,-0.43083
2M14581931+0445356,0.03410984,2.10515404,52.3979111,-0.03543749,-0.17172
2M14582074+0439167,0.9856271,1.97928691,52.3257599,0.128672,0.3392
2M14582165+0344265,0.3236527,0.853206754,51.7296867,0.09656951,0.13847
2M14582628+0418099,0.169463,1.56492233,52.0810852,0.02006251,0.01413
2M14583598+0501081,0.93155,2.50448704,52.5104027,0.032332,0.047494
2M14583814+0355185,0.1232404,1.14709902,51.7961273,-0.05314749,-0.28879
2M14583958+0410315,1.106045,1.46552646,51.9564667,-0.049558,-0.1905
2M14583976+0417202,0.7072585,1.60673201,52.0294762,-0.043985,-0.019333
2M14584557+0519019,2.824996,2.92522287,52.6692123,-0.113518,-0.41744
2M14584714+0512430,0.4731767,2.79788971,52.5974655,0.01931252,-0.11042
2M14584870+0339458,2.066152,0.876988232,51.5936127,-0.231458,-0.62584
2M14585172+0321003,2.656862,0.511510789,51.3788528,-0.209308,-0.72109
2M14585458+0521572,0.806529,3.02642512,52.6710815,-0.01127401,0.039639
2M14585864+0436520,2.32282,2.09419084,52.1793175,-0.06999801,-0.19499
2M14590063+0348107,0.7770463,1.10016298,51.6477242,-0.246878,-0.57812
2M14590220+0429559,0.5509737,1.96540439,52.0937042,-0.180178,-0.3299
2M14590602+0447392,0.1893904,2.35159397,52.2709885,-0.04731748,-0.23804
2M14590852+0451569,0.6297845,2.45247984,52.3087311,0.009192526,-0.17991
2M14590908+0339126,3.062688,0.954948246,51.5235138,-0.153728,-0.53902
2M14591651+0452542,0.3099513,2.5071032,52.2933311,-0.02750748,-0.37863
2M14591983+0515164,0.434328,2.99349689,52.5195122,-0.1354675,-0.51171
2M14592019+0352002,0.2545896,1.26344442,51.6275826,-0.05190748,-0.4139
2M14592185+0332270,0.3393907,0.873969853,51.4096222,-0.0991675,-0.1819
2M14593028+0351400,0.1973511,1.30049694,51.5921097,0.03136871,0.0034938
2M14593399+0513379,0.7832668,3.01972103,52.4566803,0.080892,0.35287
2M14593443+0600569,1.820802,4.0355463,52.9496841,-0.3675981,-1.1477
2M14593657+0556116,0.6234292,3.94179773,52.8934593,-0.048709,-0.060949
2M14593846+0418207,0.1405931,1.88307583,51.8541107,-0.09186745,-0.48561
2M14593856+0334195,0.195742,0.984757841,51.3774948,0.0132525,-0.11837
2M14593972+0353285,0.2810296,1.37847495,51.5818825,-0.1013035,-0.038964
2M14594077+0531252,0.5219498,3.42732525,52.6216965,0.05943452,0.16362
2M14594269+0450171,3.779853,2.56536174,52.181778,-0.299048,-0.80245
2M14595020+0510579,0.3013043,3.03300524,52.3764801,-0.08203751,-0.2969
2M14595625+0407540,0.3552348,1.74523342,51.6852875,0.08547952,0.053035
2M14595784+0555512,2.246773,4.02526236,52.8209076,-0.07196802,-0.49619
2M14595907+0425046,0.139455,2.11132932,51.8607216,-0.0177975,-0.29386
2M15000002+0433264,0.3363525,2.28879094,51.9470673,-0.06104746,-0.35876
2M15000368+0413530,3.93161,1.90033364,51.7260551,-0.141018,-0.34853
2M15000452+0450100,0.1877035,2.65695643,52.1106453,0.001002491,-0.26915
2M15000648+0358077,1.259107,1.58944547,51.5475388,-0.06096804,-0.35893
2M15000682+0541112,2.170662,3.74785185,52.6394501,-0.196988,-0.69651
2M15002178+0400355,0.2643828,1.7059654,51.5256081,-0.01107748,-0.10287
2M15002428+0357154,0.4534883,1.64863384,51.4817467,0.1284725,-0.3171
2M15003567+0410125,0.1634163,1.96281612,51.584919,0.001876511,0.039306
2M15003797+0504344,0.4570316,3.1028676,52.1555328,0.03690851,0.19099
2M15005011+0515598,1.672082,3.39578867,52.2364235,-0.07496201,-0.074376
2M15005460+0518187,0.1782518,3.46396208,52.2461662,-0.1145075,-0.44134
2M15005475+0420079,0.1753904,2.24890876,51.6303978,-0.007257491,-0.4462
2M15005715+0339330,0.1489844,1.43082988,51.1863518,-0.01111749,-0.25466
2M15005997+0411246,0.09193194,2.09192109,51.5204811,0.04562051,0.010429
2M15010751+0437036,0.6698701,2.65378737,51.7698708,-0.02305549,0.10991
2M15010793+0402370,7.967344,1.94603837,51.4008636,-0.116078,-0.68584
2M15012531+0406136,0.2310776,2.09434414,51.384285,0.01130322,-0.0035207
2M15013253+0506386,0.4027001,3.3787415,52.0015182,0.07928249,0.29321
2M15013491+0517329,1.660169,3.61886978,52.1079559,-0.142008,-0.19846
2M15014121+0346165,0.6627356,1.75615609,51.1194191,-0.04458803,-0.39545
2M15014865+0440185,0.388184,2.89651966,51.6723442,0.06301911,0.0078874
2M15015154+0403420,0.2728925,2.15477586,51.2736893,-0.08200749,-0.10048
2M15015502+0519151,0.4169549,3.73986602,52.0606575,0.07176451,0.016933
2M15015923+0432010,0.3374842,2.76957369,51.5506401,0.06521161,0.08226
2M15020500+0435592,0.1943451,2.87624955,51.5741539,0.1181825,0.15819
2M15020602+0530369,0.230971,4.02721214,52.1431427,-0.01626149,0.021294
2M15020853+0512054,0.3699742,3.64568305,51.942215,0.1011525,-0.05299
2M15021003+0419493,0.2820132,2.5638876,51.3866119,0.05973051,0.15076
2M15021358+0354583,2.86124,2.07085896,51.1100044,-0.150648,-0.73325
2M15022123+0503592,0.499028,3.52883434,51.8164787,-0.04635748,-0.19062
2M15022803+0515172,0.4053808,3.79514337,51.9124641,0.05210651,0.078862
2M15022853+0452342,5.419422,3.32063437,51.6732597,-0.2992982,-1.8184
2M15023654+0417535,2.164072,2.63663411,51.2812729,-0.161218,-0.52219
2M15024617+0434585,2.526507,3.02940249,51.4312477,-0.146388,-0.56961
2M15024737+0422101,0.2401519,2.770329,51.2919273,0.01450751,0.098906
2M15030800+0428514,0.6917742,2.9950304,51.2964973,0.2267125,0.12534
2M18000469-2908300,7.355602,1.4291234,-2.82608318,0.053209,0.041739
2M18000505-2910156,7.378282,1.4042685,-2.84175968,-0.09611803,-0.55559
2M18001017-2901289,8.12429,1.54076421,-2.78550029,0.10759,-0.0397
2M18001230-2900186,5.147464,1.56161666,-2.7826004,-0.041058,-0.65125
2M18002313-2903121,5.240112,1.53923345,-2.84072089,0.117602,0.19491
2M18003215-2830453,2.508614,2.02602196,-2.60180187,0.110261,0.048394
2M18004232-2925419,8.264708,1.24739707,-3.08669782,-0.287798,-1.1966
2M18004757-2837251,7.087867,1.95734632,-2.70578265,-0.138578,-0.83422
2M18010325-2909050,1.096974,1.52615452,-3.01613665,0.034238,0.031384
2M18011040-2844047,7.732868,1.90196681,-2.83316755,-0.131968,-0.66051
2M18011263-2851539,8.106513,1.79249048,-2.90454364,0.117372,0.02534
2M18011443-2839582,6.686946,1.96888196,-2.81217813,-0.126998,-0.616
2M18011742-2915223,3.499831,1.4603008,-3.11266589,0.247832,0.27922
2M18011744-2822112,7.10927,2.23239231,-2.6754961,-0.1570979,-1.0899
2M18011782-2820577,3.960796,2.25087166,-2.66661835,0.054682,-0.13558
2M18012592-2827309,2.501256,2.17042184,-2.74635553,0.081802,0.22425
2M18013998-2832522,7.951095,2.1180954,-2.83512235,-0.046608,-0.46973
2M18014118-2828292,5.655672,2.1839056,-2.80294681,0.205902,0.26514
2M18014892-2937468,7.344929,1.19107544,-3.39604115,-0.170608,-0.74409
2M18015720-2903500,2.643939,1.69929206,-3.14393687,0.08175197,0.20499
2M18020567-2848334,3.07376,1.9365294,-3.04557729,0.06650899,0.025223
2M18021273-2925296,2.220478,1.41223145,-3.3705771,0.122832,0.35745
2M18022354-2844548,8.015815,2.02161789,-3.0725832,0.01809201,-0.45925
2M18022579-2812165,4.819,2.50002003,-2.81234884,-0.05321801,-0.52648
2M18022757-2844039,2.805366,2.04119182,-3.07843995,0.137382,0.25279
2M18023163-2810164,7.956284,2.53964972,-2.81464958,-0.275678,-0.84642
2M18023721-2901024,5.091507,1.8116467,-3.24802947,0.269572,0.23341
2M18023806-2931545,4.689045,1.36406481,-3.503088,0.188522,0.12946
2M18024659-2900119,9.576016,1.84069633,-3.27092361,-0.143108,-0.90489
2M18025133-2934524,2.088579,1.34454107,-3.56924009,0.204742,0.24365
2M18030152-2809484,4.750947,2.60041618,-2.90644217,0.314902,0.33896
2M18030886-2937378,3.086054,1.33556426,-3.6471076,0.103482,-0.17835
2M18031394-2934387,3.730186,1.38805127,-3.6388135,0.105482,0.2624
2M18033228-2933332,1.333048,1.43653131,-3.68788576,0.05095699,0.12487
2M18033348-2805201,3.996502,2.72313428,-2.97226501,0.106988,0.066245
2M18034027-2910475,5.667716,1.7823447,-3.52777886,-0.01325804,-0.55796
2M18034132-2844028,5.257029,2.17375588,-3.31313539,0.425262,0.35308
2M18034912-2907577,4.677873,1.83936107,-3.53281045,0.06009299,-0.069271
2M18034917-2930042,5.038082,1.51725566,-3.7129581,0.265512,0.36377
2M18035677-2851248,8.305348,2.09407973,-3.42237163,-0.2464981,-1.0866
2M18035677-2851248,8.305348,2.09407973,-3.42237163,-0.200598,-1.0994
2M18035777-2944211,7.681439,1.32428539,-3.8563149,0.01706201,-0.22235
2M18040396-2917226,2.878561,1.72855103,-3.65653849,0.258942,0.24484
2M18042634-2921555,5.989403,1.70197082,-3.76450944,0.435892,0.33775
2M18043468-2916358,4.892485,1.79448044,-3.74769497,0.201542,0.21361
2M18043751-2909406,3.539778,1.90043938,-3.70046806,0.375812,0.21507
2M18044665-2916062,2.487325,1.82290864,-3.78166342,0.218442,0.31702
2M18045356-2848400,1.505095,2.23541665,-3.58101177,-0.008028001,-0.22318
2M18045486-2950388,2.163126,1.33320677,-4.08770275,0.103134,-0.033277
2M18045834-2911269,2.557339,1.91156864,-3.78103971,0.191882,0.18363
2M18050714-2904140,8.479615,2.03246999,-3.75055146,-0.164378,-0.78152
2M18051894-2922432,10.03779,1.78350592,-3.93778086,0.09865599,-0.036032
2M18052189-2949283,8.309247,1.39793348,-4.16360855,-0.114758,-0.75764
2M18060161-2911409,4.30695,2.02019072,-3.98412538,-0.058588,-0.31663
2M18062532-2933491,6.457083,1.73830307,-4.23808146,0.046242,-0.20797
2M18062532-2933491,6.457083,1.73830307,-4.23808146,-0.08988802,-0.18718
2M18063274-2916452,5.182615,2.0009675,-4.12407684,0.357112,0.49896
2M18065231-2915305,2.058793,2.05364966,-4.1763196,0.219252,0.1571
2M18065940-2921596,2.401994,1.9712373,-4.25109243,0.379262,0.21316
2M17422861-2546393,0.115875,2.3263247,2.24823833,0.04995351,0.082803
AP17404305-2451196,10.37248,2.90117025,3.07207894,-1.388258,-0.90724
AP17405499-2431137,10.64425,3.21000051,3.21049786,1.090802,-1.2277
AP17412334-2431197,12.82026,3.26532412,3.11829472,-0.525558,-0.21481
AP17413274-2437571,11.06874,3.19013953,3.02987576,0.861576,-0.82003
AP17415202-2453019,11.90629,3.01462269,2.83554554,0.9037321,-1.6116
AP17420025-2409459,15.69434,3.64524341,3.18823576,-0.07100803,-0.55289
AP17423260-2455038,26.26484,3.06650066,2.68728161,0.7581021,-2.0374
AP17424942-2431250,33.11763,3.43581772,2.83991909,-0.310721,0.49324
AP17425360-2527221,14.86959,2.64942479,2.33721805,-0.07527798,-0.76858
AP17425881-2533430,12.27204,2.56958032,2.26501203,0.871562,0.03993
AP17431319-2524581,12.36049,2.72220683,2.2954452,-0.18992,0.20829
AP17431432-2444525,39.27477,3.29406714,2.64203143,0.206102,-1.172
AP17432733-2434443,7.611262,3.46397591,2.68853593,-0.288538,-0.31425
AP17432791-2457114,88.60873,3.14598775,2.49075651,0.180702,-1.6915
AP17435692-2426496,51.52277,3.63522196,2.66188693,-0.181908,-0.73189
AP17440182-2435415,29.16437,3.5188334,2.56884384,0.08476198,-0.45663
AP17440661-2511062,14.14487,3.02467823,2.24496174,0.030092,-0.28612
AP17442080-2523046,91.18437,2.88237143,2.09510207,-0.2043281,-0.86067
AP17442592-2539024,9.870638,2.66542792,1.93969834,0.311942,-0.84036
AP17445650-2420112,8.552179,3.84781027,2.5267446,-1.671288,-0.48791
AP17451194-2514125,17.45647,3.10910416,2.00786805,-0.180618,-0.30839
AP17455576-2504561,22.57599,3.32720709,1.94715285,0.4594321,-1.0154
AP17461420-2501429,42.94225,3.409266,1.91554892,-0.158148,-0.56649
2M17292839-2353156,7.206209,2.34073877,5.75168753,-0.138918,-0.61931
2M17293728-2339266,6.77772,2.55330753,5.84894419,-0.1789979,-0.7297
2M17294571-2347404,4.792179,2.45535517,5.74717045,0.0978654,-0.0045094
2M17295005-2335531,6.384031,2.62999678,5.84036732,-0.02353802,-0.34513
2M17295184-2324201,5.184974,2.79602838,5.93950748,0.04494199,-0.21893
2M17300293-2323452,6.62131,2.8274045,5.90922976,-0.209098,-1.0627
2M17301123-2310141,4.655946,3.03486848,6.00514412,0.02101198,-0.34372
2M17303581-2354453,7.353498,2.46038127,5.52279043,-0.200968,-0.98973
2M17304352-2330571,5.469676,2.8110075,5.71377468,0.099906,0.032994
2M17304549-2322331,1.620659,2.93325686,5.78350639,0.05440199,0.18117
2M17310157-2419473,2.628318,2.16223669,5.21364069,0.2271819,0.31999
2M17310617-2408150,0.9481723,2.33387995,5.30351257,-0.05111802,-0.66618
2M17311034-2306045,1.682551,3.21703434,5.85258198,-0.01211101,-0.035197
2M17311828-2420573,8.538927,2.18045735,5.14985085,-0.169198,-1.0754
2M17312909-2351237,1.695941,2.61837363,5.38279581,-0.00974302,0.17617
2M17313367-2332016,1.558232,2.9003582,5.54311275,0.123892,0.19243
2M17313623-2319546,6.949616,3.07624292,5.64431143,0.01468199,-0.68371
2M17314214-2338206,1.624282,2.82908273,5.45889139,0.04152199,-0.10522
2M17314269-2329002,1.795508,2.96168232,5.54143667,0.04768199,0.18054
2M17314824-2353439,8.263566,2.62523437,5.30035973,-0.04319799,-0.6065
2M17315141-2303016,3.614853,3.34564877,5.74772263,0.126708,0.074312
2M17315710-2420544,6.467318,2.26143312,5.02652454,-0.133238,-0.83316
2M17315861-2313186,1.875405,3.21577668,5.63181973,0.115585,0.054328
2M17320215-2412309,2.721083,2.38984704,5.08621407,0.051273,0.10011
2M17321287-2345338,11.07523,2.79124284,5.29517317,0.06732099,-0.048886
2M17321532-2309597,0.1708898,3.29725361,5.6078496,-0.01529747,-0.26559
2M17321771-2347067,7.344941,2.77947021,5.26567221,-0.02166796,-0.71719
2M17322824-2406018,8.427886,2.53502417,5.06133556,-0.268698,-1.5038
2M17322855-2249193,2.572794,3.61622262,5.75118446,0.121622,0.1439
2M17322890-2409156,3.955654,2.49092293,5.03011894,0.015042,-0.10046
2M17323178-2358154,6.882933,2.65170979,5.12010574,-0.151748,-0.80015
2M17323197-2248103,2.137371,3.63955951,5.75047493,0.03640199,0.27421
2M17323218-2349164,2.911707,2.77900314,5.19980001,0.02020198,0.25896
2M17323306-2346333,7.46624,2.81910133,5.221457,0.03558201,-0.28786
2M17323644-2307344,4.871815,3.37529707,5.56153822,0.090782,0.16394
2M17324091-2332353,3.245481,3.0320518,5.32202625,0.157762,0.13258
2M17330036-2419232,0.09545287,2.41329527,4.83830166,-0.007287472,-0.14888
2M17330169-2343241,5.285306,2.92274213,5.15796995,-0.06128803,-0.38349
2M17331258-2413240,4.888803,2.52274823,4.85315561,0.02437,0.18887
2M17332914-2404177,0.07035743,2.6850431,4.88203716,-0.09142748,-0.26629
2M17333087-2352519,2.47415,2.84963202,4.97922611,0.03050499,-0.040273
2M17333372-2254505,2.63428,3.67378163,5.49083614,0.020542,-0.1272
2M17333381-2357431,6.663248,2.7873385,4.92618084,-0.05972803,-0.65743
2M17333406-2412595,6.69055,2.57269239,4.78808928,-0.228948,-0.78985
2M17333724-2332015,4.25463,3.15653849,5.14589119,0.321682,0.27324
2M17335958-2250385,8.481482,3.78669262,5.44478893,0.083822,-0.15524
2M17340183-2307127,6.068624,3.55740094,5.28910494,-0.02824801,-0.38743
2M17340186-2301141,4.617988,3.64182949,5.34254074,0.03892201,-0.2301
2M17340301-2303049,6.903708,3.61814618,5.32228565,0.07133198,-0.22103
2M17340369-2340082,8.483981,3.09674573,4.98801374,0.01695198,-0.49588
2M17340411-2319488,4.828231,3.38429403,5.1688385,0.07652201,0.2415
2M17340615-2342150,4.151164,3.07198834,4.96115971,-0.03523803,-0.40687
2M17340707-2250126,7.865593,3.80830407,5.42435408,-0.113058,-0.58468
2M17342389-2300426,5.370799,3.6948278,5.2759757,-0.03626701,-0.056951
2M17342551-2249501,6.106918,3.85178161,5.36796379,-0.168498,-0.8132
2M17342890-2415054,4.441639,2.6557622,4.59372139,0.10965,-0.029696
2M17343145-2403120,7.939404,2.82859421,4.69210958,-0.063178,-0.62648
2M17343766-2401191,5.145578,2.86788535,4.68905973,-0.07633799,-0.36845
2M17344360-2411260,0.9812949,2.73743558,4.57936811,0.047372,0.16704
2M17344371-2249327,4.286655,3.89351559,5.31157684,0.01447201,-0.27401
2M17345689-2334148,7.755548,3.28934312,4.86944771,-0.01041803,-0.30569
2M17350206-2334589,7.261413,3.28960204,4.84624147,0.05329199,-0.22497
2M17350452-2424185,1.907461,2.59872437,4.39707375,0.192092,0.24017
2M17350974-2308331,3.508769,3.67867756,5.05752897,0.02470198,-0.26531
2M17351276-2410009,2.130925,2.81715798,4.49858046,0.240512,0.1641
2M17352178-2317502,0.144958,3.57227612,4.93571854,0.02773151,0.083332
2M17352279-2313287,4.009316,3.6359334,4.97135019,-0.133238,-0.63367
2M17353188-2325051,0.8038936,3.49063396,4.83842421,0.1666425,-0.23329
2M17354281-2358240,7.197653,3.04256415,4.50586128,0.09840199,-0.14121
2M17354345-2415336,6.655263,2.80163026,4.35057592,0.05397201,-0.30651
2M17354783-2354565,1.709328,3.10163736,4.52058554,0.06565899,0.072888
2M17355462-2407401,4.846563,2.93583298,4.38518,0.218122,0.19089
2M17360260-2347286,4.385399,3.23729038,4.53962564,-0.030698,-0.31156
2M17360632-2400310,8.019466,3.06071925,4.41139746,-0.139788,-0.95151
2M17360917-2347200,5.023666,3.25274873,4.51974726,0.125568,-0.08494199
2M17361836-2336181,7.268187,3.4274447,4.58839273,-0.09573799,-0.94176
2M17362699-2333242,2.333795,3.48607397,4.58630753,0.059742,0.18608
2M17364001-2328090,6.294468,3.58696938,4.59098864,-0.2211981,-1.0593
2M17365785-2341239,0.6341199,3.43610883,4.4155755,0.6166224,0.18498
2M18090514-2900297,8.891628,2.5069859,-4.47962236,-0.067608,-0.65179
