[0;37m[07:58:09] [INFO] [0m
[0;37m[07:58:09] [INFO] ================================================================================[0m
[0;37m[07:58:09] [INFO] TEP-COS ANALYSIS PIPELINE INITIATED[0m
[0;37m[07:58:09] [INFO] ================================================================================[0m
[0;37m[07:58:09] [INFO] [0m
[0;37m[07:58:09] [INFO] Project Root: /Users/matthewsmawfield/www/Temporal Equivalence Principle/TEP-COS[0m
[0;37m[07:58:09] [INFO] Time: 2026-04-23 07:58:09[0m
[1;32m[07:58:09] [SUCCESS] Parallel Mode: ENABLED (14 CPU cores)[0m
[0;37m[07:58:09] [INFO] Starting execution sequence...[0m
[0;37m[07:58:09] [INFO] [0m
[0;37m[07:58:09] [INFO] ================================================================================[0m
[0;37m[07:58:09] [INFO] ================================================================================[0m
[0;37m[07:58:09] [INFO] ================================================================================[0m
[0;37m[07:58:09] [INFO] [0m
[0;37m[07:58:09] [INFO] [0m
[0;37m[07:58:09] [INFO] ================================================================================[0m
[0;37m[07:58:09] [INFO] DATA ACQUISITION PHASE[0m
[0;37m[07:58:09] [INFO] ================================================================================[0m
[0;37m[07:58:09] [INFO] [0m
[0;37m[07:58:09] [INFO] [0m
[0;37m[07:58:09] [INFO] ================================================================================[0m
[0;37m[07:58:09] [INFO] ================================================================================[0m
[0;37m[07:58:09] [INFO] ================================================================================[0m
[0;37m[07:58:09] [INFO] [0m

[Data Acquisition] Checking: all
  ✓ Data file exists: freire_GCpsr.txt (47327 bytes)
  ✓ Data file exists: atnf_psrcat_pkg.tar.gz (1210873 bytes)
  ✓ Pantheon+ data exists
  ✓ All 3 data sources ready
[1;32m[07:58:09] [SUCCESS] ✓ Data acquisition phase complete[0m
[0;37m[07:58:09] [INFO] [0m
[0;37m[07:58:09] [INFO] ================================================================================[0m
[0;37m[07:58:09] [INFO] >>> Data Ingestion: Population Controls[0m
[0;37m[07:58:09] [INFO] ================================================================================[0m
[0;37m[07:58:09] [INFO] [0m
[0;37m[07:58:09] [INFO] Script: step_5_10_pulsar_population_controls.py[0m
[0;37m[07:58:09] [INFO] Log: /Users/matthewsmawfield/www/Temporal Equivalence Principle/TEP-COS/logs/step_5_10_pulsar_population_controls.log[0m
[0;37m[07:58:10] [INFO] ================================================================================[0m
[0;37m[07:58:10] [INFO] [0;37m[07:58:10] [INFO] ================================================================================[0m[0m
[0;37m[07:58:10] [INFO] [0;37m[07:58:10] [INFO] ================================================================================[0m[0m
[0;37m[07:58:10] [INFO] Script: step_5_10_pulsar_population_controls[0m
[0;37m[07:58:10] [INFO] [0;37m[07:58:10] [INFO] Script: step_5_10_pulsar_population_controls[0m[0m
[0;37m[07:58:10] [INFO] [0;37m[07:58:10] [INFO] Script: step_5_10_pulsar_population_controls[0m[0m
[0;37m[07:58:10] [INFO] Started: 2026-04-23T07:58:10.442295[0m
[0;37m[07:58:10] [INFO] [0;37m[07:58:10] [INFO] Started: 2026-04-23T07:58:10.442295[0m[0m
[0;37m[07:58:10] [INFO] [0;37m[07:58:10] [INFO] Started: 2026-04-23T07:58:10.442295[0m[0m
[0;37m[07:58:10] [INFO] ================================================================================[0m
[0;37m[07:58:10] [INFO] [0;37m[07:58:10] [INFO] ================================================================================[0m[0m
[0;37m[07:58:10] [INFO] [0;37m[07:58:10] [INFO] ================================================================================[0m[0m
  Downloading (attempt 1/3): https://www3.mpifr-bonn.mpg.de/staff/pfreire/GCpsr.txt...
[0;37m[07:58:10] [INFO]   Downloading (attempt 1/3): https://www3.mpifr-bonn.mpg.de/staff/pfreire/GCpsr.txt...[0m
[0;37m[07:58:10] [INFO]   Downloading (attempt 1/3): https://www3.mpifr-bonn.mpg.de/staff/pfreire/GCpsr.txt...[0m
  Downloaded 47327 bytes
[0;37m[07:58:11] [INFO]   Downloaded 47327 bytes[0m
[0;37m[07:58:11] [INFO]   Downloaded 47327 bytes[0m
  Downloading (attempt 1/3): https://www.atnf.csiro.au/research/pulsar/psrcat/downloads/p...
[0;37m[07:58:11] [INFO]   Downloading (attempt 1/3): https://www.atnf.csiro.au/research/pulsar/psrcat/downloads/p...[0m
[0;37m[07:58:11] [INFO]   Downloading (attempt 1/3): https://www.atnf.csiro.au/research/pulsar/psrcat/downloads/p...[0m
  Downloaded 1210873 bytes
[0;37m[07:58:20] [INFO]   Downloaded 1210873 bytes[0m
[0;37m[07:58:20] [INFO]   Downloaded 1210873 bytes[0m

[0;37m[07:58:24] [INFO] [0m
[0;37m[07:58:24] [INFO] [0m
Running period cut sensitivity analysis...
[0;37m[07:58:24] [INFO] Running period cut sensitivity analysis...[0m
[0;37m[07:58:24] [INFO] Running period cut sensitivity analysis...[0m
  P < 10.0 ms: GC N=175, Field N=148, Diff=0.782 dex, p=2e-24
[0;37m[07:58:25] [INFO]   P < 10.0 ms: GC N=175, Field N=148, Diff=0.782 dex, p=2e-24[0m
[0;37m[07:58:25] [INFO]   P < 10.0 ms: GC N=175, Field N=148, Diff=0.782 dex, p=2e-24[0m
  P < 30.0 ms: GC N=196, Field N=198, Diff=0.592 dex, p=8.99e-14
[0;37m[07:58:26] [INFO]   P < 30.0 ms: GC N=196, Field N=198, Diff=0.592 dex, p=8.99e-14[0m
[0;37m[07:58:26] [INFO]   P < 30.0 ms: GC N=196, Field N=198, Diff=0.592 dex, p=8.99e-14[0m
  P < 50.0 ms: GC N=198, Field N=224, Diff=0.471 dex, p=7.14e-09
[0;37m[07:58:28] [INFO]   P < 50.0 ms: GC N=198, Field N=224, Diff=0.471 dex, p=7.14e-09[0m
[0;37m[07:58:28] [INFO]   P < 50.0 ms: GC N=198, Field N=224, Diff=0.471 dex, p=7.14e-09[0m
Wrote: /Users/matthewsmawfield/www/Temporal Equivalence Principle/TEP-COS/results/outputs/step_5_10_pulsar_population_controls.json
[0;37m[07:58:28] [INFO] Wrote: /Users/matthewsmawfield/www/Temporal Equivalence Principle/TEP-COS/results/outputs/step_5_10_pulsar_population_controls.json[0m
[0;37m[07:58:28] [INFO] Wrote: /Users/matthewsmawfield/www/Temporal Equivalence Principle/TEP-COS/results/outputs/step_5_10_pulsar_population_controls.json[0m
Wrote: /Users/matthewsmawfield/www/Temporal Equivalence Principle/TEP-COS/results/outputs/step_5_10_pulsar_population_controls.csv
[0;37m[07:58:28] [INFO] Wrote: /Users/matthewsmawfield/www/Temporal Equivalence Principle/TEP-COS/results/outputs/step_5_10_pulsar_population_controls.csv[0m
[0;37m[07:58:28] [INFO] Wrote: /Users/matthewsmawfield/www/Temporal Equivalence Principle/TEP-COS/results/outputs/step_5_10_pulsar_population_controls.csv[0m
Wrote: /Users/matthewsmawfield/www/Temporal Equivalence Principle/TEP-COS/results/outputs/step_5_10_pulsar_population_controls.md
[0;37m[07:58:28] [INFO] Wrote: /Users/matthewsmawfield/www/Temporal Equivalence Principle/TEP-COS/results/outputs/step_5_10_pulsar_population_controls.md[0m
[0;37m[07:58:28] [INFO] Wrote: /Users/matthewsmawfield/www/Temporal Equivalence Principle/TEP-COS/results/outputs/step_5_10_pulsar_population_controls.md[0m
[1;32m[07:58:28] [SUCCESS] ✓ SUCCESS (19.1s)[0m
[0;37m[07:58:28] [INFO] [0m
[0;37m[07:58:28] [INFO] ================================================================================[0m
[0;37m[07:58:28] [INFO] >>> Core: Hybrid Maximum Analysis[0m
[0;37m[07:58:28] [INFO] ================================================================================[0m
[0;37m[07:58:28] [INFO] [0m
[0;37m[07:58:28] [INFO] Script: step_5_27_hybrid_maximum_analysis.py[0m
[0;37m[07:58:28] [INFO] Log: /Users/matthewsmawfield/www/Temporal Equivalence Principle/TEP-COS/logs/step_5_27_hybrid_maximum_analysis.log[0m
======================================================================
[0;37m[07:58:29] [INFO] ======================================================================[0m
[0;37m[07:58:29] [INFO] ======================================================================[0m
HYBRID MAXIMUM PULSAR ANALYSIS
[0;37m[07:58:29] [INFO] HYBRID MAXIMUM PULSAR ANALYSIS[0m
[0;37m[07:58:29] [INFO] HYBRID MAXIMUM PULSAR ANALYSIS[0m
======================================================================
[0;37m[07:58:29] [INFO] ======================================================================[0m
[0;37m[07:58:29] [INFO] ======================================================================[0m

[0;37m[07:58:29] [INFO] [0m
[0;37m[07:58:29] [INFO] [0m
Loading step_5_10 robust data...
[0;37m[07:58:29] [INFO] Loading step_5_10 robust data...[0m
[0;37m[07:58:29] [INFO] Loading step_5_10 robust data...[0m
  Base GC MSPs:    196
[0;37m[07:58:29] [INFO]   Base GC MSPs:    196[0m
[0;37m[07:58:29] [INFO]   Base GC MSPs:    196[0m
  Base Field MSPs: 198
[0;37m[07:58:29] [INFO]   Base Field MSPs: 198[0m
[0;37m[07:58:29] [INFO]   Base Field MSPs: 198[0m

[0;37m[07:58:29] [INFO] [0m
[0;37m[07:58:29] [INFO] [0m
Finding Freire MSPs without P-dot in Freire...
[0;37m[07:58:29] [INFO] Finding Freire MSPs without P-dot in Freire...[0m
[0;37m[07:58:29] [INFO] Finding Freire MSPs without P-dot in Freire...[0m
  Freire MSPs missing P-dot: 132
[0;37m[07:58:29] [INFO]   Freire MSPs missing P-dot: 132[0m
[0;37m[07:58:29] [INFO]   Freire MSPs missing P-dot: 132[0m

[0;37m[07:58:29] [INFO] [0m
[0;37m[07:58:29] [INFO] [0m
Parsing ATNF catalog...
[0;37m[07:58:29] [INFO] Parsing ATNF catalog...[0m
[0;37m[07:58:29] [INFO] Parsing ATNF catalog...[0m
  ATNF entries with P-dot: 2874
[0;37m[07:58:29] [INFO]   ATNF entries with P-dot: 2874[0m
[0;37m[07:58:29] [INFO]   ATNF entries with P-dot: 2874[0m

[0;37m[07:58:29] [INFO] [0m
[0;37m[07:58:29] [INFO] [0m
Cross-matching to find P-dot from ATNF...
[0;37m[07:58:29] [INFO] Cross-matching to find P-dot from ATNF...[0m
[0;37m[07:58:29] [INFO] Cross-matching to find P-dot from ATNF...[0m
  Additional GC MSPs from cross-match: 1
[0;37m[07:58:29] [INFO]   Additional GC MSPs from cross-match: 1[0m
[0;37m[07:58:29] [INFO]   Additional GC MSPs from cross-match: 1[0m

[0;37m[07:58:29] [INFO] [0m
[0;37m[07:58:29] [INFO] [0m
Finding additional field MSPs...
[0;37m[07:58:29] [INFO] Finding additional field MSPs...[0m
[0;37m[07:58:29] [INFO] Finding additional field MSPs...[0m
  Additional Field MSPs: 148
[0;37m[07:58:29] [INFO]   Additional Field MSPs: 148[0m
[0;37m[07:58:29] [INFO]   Additional Field MSPs: 148[0m

[0;37m[07:58:29] [INFO] [0m
[0;37m[07:58:29] [INFO] [0m
======================================================================
[0;37m[07:58:29] [INFO] ======================================================================[0m
[0;37m[07:58:29] [INFO] ======================================================================[0m
MAXIMUM SAMPLE
[0;37m[07:58:29] [INFO] MAXIMUM SAMPLE[0m
[0;37m[07:58:29] [INFO] MAXIMUM SAMPLE[0m
======================================================================
[0;37m[07:58:29] [INFO] ======================================================================[0m
[0;37m[07:58:29] [INFO] ======================================================================[0m
  GC MSPs:    197 (base 196 + additional 1)
[0;37m[07:58:29] [INFO]   GC MSPs:    197 (base 196 + additional 1)[0m
[0;37m[07:58:29] [INFO]   GC MSPs:    197 (base 196 + additional 1)[0m
  Field MSPs: 346 (base 198 + additional 148)
[0;37m[07:58:29] [INFO]   Field MSPs: 346 (base 198 + additional 148)[0m
[0;37m[07:58:29] [INFO]   Field MSPs: 346 (base 198 + additional 148)[0m
  TOTAL:      543
[0;37m[07:58:29] [INFO]   TOTAL:      543[0m
[0;37m[07:58:29] [INFO]   TOTAL:      543[0m

[0;37m[07:58:29] [INFO] [0m
[0;37m[07:58:29] [INFO] [0m
Computing statistics...
[0;37m[07:58:29] [INFO] Computing statistics...[0m
[0;37m[07:58:29] [INFO] Computing statistics...[0m

[0;37m[07:58:29] [INFO] [0m
[0;37m[07:58:29] [INFO] [0m
--- RAW COMPARISON ---
[0;37m[07:58:29] [INFO] --- RAW COMPARISON ---[0m
[0;37m[07:58:29] [INFO] --- RAW COMPARISON ---[0m
  GC mean log|Ṗ|:    -19.161
[0;37m[07:58:29] [INFO]   GC mean log|Ṗ|:    -19.161[0m
[0;37m[07:58:29] [INFO]   GC mean log|Ṗ|:    -19.161[0m
  Field mean log|Ṗ|: -19.793
[0;37m[07:58:29] [INFO]   Field mean log|Ṗ|: -19.793[0m
[0;37m[07:58:29] [INFO]   Field mean log|Ṗ|: -19.793[0m
  Difference:        0.633 dex
[0;37m[07:58:29] [INFO]   Difference:        0.633 dex[0m
[0;37m[07:58:29] [INFO]   Difference:        0.633 dex[0m
  95% CI:            [0.492, 0.769]
[0;37m[07:58:29] [INFO]   95% CI:            [0.492, 0.769][0m
[0;37m[07:58:29] [INFO]   95% CI:            [0.492, 0.769][0m
  p-value:           1.16e-17
[0;37m[07:58:29] [INFO]   p-value:           1.16e-17[0m
[0;37m[07:58:29] [INFO]   p-value:           1.16e-17[0m

[0;37m[07:58:29] [INFO] [0m
[0;37m[07:58:29] [INFO] [0m
Running population-controlled bootstrap...
[0;37m[07:58:29] [INFO] Running population-controlled bootstrap...[0m
[0;37m[07:58:29] [INFO] Running population-controlled bootstrap...[0m

[0;37m[07:58:39] [INFO] [0m
[0;37m[07:58:39] [INFO] [0m
--- CONTROLLED RESIDUAL ---
[0;37m[07:58:39] [INFO] --- CONTROLLED RESIDUAL ---[0m
[0;37m[07:58:39] [INFO] --- CONTROLLED RESIDUAL ---[0m
  Residual:          0.402 dex
[0;37m[07:58:39] [INFO]   Residual:          0.402 dex[0m
[0;37m[07:58:39] [INFO]   Residual:          0.402 dex[0m
  95% CI:            [0.333, 0.476]
[0;37m[07:58:39] [INFO]   95% CI:            [0.333, 0.476][0m
[0;37m[07:58:39] [INFO]   95% CI:            [0.333, 0.476][0m
  p-value:           2.00e-04
[0;37m[07:58:39] [INFO]   p-value:           2.00e-04[0m
[0;37m[07:58:39] [INFO]   p-value:           2.00e-04[0m

[0;37m[07:58:39] [INFO] [0m
[0;37m[07:58:39] [INFO] [0m
======================================================================
[0;37m[07:58:39] [INFO] ======================================================================[0m
[0;37m[07:58:39] [INFO] ======================================================================[0m
FINAL MAXIMUM SAMPLE
[0;37m[07:58:39] [INFO] FINAL MAXIMUM SAMPLE[0m
[0;37m[07:58:39] [INFO] FINAL MAXIMUM SAMPLE[0m
======================================================================
[0;37m[07:58:39] [INFO] ======================================================================[0m
[0;37m[07:58:39] [INFO] ======================================================================[0m

[0;37m[07:58:39] [INFO] [0m
[0;37m[07:58:39] [INFO] [0m
    ┌─────────────────────────────────────────────────────────────────────┐
[0;37m[07:58:39] [INFO]     ┌─────────────────────────────────────────────────────────────────────┐[0m
[0;37m[07:58:39] [INFO]     ┌─────────────────────────────────────────────────────────────────────┐[0m
    │  MAXIMUM PULSAR SAMPLE (Hybrid Approach)                            │
[0;37m[07:58:39] [INFO]     │  MAXIMUM PULSAR SAMPLE (Hybrid Approach)                            │[0m
[0;37m[07:58:39] [INFO]     │  MAXIMUM PULSAR SAMPLE (Hybrid Approach)                            │[0m
    ├─────────────────────────────────────────────────────────────────────┤
[0;37m[07:58:39] [INFO]     ├─────────────────────────────────────────────────────────────────────┤[0m
[0;37m[07:58:39] [INFO]     ├─────────────────────────────────────────────────────────────────────┤[0m
    │                                                                     │
[0;37m[07:58:39] [INFO]     │                                                                     │[0m
[0;37m[07:58:39] [INFO]     │                                                                     │[0m
    │  GC MSPs:              197  (196 base + 1 ATNF cross-match)     │
[0;37m[07:58:39] [INFO]     │  GC MSPs:              197  (196 base + 1 ATNF cross-match)     │[0m
[0;37m[07:58:39] [INFO]     │  GC MSPs:              197  (196 base + 1 ATNF cross-match)     │[0m
    │  Field MSPs:           346  (198 base + 148 additional)        │
[0;37m[07:58:39] [INFO]     │  Field MSPs:           346  (198 base + 148 additional)        │[0m
[0;37m[07:58:39] [INFO]     │  Field MSPs:           346  (198 base + 148 additional)        │[0m
    │  ─────────────────────────────                                      │
[0;37m[07:58:39] [INFO]     │  ─────────────────────────────                                      │[0m
[0;37m[07:58:39] [INFO]     │  ─────────────────────────────                                      │[0m
    │  TOTAL:                543                                            │
[0;37m[07:58:39] [INFO]     │  TOTAL:                543                                            │[0m
[0;37m[07:58:39] [INFO]     │  TOTAL:                543                                            │[0m
    │                                                                     │
[0;37m[07:58:39] [INFO]     │                                                                     │[0m
[0;37m[07:58:39] [INFO]     │                                                                     │[0m
    │  Raw difference:      +0.63 dex                                      │
[0;37m[07:58:39] [INFO]     │  Raw difference:      +0.63 dex                                      │[0m
[0;37m[07:58:39] [INFO]     │  Raw difference:      +0.63 dex                                      │[0m
    │  Controlled residual: +0.40 dex (95% CI: 0.33–0.48)       │
[0;37m[07:58:39] [INFO]     │  Controlled residual: +0.40 dex (95% CI: 0.33–0.48)       │[0m
[0;37m[07:58:39] [INFO]     │  Controlled residual: +0.40 dex (95% CI: 0.33–0.48)       │[0m
    │  p-value:             2.0e-04                                      │
[0;37m[07:58:39] [INFO]     │  p-value:             2.0e-04                                      │[0m
[0;37m[07:58:39] [INFO]     │  p-value:             2.0e-04                                      │[0m
    │                                                                     │
[0;37m[07:58:39] [INFO]     │                                                                     │[0m
[0;37m[07:58:39] [INFO]     │                                                                     │[0m
    └─────────────────────────────────────────────────────────────────────┘
[0;37m[07:58:39] [INFO]     └─────────────────────────────────────────────────────────────────────┘[0m
[0;37m[07:58:39] [INFO]     └─────────────────────────────────────────────────────────────────────┘[0m
    
[0;37m[07:58:39] [INFO] [0m
[0;37m[07:58:39] [INFO] [0m

[0;37m[07:58:39] [INFO] [0m
[0;37m[07:58:39] [INFO] [0m
Results saved to:
[0;37m[07:58:39] [INFO] Results saved to:[0m
[0;37m[07:58:39] [INFO] Results saved to:[0m
  /Users/matthewsmawfield/www/Temporal Equivalence Principle/TEP-COS/results/outputs/step_5_27_hybrid_maximum_analysis.json
[0;37m[07:58:39] [INFO]   /Users/matthewsmawfield/www/Temporal Equivalence Principle/TEP-COS/results/outputs/step_5_27_hybrid_maximum_analysis.json[0m
[0;37m[07:58:39] [INFO]   /Users/matthewsmawfield/www/Temporal Equivalence Principle/TEP-COS/results/outputs/step_5_27_hybrid_maximum_analysis.json[0m
  /Users/matthewsmawfield/www/Temporal Equivalence Principle/TEP-COS/results/outputs/step_5_27_hybrid_pulsar_sample.csv
[0;37m[07:58:39] [INFO]   /Users/matthewsmawfield/www/Temporal Equivalence Principle/TEP-COS/results/outputs/step_5_27_hybrid_pulsar_sample.csv[0m
[0;37m[07:58:39] [INFO]   /Users/matthewsmawfield/www/Temporal Equivalence Principle/TEP-COS/results/outputs/step_5_27_hybrid_pulsar_sample.csv[0m
[1;32m[07:58:39] [SUCCESS] ✓ SUCCESS (10.6s)[0m
[0;37m[07:58:39] [INFO] [0m
[0;37m[07:58:39] [INFO] ================================================================================[0m
[0;37m[07:58:39] [INFO] >>> Core: Per-Cluster Controlled Residuals[0m
[0;37m[07:58:39] [INFO] ================================================================================[0m
[0;37m[07:58:39] [INFO] [0m
[0;37m[07:58:39] [INFO] Script: step_5_31_per_cluster_controlled_residuals.py[0m
[0;37m[07:58:39] [INFO] Log: /Users/matthewsmawfield/www/Temporal Equivalence Principle/TEP-COS/logs/step_5_31_per_cluster_controlled_residuals.log[0m
======================================================================
[0;37m[07:58:40] [INFO] ======================================================================[0m
[0;37m[07:58:40] [INFO] ======================================================================[0m
PER-CLUSTER CONTROLLED RESIDUALS
[0;37m[07:58:40] [INFO] PER-CLUSTER CONTROLLED RESIDUALS[0m
[0;37m[07:58:40] [INFO] PER-CLUSTER CONTROLLED RESIDUALS[0m
======================================================================
[0;37m[07:58:40] [INFO] ======================================================================[0m
[0;37m[07:58:40] [INFO] ======================================================================[0m

[0;37m[07:58:40] [INFO] [0m
[0;37m[07:58:40] [INFO] [0m
Field MSPs: 198
[0;37m[07:58:40] [INFO] Field MSPs: 198[0m
[0;37m[07:58:40] [INFO] Field MSPs: 198[0m
GC MSPs: 196
[0;37m[07:58:40] [INFO] GC MSPs: 196[0m
[0;37m[07:58:40] [INFO] GC MSPs: 196[0m

[0;37m[07:58:40] [INFO] [0m
[0;37m[07:58:40] [INFO] [0m
Cluster                           N  Controlled Residual        SEM
[0;37m[07:58:40] [INFO] Cluster                           N  Controlled Residual        SEM[0m
[0;37m[07:58:40] [INFO] Cluster                           N  Controlled Residual        SEM[0m
----------------------------------------------------------------------
[0;37m[07:58:40] [INFO] ----------------------------------------------------------------------[0m
[0;37m[07:58:40] [INFO] ----------------------------------------------------------------------[0m
Terzan 5                         47             +0.340 dex    0.035
[0;37m[07:58:40] [INFO] Terzan 5                         47             +0.340 dex    0.035[0m
[0;37m[07:58:40] [INFO] Terzan 5                         47             +0.340 dex    0.035[0m
47 Tuc (NGC 104)                 23             +0.110 dex    0.026
[0;37m[07:58:40] [INFO] 47 Tuc (NGC 104)                 23             +0.110 dex    0.026[0m
[0;37m[07:58:40] [INFO] 47 Tuc (NGC 104)                 23             +0.110 dex    0.026[0m
NGC 6517                         13             +0.311 dex    0.079
[0;37m[07:58:40] [INFO] NGC 6517                         13             +0.311 dex    0.079[0m
[0;37m[07:58:40] [INFO] NGC 6517                         13             +0.311 dex    0.079[0m
M62 (NGC 6266)                    9             +0.372 dex    0.083
[0;37m[07:58:40] [INFO] M62 (NGC 6266)                    9             +0.372 dex    0.083[0m
[0;37m[07:58:40] [INFO] M62 (NGC 6266)                    9             +0.372 dex    0.083[0m
M28 (NGC 6626)                    9             +0.204 dex    0.040
[0;37m[07:58:40] [INFO] M28 (NGC 6626)                    9             +0.204 dex    0.040[0m
[0;37m[07:58:40] [INFO] M28 (NGC 6626)                    9             +0.204 dex    0.040[0m
Omega Centauri (NGC 5139)         8             +0.092 dex    0.034
[0;37m[07:58:40] [INFO] Omega Centauri (NGC 5139)         8             +0.092 dex    0.034[0m
[0;37m[07:58:40] [INFO] Omega Centauri (NGC 5139)         8             +0.092 dex    0.034[0m
M15 (NGC 7078)                    8             +0.337 dex    0.097
[0;37m[07:58:40] [INFO] M15 (NGC 7078)                    8             +0.337 dex    0.097[0m
[0;37m[07:58:40] [INFO] M15 (NGC 7078)                    8             +0.337 dex    0.097[0m
M13 (NGC 6205)                    8             +0.013 dex    0.143
[0;37m[07:58:40] [INFO] M13 (NGC 6205)                    8             +0.013 dex    0.143[0m
[0;37m[07:58:40] [INFO] M13 (NGC 6205)                    8             +0.013 dex    0.143[0m
M2 (NGC 7089)                     7             +0.092 dex    0.015
[0;37m[07:58:40] [INFO] M2 (NGC 7089)                     7             +0.092 dex    0.015[0m
[0;37m[07:58:40] [INFO] M2 (NGC 7089)                     7             +0.092 dex    0.015[0m
NGC 6440                          7             +0.187 dex    0.065
[0;37m[07:58:40] [INFO] NGC 6440                          7             +0.187 dex    0.065[0m
[0;37m[07:58:40] [INFO] NGC 6440                          7             +0.187 dex    0.065[0m
M5 (NGC 5904)                     7             +0.018 dex    0.057
[0;37m[07:58:40] [INFO] M5 (NGC 5904)                     7             +0.018 dex    0.057[0m
[0;37m[07:58:40] [INFO] M5 (NGC 5904)                     7             +0.018 dex    0.057[0m
Terzan 1                          6             +0.710 dex    0.185
[0;37m[07:58:40] [INFO] Terzan 1                          6             +0.710 dex    0.185[0m
[0;37m[07:58:40] [INFO] Terzan 1                          6             +0.710 dex    0.185[0m
NGC 6752                          6             +0.397 dex    0.155
[0;37m[07:58:40] [INFO] NGC 6752                          6             +0.397 dex    0.155[0m
[0;37m[07:58:40] [INFO] NGC 6752                          6             +0.397 dex    0.155[0m
M3 (NGC 5272)                     5             +0.009 dex    0.056
[0;37m[07:58:40] [INFO] M3 (NGC 5272)                     5             +0.009 dex    0.056[0m
[0;37m[07:58:40] [INFO] M3 (NGC 5272)                     5             +0.009 dex    0.056[0m
M53 (NGC 5024)                    4             +0.041 dex    0.007
[0;37m[07:58:40] [INFO] M53 (NGC 5024)                    4             +0.041 dex    0.007[0m
[0;37m[07:58:40] [INFO] M53 (NGC 5024)                    4             +0.041 dex    0.007[0m
NGC 6441                          3             +0.221 dex    0.191
[0;37m[07:58:40] [INFO] NGC 6441                          3             +0.221 dex    0.191[0m
[0;37m[07:58:40] [INFO] NGC 6441                          3             +0.221 dex    0.191[0m
M71 (NGC 6838)                    3             +0.063 dex    0.029
[0;37m[07:58:40] [INFO] M71 (NGC 6838)                    3             +0.063 dex    0.029[0m
[0;37m[07:58:40] [INFO] M71 (NGC 6838)                    3             +0.063 dex    0.029[0m
NGC 6544                          2             +0.056 dex    0.037
[0;37m[07:58:40] [INFO] NGC 6544                          2             +0.056 dex    0.037[0m
[0;37m[07:58:40] [INFO] NGC 6544                          2             +0.056 dex    0.037[0m
M22 (NGC 6656)                    2             -0.109 dex    0.074
[0;37m[07:58:40] [INFO] M22 (NGC 6656)                    2             -0.109 dex    0.074[0m
[0;37m[07:58:40] [INFO] M22 (NGC 6656)                    2             -0.109 dex    0.074[0m
NGC 6397                          2             +0.192 dex    0.159
[0;37m[07:58:40] [INFO] NGC 6397                          2             +0.192 dex    0.159[0m
[0;37m[07:58:40] [INFO] NGC 6397                          2             +0.192 dex    0.159[0m
NGC 1851                          2             +0.220 dex    0.102
[0;37m[07:58:40] [INFO] NGC 1851                          2             +0.220 dex    0.102[0m
[0;37m[07:58:40] [INFO] NGC 1851                          2             +0.220 dex    0.102[0m
NGC 6522                          2             +0.441 dex    0.213
[0;37m[07:58:40] [INFO] NGC 6522                          2             +0.441 dex    0.213[0m
[0;37m[07:58:40] [INFO] NGC 6522                          2             +0.441 dex    0.213[0m
NGC 6760                          2             -0.067 dex    0.043
[0;37m[07:58:40] [INFO] NGC 6760                          2             -0.067 dex    0.043[0m
[0;37m[07:58:40] [INFO] NGC 6760                          2             -0.067 dex    0.043[0m
NGC 6624                          2             +0.677 dex    0.431
[0;37m[07:58:40] [INFO] NGC 6624                          2             +0.677 dex    0.431[0m
[0;37m[07:58:40] [INFO] NGC 6624                          2             +0.677 dex    0.431[0m

[0;37m[07:58:40] [INFO] [0m
[0;37m[07:58:40] [INFO] [0m
======================================================================
[0;37m[07:58:40] [INFO] ======================================================================[0m
[0;37m[07:58:40] [INFO] ======================================================================[0m
SUMMARY
[0;37m[07:58:40] [INFO] SUMMARY[0m
[0;37m[07:58:40] [INFO] SUMMARY[0m
======================================================================
[0;37m[07:58:40] [INFO] ======================================================================[0m
[0;37m[07:58:40] [INFO] ======================================================================[0m

[0;37m[07:58:40] [INFO] [0m
[0;37m[07:58:40] [INFO] [0m
Number of clusters: 24
[0;37m[07:58:40] [INFO] Number of clusters: 24[0m
[0;37m[07:58:40] [INFO] Number of clusters: 24[0m
Mean controlled residual: +0.205 dex
[0;37m[07:58:40] [INFO] Mean controlled residual: +0.205 dex[0m
[0;37m[07:58:40] [INFO] Mean controlled residual: +0.205 dex[0m
Weighted mean: +0.235 dex
[0;37m[07:58:40] [INFO] Weighted mean: +0.235 dex[0m
[0;37m[07:58:40] [INFO] Weighted mean: +0.235 dex[0m
Std across clusters: 0.207 dex
[0;37m[07:58:40] [INFO] Std across clusters: 0.207 dex[0m
[0;37m[07:58:40] [INFO] Std across clusters: 0.207 dex[0m
Range: -0.109 to +0.710 dex
[0;37m[07:58:40] [INFO] Range: -0.109 to +0.710 dex[0m
[0;37m[07:58:40] [INFO] Range: -0.109 to +0.710 dex[0m

[0;37m[07:58:40] [INFO] [0m
[0;37m[07:58:40] [INFO] [0m
--- DENSITY CORRELATION TEST ---
[0;37m[07:58:40] [INFO] --- DENSITY CORRELATION TEST ---[0m
[0;37m[07:58:40] [INFO] --- DENSITY CORRELATION TEST ---[0m
Controlled residual vs log(ρc):
[0;37m[07:58:40] [INFO] Controlled residual vs log(ρc):[0m
[0;37m[07:58:40] [INFO] Controlled residual vs log(ρc):[0m
  Pearson r = 0.662
[0;37m[07:58:40] [INFO]   Pearson r = 0.662[0m
[0;37m[07:58:40] [INFO]   Pearson r = 0.662[0m
  p-value   = 0.0008
[0;37m[07:58:40] [INFO]   p-value   = 0.0008[0m
[0;37m[07:58:40] [INFO]   p-value   = 0.0008[0m

[0;37m[07:58:40] [INFO] [0m
[0;37m[07:58:40] [INFO] [0m
Result: Controlled residuals correlate with density.
[0;37m[07:58:40] [INFO] Result: Controlled residuals correlate with density.[0m
[0;37m[07:58:40] [INFO] Result: Controlled residuals correlate with density.[0m
  This is consistent with TEP screening—field strength varies
[0;37m[07:58:40] [INFO]   This is consistent with TEP screening—field strength varies[0m
[0;37m[07:58:40] [INFO]   This is consistent with TEP screening—field strength varies[0m
  with ambient density until saturation at ρc ≈ 20 g/cm³.
[0;37m[07:58:40] [INFO]   with ambient density until saturation at ρc ≈ 20 g/cm³.[0m
[0;37m[07:58:40] [INFO]   with ambient density until saturation at ρc ≈ 20 g/cm³.[0m

[0;37m[07:58:40] [INFO] [0m
[0;37m[07:58:40] [INFO] [0m
Results saved to:
[0;37m[07:58:40] [INFO] Results saved to:[0m
[0;37m[07:58:40] [INFO] Results saved to:[0m
  /Users/matthewsmawfield/www/Temporal Equivalence Principle/TEP-COS/results/outputs/step_5_31_per_cluster_controlled_residuals.json
[0;37m[07:58:40] [INFO]   /Users/matthewsmawfield/www/Temporal Equivalence Principle/TEP-COS/results/outputs/step_5_31_per_cluster_controlled_residuals.json[0m
[0;37m[07:58:40] [INFO]   /Users/matthewsmawfield/www/Temporal Equivalence Principle/TEP-COS/results/outputs/step_5_31_per_cluster_controlled_residuals.json[0m
  /Users/matthewsmawfield/www/Temporal Equivalence Principle/TEP-COS/results/outputs/step_5_31_per_cluster_controlled_residuals.md
[0;37m[07:58:40] [INFO]   /Users/matthewsmawfield/www/Temporal Equivalence Principle/TEP-COS/results/outputs/step_5_31_per_cluster_controlled_residuals.md[0m
[0;37m[07:58:40] [INFO]   /Users/matthewsmawfield/www/Temporal Equivalence Principle/TEP-COS/results/outputs/step_5_31_per_cluster_controlled_residuals.md[0m
[1;32m[07:58:40] [SUCCESS] ✓ SUCCESS (1.0s)[0m
[0;37m[07:58:40] [INFO] [0m
[0;37m[07:58:40] [INFO] ================================================================================[0m
[0;37m[07:58:40] [INFO] >>> Core: Full Density Scaling Simulation[0m
[0;37m[07:58:40] [INFO] ================================================================================[0m
[0;37m[07:58:40] [INFO] [0m
[0;37m[07:58:40] [INFO] Script: step_5_32_full_density_scaling.py[0m
[0;37m[07:58:40] [INFO] Log: /Users/matthewsmawfield/www/Temporal Equivalence Principle/TEP-COS/logs/step_5_32_full_density_scaling.log[0m
--- Step 5.32: Full Density Scaling Simulation ---
[0;37m[07:58:41] [INFO] --- Step 5.32: Full Density Scaling Simulation ---[0m
[0;37m[07:58:41] [INFO] --- Step 5.32: Full Density Scaling Simulation ---[0m
Running 100 ensemble realizations for uncertainty quantification...
[0;37m[07:58:41] [INFO] Running 100 ensemble realizations for uncertainty quantification...[0m
[0;37m[07:58:41] [INFO] Running 100 ensemble realizations for uncertainty quantification...[0m
Simulating 33 clusters with exact parameters...
[0;37m[07:58:41] [INFO] Simulating 33 clusters with exact parameters...[0m
[0;37m[07:58:41] [INFO] Simulating 33 clusters with exact parameters...[0m
  Ensemble realization 1/100...
[0;37m[07:58:41] [INFO]   Ensemble realization 1/100...[0m
[0;37m[07:58:41] [INFO]   Ensemble realization 1/100...[0m
  Ensemble realization 10/100...
[0;37m[07:58:41] [INFO]   Ensemble realization 10/100...[0m
[0;37m[07:58:41] [INFO]   Ensemble realization 10/100...[0m
  Ensemble realization 20/100...
[0;37m[07:58:41] [INFO]   Ensemble realization 20/100...[0m
[0;37m[07:58:41] [INFO]   Ensemble realization 20/100...[0m
  Ensemble realization 30/100...
[0;37m[07:58:41] [INFO]   Ensemble realization 30/100...[0m
[0;37m[07:58:41] [INFO]   Ensemble realization 30/100...[0m
  Ensemble realization 40/100...
[0;37m[07:58:41] [INFO]   Ensemble realization 40/100...[0m
[0;37m[07:58:41] [INFO]   Ensemble realization 40/100...[0m
  Ensemble realization 50/100...
[0;37m[07:58:41] [INFO]   Ensemble realization 50/100...[0m
[0;37m[07:58:41] [INFO]   Ensemble realization 50/100...[0m
  Ensemble realization 60/100...
[0;37m[07:58:41] [INFO]   Ensemble realization 60/100...[0m
[0;37m[07:58:41] [INFO]   Ensemble realization 60/100...[0m
  Ensemble realization 70/100...
[0;37m[07:58:41] [INFO]   Ensemble realization 70/100...[0m
[0;37m[07:58:41] [INFO]   Ensemble realization 70/100...[0m
  Ensemble realization 80/100...
[0;37m[07:58:41] [INFO]   Ensemble realization 80/100...[0m
[0;37m[07:58:41] [INFO]   Ensemble realization 80/100...[0m
  Ensemble realization 90/100...
[0;37m[07:58:41] [INFO]   Ensemble realization 90/100...[0m
[0;37m[07:58:41] [INFO]   Ensemble realization 90/100...[0m
  Ensemble realization 100/100...
[0;37m[07:58:41] [INFO]   Ensemble realization 100/100...[0m
[0;37m[07:58:41] [INFO]   Ensemble realization 100/100...[0m

[0;37m[07:58:41] [INFO] [0m
[0;37m[07:58:41] [INFO] [0m
Newtonian Slope (Ensemble): 0.798 ± 0.004 (std) ± 0.000 (se) dex/dex
[0;37m[07:58:41] [INFO] Newtonian Slope (Ensemble): 0.798 ± 0.004 (std) ± 0.000 (se) dex/dex[0m
[0;37m[07:58:41] [INFO] Newtonian Slope (Ensemble): 0.798 ± 0.004 (std) ± 0.000 (se) dex/dex[0m
  95% Confidence Interval: [0.797, 0.799]
[0;37m[07:58:41] [INFO]   95% Confidence Interval: [0.797, 0.799][0m
[0;37m[07:58:41] [INFO]   95% Confidence Interval: [0.797, 0.799][0m
--------------------------------------------------
[0;37m[07:58:41] [INFO] --------------------------------------------------[0m
[0;37m[07:58:41] [INFO] --------------------------------------------------[0m
FULL DENSITY SCALING RESULTS (N=33 clusters, 100 ensemble realizations)
[0;37m[07:58:41] [INFO] FULL DENSITY SCALING RESULTS (N=33 clusters, 100 ensemble realizations)[0m
[0;37m[07:58:41] [INFO] FULL DENSITY SCALING RESULTS (N=33 clusters, 100 ensemble realizations)[0m
Newtonian Slope: 0.798 ± 0.000 dex / dex (ensemble)
[0;37m[07:58:41] [INFO] Newtonian Slope: 0.798 ± 0.000 dex / dex (ensemble)[0m
[0;37m[07:58:41] [INFO] Newtonian Slope: 0.798 ± 0.000 dex / dex (ensemble)[0m
Observed Slope:  0.319 ± 0.107 dex / dex
[0;37m[07:58:41] [INFO] Observed Slope:  0.319 ± 0.107 dex / dex[0m
[0;37m[07:58:41] [INFO] Observed Slope:  0.319 ± 0.107 dex / dex[0m
Suppression:     40.0% of expected scaling
[0;37m[07:58:41] [INFO] Suppression:     40.0% of expected scaling[0m
[0;37m[07:58:41] [INFO] Suppression:     40.0% of expected scaling[0m
Tension with Newtonian: -4.5σ (p=0.000)
[0;37m[07:58:41] [INFO] Tension with Newtonian: -4.5σ (p=0.000)[0m
[0;37m[07:58:41] [INFO] Tension with Newtonian: -4.5σ (p=0.000)[0m
--------------------------------------------------
[0;37m[07:58:41] [INFO] --------------------------------------------------[0m
[0;37m[07:58:41] [INFO] --------------------------------------------------[0m
Results saved to results/outputs/step_5_32_full_density_scaling.json
[0;37m[07:58:41] [INFO] Results saved to results/outputs/step_5_32_full_density_scaling.json[0m
[0;37m[07:58:41] [INFO] Results saved to results/outputs/step_5_32_full_density_scaling.json[0m
Updated site/figures/density_scaling.png
[0;37m[07:58:42] [INFO] Updated site/figures/density_scaling.png[0m
[0;37m[07:58:42] [INFO] Updated site/figures/density_scaling.png[0m
[1;32m[07:58:42] [SUCCESS] ✓ SUCCESS (2.0s)[0m
[0;37m[07:58:42] [INFO] [0m
[0;37m[07:58:42] [INFO] ================================================================================[0m
[0;37m[07:58:42] [INFO] >>> Core: Hierarchical Mixed-Effects Density Scaling[0m
[0;37m[07:58:42] [INFO] ================================================================================[0m
[0;37m[07:58:42] [INFO] [0m
[0;37m[07:58:42] [INFO] Script: step_5_33_hierarchical_density_scaling.py[0m
[0;37m[07:58:42] [INFO] Log: /Users/matthewsmawfield/www/Temporal Equivalence Principle/TEP-COS/logs/step_5_33_hierarchical_density_scaling.log[0m
--- Step 5.33: Hierarchical (Mixed-Effects) Density Scaling ---
[0;37m[07:58:43] [INFO] --- Step 5.33: Hierarchical (Mixed-Effects) Density Scaling ---[0m
[0;37m[07:58:43] [INFO] --- Step 5.33: Hierarchical (Mixed-Effects) Density Scaling ---[0m
Analyzing 184 pulsars in 29 clusters.
[0;37m[07:58:43] [INFO] Analyzing 184 pulsars in 29 clusters.[0m
[0;37m[07:58:43] [INFO] Analyzing 184 pulsars in 29 clusters.[0m

[0;37m[07:58:43] [INFO] [0m
[0;37m[07:58:43] [INFO] [0m
============================================================
[0;37m[07:58:43] [INFO] ============================================================[0m
[0;37m[07:58:43] [INFO] ============================================================[0m
MODEL A: WLS on Cluster Means (Weighted by N, Valid Baseline)
[0;37m[07:58:43] [INFO] MODEL A: WLS on Cluster Means (Weighted by N, Valid Baseline)[0m
[0;37m[07:58:43] [INFO] MODEL A: WLS on Cluster Means (Weighted by N, Valid Baseline)[0m
============================================================
[0;37m[07:58:43] [INFO] ============================================================[0m
[0;37m[07:58:43] [INFO] ============================================================[0m
                            WLS Regression Results                            
[0;37m[07:58:43] [INFO]                             WLS Regression Results[0m
[0;37m[07:58:43] [INFO]                             WLS Regression Results[0m
==============================================================================
[0;37m[07:58:43] [INFO] ==============================================================================[0m
[0;37m[07:58:43] [INFO] ==============================================================================[0m
Dep. Variable:            logPdot_abs   R-squared:                       0.464
[0;37m[07:58:43] [INFO] Dep. Variable:            logPdot_abs   R-squared:                       0.464[0m
[0;37m[07:58:43] [INFO] Dep. Variable:            logPdot_abs   R-squared:                       0.464[0m
Model:                            WLS   Adj. R-squared:                  0.445
[0;37m[07:58:43] [INFO] Model:                            WLS   Adj. R-squared:                  0.445[0m
[0;37m[07:58:43] [INFO] Model:                            WLS   Adj. R-squared:                  0.445[0m
Method:                 Least Squares   F-statistic:                     23.41
[0;37m[07:58:43] [INFO] Method:                 Least Squares   F-statistic:                     23.41[0m
[0;37m[07:58:43] [INFO] Method:                 Least Squares   F-statistic:                     23.41[0m
Date:                Thu, 23 Apr 2026   Prob (F-statistic):           4.70e-05
[0;37m[07:58:43] [INFO] Date:                Thu, 23 Apr 2026   Prob (F-statistic):           4.70e-05[0m
[0;37m[07:58:43] [INFO] Date:                Thu, 23 Apr 2026   Prob (F-statistic):           4.70e-05[0m
Time:                        07:58:43   Log-Likelihood:                -20.878
[0;37m[07:58:43] [INFO] Time:                        07:58:43   Log-Likelihood:                -20.878[0m
[0;37m[07:58:43] [INFO] Time:                        07:58:43   Log-Likelihood:                -20.878[0m
No. Observations:                  29   AIC:                             45.76
[0;37m[07:58:43] [INFO] No. Observations:                  29   AIC:                             45.76[0m
[0;37m[07:58:43] [INFO] No. Observations:                  29   AIC:                             45.76[0m
Df Residuals:                      27   BIC:                             48.49
[0;37m[07:58:43] [INFO] Df Residuals:                      27   BIC:                             48.49[0m
[0;37m[07:58:43] [INFO] Df Residuals:                      27   BIC:                             48.49[0m
Df Model:                           1                                         
[0;37m[07:58:43] [INFO] Df Model:                           1[0m
[0;37m[07:58:43] [INFO] Df Model:                           1[0m
Covariance Type:            nonrobust                                         
[0;37m[07:58:43] [INFO] Covariance Type:            nonrobust[0m
[0;37m[07:58:43] [INFO] Covariance Type:            nonrobust[0m
==============================================================================
[0;37m[07:58:43] [INFO] ==============================================================================[0m
[0;37m[07:58:43] [INFO] ==============================================================================[0m
                 coef    std err          t      P>|t|      [0.025      0.975]
[0;37m[07:58:43] [INFO]                  coef    std err          t      P>|t|      [0.025      0.975][0m
[0;37m[07:58:43] [INFO]                  coef    std err          t      P>|t|      [0.025      0.975][0m
------------------------------------------------------------------------------
[0;37m[07:58:43] [INFO] ------------------------------------------------------------------------------[0m
[0;37m[07:58:43] [INFO] ------------------------------------------------------------------------------[0m
Intercept    -21.0169      0.386    -54.407      0.000     -21.809     -20.224
[0;37m[07:58:43] [INFO] Intercept    -21.0169      0.386    -54.407      0.000     -21.809     -20.224[0m
[0;37m[07:58:43] [INFO] Intercept    -21.0169      0.386    -54.407      0.000     -21.809     -20.224[0m
log_rho_c      0.3884      0.080      4.838      0.000       0.224       0.553
[0;37m[07:58:43] [INFO] log_rho_c      0.3884      0.080      4.838      0.000       0.224       0.553[0m
[0;37m[07:58:43] [INFO] log_rho_c      0.3884      0.080      4.838      0.000       0.224       0.553[0m
==============================================================================
[0;37m[07:58:43] [INFO] ==============================================================================[0m
[0;37m[07:58:43] [INFO] ==============================================================================[0m
Omnibus:                        0.040   Durbin-Watson:                   2.162
[0;37m[07:58:43] [INFO] Omnibus:                        0.040   Durbin-Watson:                   2.162[0m
[0;37m[07:58:43] [INFO] Omnibus:                        0.040   Durbin-Watson:                   2.162[0m
Prob(Omnibus):                  0.980   Jarque-Bera (JB):                0.060
[0;37m[07:58:43] [INFO] Prob(Omnibus):                  0.980   Jarque-Bera (JB):                0.060[0m
[0;37m[07:58:43] [INFO] Prob(Omnibus):                  0.980   Jarque-Bera (JB):                0.060[0m
Skew:                           0.008   Prob(JB):                        0.970
[0;37m[07:58:43] [INFO] Skew:                           0.008   Prob(JB):                        0.970[0m
[0;37m[07:58:43] [INFO] Skew:                           0.008   Prob(JB):                        0.970[0m
Kurtosis:                       2.778   Cond. No.                         27.1
[0;37m[07:58:43] [INFO] Kurtosis:                       2.778   Cond. No.                         27.1[0m
[0;37m[07:58:43] [INFO] Kurtosis:                       2.778   Cond. No.                         27.1[0m
==============================================================================
[0;37m[07:58:43] [INFO] ==============================================================================[0m
[0;37m[07:58:43] [INFO] ==============================================================================[0m

[0;37m[07:58:43] [INFO] [0m
[0;37m[07:58:43] [INFO] [0m
Notes:
[0;37m[07:58:43] [INFO] Notes:[0m
[0;37m[07:58:43] [INFO] Notes:[0m
[1] Standard Errors assume that the covariance matrix of the errors is correctly specified.
[0;37m[07:58:43] [INFO] [1] Standard Errors assume that the covariance matrix of the errors is correctly specified.[0m
[0;37m[07:58:43] [INFO] [1] Standard Errors assume that the covariance matrix of the errors is correctly specified.[0m

[0;37m[07:58:43] [INFO] [0m
[0;37m[07:58:43] [INFO] [0m
============================================================
[0;37m[07:58:43] [INFO] ============================================================[0m
[0;37m[07:58:43] [INFO] ============================================================[0m
MODEL B: Hierarchical Mixed-Effects (Recommended Update)
[0;37m[07:58:43] [INFO] MODEL B: Hierarchical Mixed-Effects (Recommended Update)[0m
[0;37m[07:58:43] [INFO] MODEL B: Hierarchical Mixed-Effects (Recommended Update)[0m
============================================================
[0;37m[07:58:43] [INFO] ============================================================[0m
[0;37m[07:58:43] [INFO] ============================================================[0m
              Mixed Linear Model Regression Results
[0;37m[07:58:43] [INFO]               Mixed Linear Model Regression Results[0m
[0;37m[07:58:43] [INFO]               Mixed Linear Model Regression Results[0m
==================================================================
[0;37m[07:58:43] [INFO] ==================================================================[0m
[0;37m[07:58:43] [INFO] ==================================================================[0m
Model:               MixedLM    Dependent Variable:    logPdot_abs
[0;37m[07:58:43] [INFO] Model:               MixedLM    Dependent Variable:    logPdot_abs[0m
[0;37m[07:58:43] [INFO] Model:               MixedLM    Dependent Variable:    logPdot_abs[0m
No. Observations:    184        Method:                REML       
[0;37m[07:58:43] [INFO] No. Observations:    184        Method:                REML[0m
[0;37m[07:58:43] [INFO] No. Observations:    184        Method:                REML[0m
No. Groups:          29         Scale:                 0.3906     
[0;37m[07:58:43] [INFO] No. Groups:          29         Scale:                 0.3906[0m
[0;37m[07:58:43] [INFO] No. Groups:          29         Scale:                 0.3906[0m
Min. group size:     1          Log-Likelihood:        -186.6076  
[0;37m[07:58:43] [INFO] Min. group size:     1          Log-Likelihood:        -186.6076[0m
[0;37m[07:58:43] [INFO] Min. group size:     1          Log-Likelihood:        -186.6076[0m
Max. group size:     47         Converged:             Yes        
[0;37m[07:58:43] [INFO] Max. group size:     47         Converged:             Yes[0m
[0;37m[07:58:43] [INFO] Max. group size:     47         Converged:             Yes[0m
Mean group size:     6.3                                          
[0;37m[07:58:43] [INFO] Mean group size:     6.3[0m
[0;37m[07:58:43] [INFO] Mean group size:     6.3[0m
------------------------------------------------------------------
[0;37m[07:58:43] [INFO] ------------------------------------------------------------------[0m
[0;37m[07:58:43] [INFO] ------------------------------------------------------------------[0m
                    Coef.  Std.Err.    z     P>|z|  [0.025  0.975]
[0;37m[07:58:43] [INFO]                     Coef.  Std.Err.    z     P>|z|  [0.025  0.975][0m
[0;37m[07:58:43] [INFO]                     Coef.  Std.Err.    z     P>|z|  [0.025  0.975][0m
------------------------------------------------------------------
[0;37m[07:58:43] [INFO] ------------------------------------------------------------------[0m
[0;37m[07:58:43] [INFO] ------------------------------------------------------------------[0m
Intercept          -19.180    0.079 -244.277 0.000 -19.334 -19.026
[0;37m[07:58:43] [INFO] Intercept          -19.180    0.079 -244.277 0.000 -19.334 -19.026[0m
[0;37m[07:58:43] [INFO] Intercept          -19.180    0.079 -244.277 0.000 -19.334 -19.026[0m
log_rho_c_centered   0.393    0.079    4.966 0.000   0.238   0.547
[0;37m[07:58:43] [INFO] log_rho_c_centered   0.393    0.079    4.966 0.000   0.238   0.547[0m
[0;37m[07:58:43] [INFO] log_rho_c_centered   0.393    0.079    4.966 0.000   0.238   0.547[0m
logP_std             0.271    0.049    5.581 0.000   0.176   0.367
[0;37m[07:58:43] [INFO] logP_std             0.271    0.049    5.581 0.000   0.176   0.367[0m
[0;37m[07:58:43] [INFO] logP_std             0.271    0.049    5.581 0.000   0.176   0.367[0m
Group Var            0.061    0.077                               
[0;37m[07:58:43] [INFO] Group Var            0.061    0.077[0m
[0;37m[07:58:43] [INFO] Group Var            0.061    0.077[0m
==================================================================
[0;37m[07:58:43] [INFO] ==================================================================[0m
[0;37m[07:58:43] [INFO] ==================================================================[0m

[0;37m[07:58:43] [INFO] [0m
[0;37m[07:58:43] [INFO] [0m

[0;37m[07:58:43] [INFO] [0m
[0;37m[07:58:43] [INFO] [0m
============================================================
[0;37m[07:58:43] [INFO] ============================================================[0m
[0;37m[07:58:43] [INFO] ============================================================[0m
HYPOTHESIS TEST: Suppressed Density Scaling
[0;37m[07:58:43] [INFO] HYPOTHESIS TEST: Suppressed Density Scaling[0m
[0;37m[07:58:43] [INFO] HYPOTHESIS TEST: Suppressed Density Scaling[0m
============================================================
[0;37m[07:58:43] [INFO] ============================================================[0m
[0;37m[07:58:43] [INFO] ============================================================[0m
Observed Slope (Mixed Model): 0.393 ± 0.079
[0;37m[07:58:43] [INFO] Observed Slope (Mixed Model): 0.393 ± 0.079[0m
[0;37m[07:58:43] [INFO] Observed Slope (Mixed Model): 0.393 ± 0.079[0m
Newtonian Target Slope:       0.720
[0;37m[07:58:43] [INFO] Newtonian Target Slope:       0.720[0m
[0;37m[07:58:43] [INFO] Newtonian Target Slope:       0.720[0m
Difference:                   -0.327
[0;37m[07:58:43] [INFO] Difference:                   -0.327[0m
[0;37m[07:58:43] [INFO] Difference:                   -0.327[0m
Z-score (Rejection of GR):    -4.1σ
[0;37m[07:58:43] [INFO] Z-score (Rejection of GR):    -4.1σ[0m
[0;37m[07:58:43] [INFO] Z-score (Rejection of GR):    -4.1σ[0m
p-value:                      3.42e-05
[0;37m[07:58:43] [INFO] p-value:                      3.42e-05[0m
[0;37m[07:58:43] [INFO] p-value:                      3.42e-05[0m
[1;32m[07:58:43] [SUCCESS] ✓ SUCCESS (1.0s)[0m
[0;37m[07:58:43] [INFO] [0m
[0;37m[07:58:43] [INFO] ================================================================================[0m
[0;37m[07:58:43] [INFO] >>> Core: Covariance-Aware Statistical Validation[0m
[0;37m[07:58:43] [INFO] ================================================================================[0m
[0;37m[07:58:43] [INFO] [0m
[0;37m[07:58:43] [INFO] Script: step_5_35_covariance_validation.py[0m
[0;37m[07:58:43] [INFO] Log: /Users/matthewsmawfield/www/Temporal Equivalence Principle/TEP-COS/logs/step_5_35_covariance_validation.log[0m
======================================================================
[0;37m[07:58:44] [INFO] ======================================================================[0m
[0;37m[07:58:44] [INFO] ======================================================================[0m
STEP 5.35: Covariance-Aware Statistical Validation
[0;37m[07:58:44] [INFO] STEP 5.35: Covariance-Aware Statistical Validation[0m
[0;37m[07:58:44] [INFO] STEP 5.35: Covariance-Aware Statistical Validation[0m
======================================================================
[0;37m[07:58:44] [INFO] ======================================================================[0m
[0;37m[07:58:44] [INFO] ======================================================================[0m

[0;37m[07:58:44] [INFO] [0m
[0;37m[07:58:44] [INFO] [0m
Dataset:
[0;37m[07:58:44] [INFO] Dataset:[0m
[0;37m[07:58:44] [INFO] Dataset:[0m
  GC pulsars: 196 (in 33 clusters)
[0;37m[07:58:44] [INFO]   GC pulsars: 196 (in 33 clusters)[0m
[0;37m[07:58:44] [INFO]   GC pulsars: 196 (in 33 clusters)[0m
  Field pulsars: 198
[0;37m[07:58:44] [INFO]   Field pulsars: 198[0m
[0;37m[07:58:44] [INFO]   Field pulsars: 198[0m

[0;37m[07:58:44] [INFO] [0m
[0;37m[07:58:44] [INFO] [0m
----------------------------------------------------------------------
[0;37m[07:58:44] [INFO] ----------------------------------------------------------------------[0m
[0;37m[07:58:44] [INFO] ----------------------------------------------------------------------[0m
1. COVARIANCE-AWARE T-TEST (GC vs Field)
[0;37m[07:58:44] [INFO] 1. COVARIANCE-AWARE T-TEST (GC vs Field)[0m
[0;37m[07:58:44] [INFO] 1. COVARIANCE-AWARE T-TEST (GC vs Field)[0m
----------------------------------------------------------------------
[0;37m[07:58:44] [INFO] ----------------------------------------------------------------------[0m
[0;37m[07:58:44] [INFO] ----------------------------------------------------------------------[0m
GC mean log|Ṗ|: -19.166
[0;37m[07:58:44] [INFO] GC mean log|Ṗ|: -19.166[0m
[0;37m[07:58:44] [INFO] GC mean log|Ṗ|: -19.166[0m
Field mean log|Ṗ|: -19.758
[0;37m[07:58:44] [INFO] Field mean log|Ṗ|: -19.758[0m
[0;37m[07:58:44] [INFO] Field mean log|Ṗ|: -19.758[0m
Difference: 0.592 dex
[0;37m[07:58:44] [INFO] Difference: 0.592 dex[0m
[0;37m[07:58:44] [INFO] Difference: 0.592 dex[0m
Standard error (covariance-aware): 0.1028
[0;37m[07:58:44] [INFO] Standard error (covariance-aware): 0.1028[0m
[0;37m[07:58:44] [INFO] Standard error (covariance-aware): 0.1028[0m
t-statistic: 5.76
[0;37m[07:58:44] [INFO] t-statistic: 5.76[0m
[0;37m[07:58:44] [INFO] t-statistic: 5.76[0m
Effective sample size (GC): 79.0
[0;37m[07:58:44] [INFO] Effective sample size (GC): 79.0[0m
[0;37m[07:58:44] [INFO] Effective sample size (GC): 79.0[0m
p-value (two-sided): 2.22e-08
[0;37m[07:58:44] [INFO] p-value (two-sided): 2.22e-08[0m
[0;37m[07:58:44] [INFO] p-value (two-sided): 2.22e-08[0m
Significance: 5.8σ
[0;37m[07:58:44] [INFO] Significance: 5.8σ[0m
[0;37m[07:58:44] [INFO] Significance: 5.8σ[0m

[0;37m[07:58:44] [INFO] [0m
[0;37m[07:58:44] [INFO] [0m
----------------------------------------------------------------------
[0;37m[07:58:44] [INFO] ----------------------------------------------------------------------[0m
[0;37m[07:58:44] [INFO] ----------------------------------------------------------------------[0m
2. LEAVE-ONE-CLUSTER-OUT CROSS-VALIDATION
[0;37m[07:58:44] [INFO] 2. LEAVE-ONE-CLUSTER-OUT CROSS-VALIDATION[0m
[0;37m[07:58:44] [INFO] 2. LEAVE-ONE-CLUSTER-OUT CROSS-VALIDATION[0m
----------------------------------------------------------------------
[0;37m[07:58:44] [INFO] ----------------------------------------------------------------------[0m
[0;37m[07:58:44] [INFO] ----------------------------------------------------------------------[0m
Full sample difference: 0.592 dex
[0;37m[07:58:44] [INFO] Full sample difference: 0.592 dex[0m
[0;37m[07:58:44] [INFO] Full sample difference: 0.592 dex[0m
LOOCV mean difference: 0.592 ± 0.022 dex
[0;37m[07:58:44] [INFO] LOOCV mean difference: 0.592 ± 0.022 dex[0m
[0;37m[07:58:44] [INFO] LOOCV mean difference: 0.592 ± 0.022 dex[0m
Range: [0.502, 0.635]
[0;37m[07:58:44] [INFO] Range: [0.502, 0.635][0m
[0;37m[07:58:44] [INFO] Range: [0.502, 0.635][0m
Max change when removing cluster: 0.091 dex
[0;37m[07:58:44] [INFO] Max change when removing cluster: 0.091 dex[0m
[0;37m[07:58:44] [INFO] Max change when removing cluster: 0.091 dex[0m
Relative instability: 3.8%
[0;37m[07:58:44] [INFO] Relative instability: 3.8%[0m
[0;37m[07:58:44] [INFO] Relative instability: 3.8%[0m
Assessment: STABLE
[0;37m[07:58:44] [INFO] Assessment: STABLE[0m
[0;37m[07:58:44] [INFO] Assessment: STABLE[0m

[0;37m[07:58:44] [INFO] [0m
[0;37m[07:58:44] [INFO] [0m
  Most influential clusters:
[0;37m[07:58:44] [INFO]   Most influential clusters:[0m
[0;37m[07:58:44] [INFO]   Most influential clusters:[0m
    Terzan 5: diff = 0.502 (change: -0.091)
[0;37m[07:58:44] [INFO]     Terzan 5: diff = 0.502 (change: -0.091)[0m
[0;37m[07:58:44] [INFO]     Terzan 5: diff = 0.502 (change: -0.091)[0m
    47 Tuc (NGC 104): diff = 0.635 (change: +0.042)
[0;37m[07:58:44] [INFO]     47 Tuc (NGC 104): diff = 0.635 (change: +0.042)[0m
[0;37m[07:58:44] [INFO]     47 Tuc (NGC 104): diff = 0.635 (change: +0.042)[0m
    M13 (NGC 6205): diff = 0.629 (change: +0.036)
[0;37m[07:58:44] [INFO]     M13 (NGC 6205): diff = 0.629 (change: +0.036)[0m
[0;37m[07:58:44] [INFO]     M13 (NGC 6205): diff = 0.629 (change: +0.036)[0m

[0;37m[07:58:44] [INFO] [0m
[0;37m[07:58:44] [INFO] [0m
----------------------------------------------------------------------
[0;37m[07:58:44] [INFO] ----------------------------------------------------------------------[0m
[0;37m[07:58:44] [INFO] ----------------------------------------------------------------------[0m
3. HIERARCHICAL BOOTSTRAP CONFIDENCE INTERVALS
[0;37m[07:58:44] [INFO] 3. HIERARCHICAL BOOTSTRAP CONFIDENCE INTERVALS[0m
[0;37m[07:58:44] [INFO] 3. HIERARCHICAL BOOTSTRAP CONFIDENCE INTERVALS[0m
----------------------------------------------------------------------
[0;37m[07:58:44] [INFO] ----------------------------------------------------------------------[0m
[0;37m[07:58:44] [INFO] ----------------------------------------------------------------------[0m
Bootstrap mean difference: 0.578 ± 0.135 dex
[0;37m[07:58:45] [INFO] Bootstrap mean difference: 0.578 ± 0.135 dex[0m
[0;37m[07:58:45] [INFO] Bootstrap mean difference: 0.578 ± 0.135 dex[0m
95% CI: [0.305, 0.840]
[0;37m[07:58:45] [INFO] 95% CI: [0.305, 0.840][0m
[0;37m[07:58:45] [INFO] 95% CI: [0.305, 0.840][0m
99% CI: [0.218, 0.909]
[0;37m[07:58:45] [INFO] 99% CI: [0.218, 0.909][0m
[0;37m[07:58:45] [INFO] 99% CI: [0.218, 0.909][0m
Fraction positive: 100.0%
[0;37m[07:58:45] [INFO] Fraction positive: 100.0%[0m
[0;37m[07:58:45] [INFO] Fraction positive: 100.0%[0m
Fraction negative: 0.0%
[0;37m[07:58:45] [INFO] Fraction negative: 0.0%[0m
[0;37m[07:58:45] [INFO] Fraction negative: 0.0%[0m

[0;37m[07:58:45] [INFO] [0m
[0;37m[07:58:45] [INFO] [0m
----------------------------------------------------------------------
[0;37m[07:58:45] [INFO] ----------------------------------------------------------------------[0m
[0;37m[07:58:45] [INFO] ----------------------------------------------------------------------[0m
4. PERMUTATION NULL HYPOTHESIS TEST
[0;37m[07:58:45] [INFO] 4. PERMUTATION NULL HYPOTHESIS TEST[0m
[0;37m[07:58:45] [INFO] 4. PERMUTATION NULL HYPOTHESIS TEST[0m
----------------------------------------------------------------------
[0;37m[07:58:45] [INFO] ----------------------------------------------------------------------[0m
[0;37m[07:58:45] [INFO] ----------------------------------------------------------------------[0m
Observed difference: 0.592 dex
[0;37m[07:58:46] [INFO] Observed difference: 0.592 dex[0m
[0;37m[07:58:46] [INFO] Observed difference: 0.592 dex[0m
Permutation mean ± std: -0.0004 ± 0.0823
[0;37m[07:58:46] [INFO] Permutation mean ± std: -0.0004 ± 0.0823[0m
[0;37m[07:58:46] [INFO] Permutation mean ± std: -0.0004 ± 0.0823[0m
Permutation range: [-0.295, 0.309]
[0;37m[07:58:46] [INFO] Permutation range: [-0.295, 0.309][0m
[0;37m[07:58:46] [INFO] Permutation range: [-0.295, 0.309][0m
p-value: 0.0001
[0;37m[07:58:46] [INFO] p-value: 0.0001[0m
[0;37m[07:58:46] [INFO] p-value: 0.0001[0m
Significance: 7.2σ
[0;37m[07:58:46] [INFO] Significance: 7.2σ[0m
[0;37m[07:58:46] [INFO] Significance: 7.2σ[0m

[0;37m[07:58:46] [INFO] [0m
[0;37m[07:58:46] [INFO] [0m
----------------------------------------------------------------------
[0;37m[07:58:46] [INFO] ----------------------------------------------------------------------[0m
[0;37m[07:58:46] [INFO] ----------------------------------------------------------------------[0m
5. DENSITY SCALING LEAVE-ONE-OUT VALIDATION
[0;37m[07:58:46] [INFO] 5. DENSITY SCALING LEAVE-ONE-OUT VALIDATION[0m
[0;37m[07:58:46] [INFO] 5. DENSITY SCALING LEAVE-ONE-OUT VALIDATION[0m
----------------------------------------------------------------------
[0;37m[07:58:46] [INFO] ----------------------------------------------------------------------[0m
[0;37m[07:58:46] [INFO] ----------------------------------------------------------------------[0m
Full sample slope: 0.388
[0;37m[07:58:46] [INFO] Full sample slope: 0.388[0m
[0;37m[07:58:46] [INFO] Full sample slope: 0.388[0m
LOOCV mean slope: 0.389 ± 0.013
[0;37m[07:58:46] [INFO] LOOCV mean slope: 0.389 ± 0.013[0m
[0;37m[07:58:46] [INFO] LOOCV mean slope: 0.389 ± 0.013[0m
Range: [0.360, 0.428]
[0;37m[07:58:46] [INFO] Range: [0.360, 0.428][0m
[0;37m[07:58:46] [INFO] Range: [0.360, 0.428][0m
Max change: 0.039
[0;37m[07:58:46] [INFO] Max change: 0.039[0m
[0;37m[07:58:46] [INFO] Max change: 0.039[0m
Relative instability: 3.3%
[0;37m[07:58:46] [INFO] Relative instability: 3.3%[0m
[0;37m[07:58:46] [INFO] Relative instability: 3.3%[0m
Assessment: STABLE
[0;37m[07:58:46] [INFO] Assessment: STABLE[0m
[0;37m[07:58:46] [INFO] Assessment: STABLE[0m

[0;37m[07:58:46] [INFO] [0m
[0;37m[07:58:46] [INFO] [0m
======================================================================
[0;37m[07:58:46] [INFO] ======================================================================[0m
[0;37m[07:58:46] [INFO] ======================================================================[0m
Results saved to: results/outputs/step_5_35_covariance_validation.json
[0;37m[07:58:46] [INFO] Results saved to: results/outputs/step_5_35_covariance_validation.json[0m
[0;37m[07:58:46] [INFO] Results saved to: results/outputs/step_5_35_covariance_validation.json[0m
======================================================================
[0;37m[07:58:46] [INFO] ======================================================================[0m
[0;37m[07:58:46] [INFO] ======================================================================[0m

[0;37m[07:58:46] [INFO] [0m
[0;37m[07:58:46] [INFO] [0m
======================================================================
[0;37m[07:58:46] [INFO] ======================================================================[0m
[0;37m[07:58:46] [INFO] ======================================================================[0m
SUMMARY OF STATISTICAL VALIDATION
[0;37m[07:58:46] [INFO] SUMMARY OF STATISTICAL VALIDATION[0m
[0;37m[07:58:46] [INFO] SUMMARY OF STATISTICAL VALIDATION[0m
======================================================================
[0;37m[07:58:46] [INFO] ======================================================================[0m
[0;37m[07:58:46] [INFO] ======================================================================[0m
GC vs Field difference: 0.592 dex
[0;37m[07:58:46] [INFO] GC vs Field difference: 0.592 dex[0m
[0;37m[07:58:46] [INFO] GC vs Field difference: 0.592 dex[0m
  Covariance-aware significance: 5.8σ (p=2.22e-08)
[0;37m[07:58:46] [INFO]   Covariance-aware significance: 5.8σ (p=2.22e-08)[0m
[0;37m[07:58:46] [INFO]   Covariance-aware significance: 5.8σ (p=2.22e-08)[0m
  LOOCV stability: STABLE (3.8% relative instability)
[0;37m[07:58:46] [INFO]   LOOCV stability: STABLE (3.8% relative instability)[0m
[0;37m[07:58:46] [INFO]   LOOCV stability: STABLE (3.8% relative instability)[0m
  95% CI from bootstrap: [0.305, 0.840]
[0;37m[07:58:46] [INFO]   95% CI from bootstrap: [0.305, 0.840][0m
[0;37m[07:58:46] [INFO]   95% CI from bootstrap: [0.305, 0.840][0m
  Permutation p-value: 0.0001
[0;37m[07:58:46] [INFO]   Permutation p-value: 0.0001[0m
[0;37m[07:58:46] [INFO]   Permutation p-value: 0.0001[0m

[0;37m[07:58:46] [INFO] [0m
[0;37m[07:58:46] [INFO] [0m
Density scaling slope: 0.388
[0;37m[07:58:46] [INFO] Density scaling slope: 0.388[0m
[0;37m[07:58:46] [INFO] Density scaling slope: 0.388[0m
  LOOCV stability: STABLE
[0;37m[07:58:46] [INFO]   LOOCV stability: STABLE[0m
[0;37m[07:58:46] [INFO]   LOOCV stability: STABLE[0m
  Range across LOOCV: [0.360, 0.428]
[0;37m[07:58:46] [INFO]   Range across LOOCV: [0.360, 0.428][0m
[0;37m[07:58:46] [INFO]   Range across LOOCV: [0.360, 0.428][0m
======================================================================
[0;37m[07:58:46] [INFO] ======================================================================[0m
[0;37m[07:58:46] [INFO] ======================================================================[0m
[1;32m[07:58:46] [SUCCESS] ✓ SUCCESS (2.6s)[0m
[0;37m[07:58:46] [INFO] [0m
[0;37m[07:58:46] [INFO] ================================================================================[0m
[0;37m[07:58:46] [INFO] >>> Binary: GC Binary vs Isolated Analysis[0m
[0;37m[07:58:46] [INFO] ================================================================================[0m
[0;37m[07:58:46] [INFO] [0m
[0;37m[07:58:46] [INFO] Script: step_5_11_binary_pulsar_analysis.py[0m
[0;37m[07:58:46] [INFO] Log: /Users/matthewsmawfield/www/Temporal Equivalence Principle/TEP-COS/logs/step_5_11_binary_pulsar_analysis.log[0m
Parsed 361 pulsars from Freire catalog
[0;37m[07:58:46] [INFO] Parsed 361 pulsars from Freire catalog[0m
[0;37m[07:58:46] [INFO] Parsed 361 pulsars from Freire catalog[0m
MSPs (P < 30 ms): 337
[0;37m[07:58:46] [INFO] MSPs (P < 30 ms): 337[0m
[0;37m[07:58:46] [INFO] MSPs (P < 30 ms): 337[0m

[0;37m[07:58:46] [INFO] [0m
[0;37m[07:58:46] [INFO] [0m
Binary vs Isolated MSPs in GCs:
[0;37m[07:58:46] [INFO] Binary vs Isolated MSPs in GCs:[0m
[0;37m[07:58:46] [INFO] Binary vs Isolated MSPs in GCs:[0m
  Binary MSPs: 115
[0;37m[07:58:46] [INFO]   Binary MSPs: 115[0m
[0;37m[07:58:46] [INFO]   Binary MSPs: 115[0m
  Isolated MSPs: 81
[0;37m[07:58:46] [INFO]   Isolated MSPs: 81[0m
[0;37m[07:58:46] [INFO]   Isolated MSPs: 81[0m
  Difference (binary - isolated): -0.323 dex
[0;37m[07:58:46] [INFO]   Difference (binary - isolated): -0.323 dex[0m
[0;37m[07:58:46] [INFO]   Difference (binary - isolated): -0.323 dex[0m
  t-test p-value: 0.006788
[0;37m[07:58:46] [INFO]   t-test p-value: 0.006788[0m
[0;37m[07:58:46] [INFO]   t-test p-value: 0.006788[0m

[0;37m[07:58:46] [INFO] [0m
[0;37m[07:58:46] [INFO] [0m
Orbital Parameter Analysis:
[0;37m[07:58:46] [INFO] Orbital Parameter Analysis:[0m
[0;37m[07:58:46] [INFO] Orbital Parameter Analysis:[0m
  Binaries with measured Pdot: 115
[0;37m[07:58:46] [INFO]   Binaries with measured Pdot: 115[0m
[0;37m[07:58:46] [INFO]   Binaries with measured Pdot: 115[0m

[0;37m[07:58:46] [INFO] [0m
[0;37m[07:58:46] [INFO] [0m
Wrote: /Users/matthewsmawfield/www/Temporal Equivalence Principle/TEP-COS/results/outputs/step_5_11_binary_pulsar_analysis.json
[0;37m[07:58:46] [INFO] Wrote: /Users/matthewsmawfield/www/Temporal Equivalence Principle/TEP-COS/results/outputs/step_5_11_binary_pulsar_analysis.json[0m
[0;37m[07:58:46] [INFO] Wrote: /Users/matthewsmawfield/www/Temporal Equivalence Principle/TEP-COS/results/outputs/step_5_11_binary_pulsar_analysis.json[0m
Wrote: /Users/matthewsmawfield/www/Temporal Equivalence Principle/TEP-COS/results/outputs/step_5_11_binary_pulsar_analysis.md
[0;37m[07:58:46] [INFO] Wrote: /Users/matthewsmawfield/www/Temporal Equivalence Principle/TEP-COS/results/outputs/step_5_11_binary_pulsar_analysis.md[0m
[0;37m[07:58:46] [INFO] Wrote: /Users/matthewsmawfield/www/Temporal Equivalence Principle/TEP-COS/results/outputs/step_5_11_binary_pulsar_analysis.md[0m
[1;32m[07:58:46] [SUCCESS] ✓ SUCCESS (0.4s)[0m
[0;37m[07:58:46] [INFO] [0m
[0;37m[07:58:46] [INFO] ================================================================================[0m
[0;37m[07:58:46] [INFO] >>> Binary: Temporal Topology Competition Model[0m
[0;37m[07:58:46] [INFO] ================================================================================[0m
[0;37m[07:58:46] [INFO] [0m
[0;37m[07:58:46] [INFO] Script: step_5_11b_binary_screening_model.py[0m
[0;37m[07:58:46] [INFO] Log: /Users/matthewsmawfield/www/Temporal Equivalence Principle/TEP-COS/logs/step_5_11b_binary_screening_model.log[0m
================================================================================
[0;37m[07:58:46] [INFO] ================================================================================[0m
[0;37m[07:58:46] [INFO] ================================================================================[0m
TEP BINARY SCREENING: TEMPORAL TOPOLOGY COMPETITION MODEL
[0;37m[07:58:46] [INFO] TEP BINARY SCREENING: TEMPORAL TOPOLOGY COMPETITION MODEL[0m
[0;37m[07:58:46] [INFO] TEP BINARY SCREENING: TEMPORAL TOPOLOGY COMPETITION MODEL[0m
================================================================================
[0;37m[07:58:46] [INFO] ================================================================================[0m
[0;37m[07:58:46] [INFO] ================================================================================[0m

[0;37m[07:58:46] [INFO] [0m
[0;37m[07:58:46] [INFO] [0m
1. PULSAR TEMPORAL TOPOLOGY
[0;37m[07:58:46] [INFO] 1. PULSAR TEMPORAL TOPOLOGY[0m
[0;37m[07:58:46] [INFO] 1. PULSAR TEMPORAL TOPOLOGY[0m
--------------------------
[0;37m[07:58:46] [INFO] --------------------------[0m
[0;37m[07:58:46] [INFO] --------------------------[0m
Pulsar Mass: 1.4 M_sun
[0;37m[07:58:46] [INFO] Pulsar Mass: 1.4 M_sun[0m
[0;37m[07:58:46] [INFO] Pulsar Mass: 1.4 M_sun[0m
Critical Density (TEP): 20.0 g/cm³
[0;37m[07:58:46] [INFO] Critical Density (TEP): 20.0 g/cm³[0m
[0;37m[07:58:46] [INFO] Critical Density (TEP): 20.0 g/cm³[0m
Saturation Radius (R_sol): 321525.0 km
[0;37m[07:58:46] [INFO] Saturation Radius (R_sol): 321525.0 km[0m
[0;37m[07:58:46] [INFO] Saturation Radius (R_sol): 321525.0 km[0m

[0;37m[07:58:46] [INFO] [0m
[0;37m[07:58:46] [INFO] [0m
2. TYPICAL MSP BINARY
[0;37m[07:58:46] [INFO] 2. TYPICAL MSP BINARY[0m
[0;37m[07:58:46] [INFO] 2. TYPICAL MSP BINARY[0m
---------------------
[0;37m[07:58:46] [INFO] ---------------------[0m
[0;37m[07:58:46] [INFO] ---------------------[0m
Companion Mass: 0.2 M_sun
[0;37m[07:58:46] [INFO] Companion Mass: 0.2 M_sun[0m
[0;37m[07:58:46] [INFO] Companion Mass: 0.2 M_sun[0m
Orbital Period: 1.0 days
[0;37m[07:58:46] [INFO] Orbital Period: 1.0 days[0m
[0;37m[07:58:46] [INFO] Orbital Period: 1.0 days[0m
Orbital Separation (a): 3424545.2 km
[0;37m[07:58:46] [INFO] Orbital Separation (a): 3424545.2 km[0m
[0;37m[07:58:46] [INFO] Orbital Separation (a): 3424545.2 km[0m
Ratio (a / R_sol): 10.7
[0;37m[07:58:46] [INFO] Ratio (a / R_sol): 10.7[0m
[0;37m[07:58:46] [INFO] Ratio (a / R_sol): 10.7[0m
Companion Saturation Radius: 168079.7 km
[0;37m[07:58:46] [INFO] Companion Saturation Radius: 168079.7 km[0m
[0;37m[07:58:46] [INFO] Companion Saturation Radius: 168079.7 km[0m
Saturation regions are distinct, with interacting topology transitions
[0;37m[07:58:46] [INFO] Saturation regions are distinct, with interacting topology transitions[0m
[0;37m[07:58:46] [INFO] Saturation regions are distinct, with interacting topology transitions[0m

[0;37m[07:58:46] [INFO] [0m
[0;37m[07:58:46] [INFO] [0m
3. TEMPORAL TOPOLOGY COMPETITION EFFECT
[0;37m[07:58:46] [INFO] 3. TEMPORAL TOPOLOGY COMPETITION EFFECT[0m
[0;37m[07:58:46] [INFO] 3. TEMPORAL TOPOLOGY COMPETITION EFFECT[0m
-----------------------------
[0;37m[07:58:46] [INFO] -----------------------------[0m
[0;37m[07:58:46] [INFO] -----------------------------[0m
Observed total cluster enhancement: +0.58 dex
[0;37m[07:58:46] [INFO] Observed total cluster enhancement: +0.58 dex[0m
[0;37m[07:58:46] [INFO] Observed total cluster enhancement: +0.58 dex[0m
Observed binary suppression:        -0.32 dex
[0;37m[07:58:46] [INFO] Observed binary suppression:        -0.32 dex[0m
[0;37m[07:58:46] [INFO] Observed binary suppression:        -0.32 dex[0m
Required shielding fraction:        0.55 (55%)
[0;37m[07:58:46] [INFO] Required shielding fraction:        0.55 (55%)[0m
[0;37m[07:58:46] [INFO] Required shielding fraction:        0.55 (55%)[0m

[0;37m[07:58:46] [INFO] [0m
[0;37m[07:58:46] [INFO] [0m
Model Prediction:
[0;37m[07:58:46] [INFO] Model Prediction:[0m
[0;37m[07:58:46] [INFO] Model Prediction:[0m
Predicted shielding fraction:       0.47
[0;37m[07:58:46] [INFO] Predicted shielding fraction:       0.47[0m
[0;37m[07:58:46] [INFO] Predicted shielding fraction:       0.47[0m

[0;37m[07:58:46] [INFO] [0m
[0;37m[07:58:46] [INFO] [0m
4. POPULATION SWEEP
[0;37m[07:58:46] [INFO] 4. POPULATION SWEEP[0m
[0;37m[07:58:46] [INFO] 4. POPULATION SWEEP[0m
-------------------
[0;37m[07:58:46] [INFO] -------------------[0m
[0;37m[07:58:46] [INFO] -------------------[0m
Pb (d)   | Mc (M_sun) | Sep (km)     | Shielding % 
[0;37m[07:58:46] [INFO] Pb (d)   | Mc (M_sun) | Sep (km)     | Shielding %[0m
[0;37m[07:58:46] [INFO] Pb (d)   | Mc (M_sun) | Sep (km)     | Shielding %[0m
------------------------------------------------
[0;37m[07:58:46] [INFO] ------------------------------------------------[0m
[0;37m[07:58:46] [INFO] ------------------------------------------------[0m
0.1      | 0.05       | 7.1e+05      |     51.9%
[0;37m[07:58:46] [INFO] 0.1      | 0.05       | 7.1e+05      |     51.9%[0m
[0;37m[07:58:46] [INFO] 0.1      | 0.05       | 7.1e+05      |     51.9%[0m
0.5      | 0.05       | 2.1e+06      |     27.0%
[0;37m[07:58:46] [INFO] 0.5      | 0.05       | 2.1e+06      |     27.0%[0m
[0;37m[07:58:46] [INFO] 0.5      | 0.05       | 2.1e+06      |     27.0%[0m
1.0      | 0.05       | 3.3e+06      |     18.9%
[0;37m[07:58:46] [INFO] 1.0      | 0.05       | 3.3e+06      |     18.9%[0m
[0;37m[07:58:46] [INFO] 1.0      | 0.05       | 3.3e+06      |     18.9%[0m
5.0      | 0.05       | 9.7e+06      |      7.4%
[0;37m[07:58:46] [INFO] 5.0      | 0.05       | 9.7e+06      |      7.4%[0m
[0;37m[07:58:46] [INFO] 5.0      | 0.05       | 9.7e+06      |      7.4%[0m
10.0     | 0.05       | 1.5e+07      |      4.8%
[0;37m[07:58:46] [INFO] 10.0     | 0.05       | 1.5e+07      |      4.8%[0m
[0;37m[07:58:46] [INFO] 10.0     | 0.05       | 1.5e+07      |      4.8%[0m
100.0    | 0.05       | 7.1e+07      |      1.1%
[0;37m[07:58:46] [INFO] 100.0    | 0.05       | 7.1e+07      |      1.1%[0m
[0;37m[07:58:46] [INFO] 100.0    | 0.05       | 7.1e+07      |      1.1%[0m
0.1      | 0.20       | 7.4e+05      |     80.7%
[0;37m[07:58:46] [INFO] 0.1      | 0.20       | 7.4e+05      |     80.7%[0m
[0;37m[07:58:46] [INFO] 0.1      | 0.20       | 7.4e+05      |     80.7%[0m
0.5      | 0.20       | 2.2e+06      |     58.9%
[0;37m[07:58:46] [INFO] 0.5      | 0.20       | 2.2e+06      |     58.9%[0m
[0;37m[07:58:46] [INFO] 0.5      | 0.20       | 2.2e+06      |     58.9%[0m
1.0      | 0.20       | 3.4e+06      |     47.4%
[0;37m[07:58:46] [INFO] 1.0      | 0.20       | 3.4e+06      |     47.4%[0m
[0;37m[07:58:46] [INFO] 1.0      | 0.20       | 3.4e+06      |     47.4%[0m
5.0      | 0.20       | 1.0e+07      |     23.6%
[0;37m[07:58:46] [INFO] 5.0      | 0.20       | 1.0e+07      |     23.6%[0m
[0;37m[07:58:46] [INFO] 5.0      | 0.20       | 1.0e+07      |     23.6%[0m
10.0     | 0.20       | 1.6e+07      |     16.3%
[0;37m[07:58:46] [INFO] 10.0     | 0.20       | 1.6e+07      |     16.3%[0m
[0;37m[07:58:46] [INFO] 10.0     | 0.20       | 1.6e+07      |     16.3%[0m
100.0    | 0.20       | 7.4e+07      |      4.0%
[0;37m[07:58:46] [INFO] 100.0    | 0.20       | 7.4e+07      |      4.0%[0m
[0;37m[07:58:46] [INFO] 100.0    | 0.20       | 7.4e+07      |      4.0%[0m
0.1      | 0.50       | 7.8e+05      |     90.8%
[0;37m[07:58:46] [INFO] 0.1      | 0.50       | 7.8e+05      |     90.8%[0m
[0;37m[07:58:46] [INFO] 0.1      | 0.50       | 7.8e+05      |     90.8%[0m
0.5      | 0.50       | 2.3e+06      |     77.2%
[0;37m[07:58:46] [INFO] 0.5      | 0.50       | 2.3e+06      |     77.2%[0m
[0;37m[07:58:46] [INFO] 0.5      | 0.50       | 2.3e+06      |     77.2%[0m
1.0      | 0.50       | 3.6e+06      |     68.0%
[0;37m[07:58:46] [INFO] 1.0      | 0.50       | 3.6e+06      |     68.0%[0m
[0;37m[07:58:46] [INFO] 1.0      | 0.50       | 3.6e+06      |     68.0%[0m
5.0      | 0.50       | 1.1e+07      |     42.1%
[0;37m[07:58:46] [INFO] 5.0      | 0.50       | 1.1e+07      |     42.1%[0m
[0;37m[07:58:46] [INFO] 5.0      | 0.50       | 1.1e+07      |     42.1%[0m
10.0     | 0.50       | 1.7e+07      |     31.4%
[0;37m[07:58:46] [INFO] 10.0     | 0.50       | 1.7e+07      |     31.4%[0m
[0;37m[07:58:46] [INFO] 10.0     | 0.50       | 1.7e+07      |     31.4%[0m
100.0    | 0.50       | 7.8e+07      |      9.0%
[0;37m[07:58:46] [INFO] 100.0    | 0.50       | 7.8e+07      |      9.0%[0m
[0;37m[07:58:46] [INFO] 100.0    | 0.50       | 7.8e+07      |      9.0%[0m

[0;37m[07:58:46] [INFO] [0m
[0;37m[07:58:46] [INFO] [0m
Results saved to /Users/matthewsmawfield/www/Temporal Equivalence Principle/TEP-COS/results/outputs/step_5_11b_screening_boundary_model.json
[0;37m[07:58:46] [INFO] Results saved to /Users/matthewsmawfield/www/Temporal Equivalence Principle/TEP-COS/results/outputs/step_5_11b_screening_boundary_model.json[0m
[0;37m[07:58:46] [INFO] Results saved to /Users/matthewsmawfield/www/Temporal Equivalence Principle/TEP-COS/results/outputs/step_5_11b_screening_boundary_model.json[0m
[1;32m[07:58:46] [SUCCESS] ✓ SUCCESS (0.1s)[0m
[0;37m[07:58:46] [INFO] [0m
[0;37m[07:58:46] [INFO] ================================================================================[0m
[0;37m[07:58:46] [INFO] >>> Binary: Field Binary Control[0m
[0;37m[07:58:46] [INFO] ================================================================================[0m
[0;37m[07:58:46] [INFO] [0m
[0;37m[07:58:46] [INFO] Script: step_5_12_field_binary_analysis.py[0m
[0;37m[07:58:46] [INFO] Log: /Users/matthewsmawfield/www/Temporal Equivalence Principle/TEP-COS/logs/step_5_12_field_binary_analysis.log[0m
Loading ATNF database...
[0;37m[07:58:46] [INFO] Loading ATNF database...[0m
[0;37m[07:58:46] [INFO] Loading ATNF database...[0m
Parsed 4286 pulsars.
[0;37m[07:58:46] [INFO] Parsed 4286 pulsars.[0m
[0;37m[07:58:46] [INFO] Parsed 4286 pulsars.[0m
Found 334 Field MSPs with measured Pdot.
[0;37m[07:58:46] [INFO] Found 334 Field MSPs with measured Pdot.[0m
[0;37m[07:58:46] [INFO] Found 334 Field MSPs with measured Pdot.[0m
  Binaries: 268
[0;37m[07:58:46] [INFO]   Binaries: 268[0m
[0;37m[07:58:46] [INFO]   Binaries: 268[0m
  Isolated: 66
[0;37m[07:58:46] [INFO]   Isolated: 66[0m
[0;37m[07:58:46] [INFO]   Isolated: 66[0m
{
[0;37m[07:58:46] [INFO] {[0m
[0;37m[07:58:46] [INFO] {[0m
  "binary_n": 268,
[0;37m[07:58:46] [INFO]   "binary_n": 268,[0m
[0;37m[07:58:46] [INFO]   "binary_n": 268,[0m
  "isolated_n": 66,
[0;37m[07:58:46] [INFO]   "isolated_n": 66,[0m
[0;37m[07:58:46] [INFO]   "isolated_n": 66,[0m
  "binary_mean_logpdot": 0.17123170737142734,
[0;37m[07:58:46] [INFO]   "binary_mean_logpdot": 0.17123170737142734,[0m
[0;37m[07:58:46] [INFO]   "binary_mean_logpdot": 0.17123170737142734,[0m
  "binary_std_logpdot": 0.6432122251973879,
[0;37m[07:58:46] [INFO]   "binary_std_logpdot": 0.6432122251973879,[0m
[0;37m[07:58:46] [INFO]   "binary_std_logpdot": 0.6432122251973879,[0m
  "isolated_mean_logpdot": 0.21809130829766393,
[0;37m[07:58:46] [INFO]   "isolated_mean_logpdot": 0.21809130829766393,[0m
[0;37m[07:58:46] [INFO]   "isolated_mean_logpdot": 0.21809130829766393,[0m
  "isolated_std_logpdot": 0.924866199840388,
[0;37m[07:58:46] [INFO]   "isolated_std_logpdot": 0.924866199840388,[0m
[0;37m[07:58:46] [INFO]   "isolated_std_logpdot": 0.924866199840388,[0m
  "diff_dex": -0.04685960092623659,
[0;37m[07:58:46] [INFO]   "diff_dex": -0.04685960092623659,[0m
[0;37m[07:58:46] [INFO]   "diff_dex": -0.04685960092623659,[0m
  "t_stat": -0.3863709280118236,
[0;37m[07:58:46] [INFO]   "t_stat": -0.3863709280118236,[0m
[0;37m[07:58:46] [INFO]   "t_stat": -0.3863709280118236,[0m
  "t_p_value": 0.7002358665867912,
[0;37m[07:58:46] [INFO]   "t_p_value": 0.7002358665867912,[0m
[0;37m[07:58:46] [INFO]   "t_p_value": 0.7002358665867912,[0m
  "mw_u_stat": 9300.0,
[0;37m[07:58:46] [INFO]   "mw_u_stat": 9300.0,[0m
[0;37m[07:58:46] [INFO]   "mw_u_stat": 9300.0,[0m
  "mw_p_value": 0.5168476442938648,
[0;37m[07:58:46] [INFO]   "mw_p_value": 0.5168476442938648,[0m
[0;37m[07:58:46] [INFO]   "mw_p_value": 0.5168476442938648,[0m
  "interpretation": "CONSISTENT: No significant difference between Binary and Isolated Field MSPs. This supports the hypothesis that the difference observed in GCs is environmental (e.g. acceleration or TEP cluster potential)."
[0;37m[07:58:46] [INFO]   "interpretation": "CONSISTENT: No significant difference between Binary and Isolated Field MSPs. This supports the hypothesis that the difference observed in GCs is environmental (e.g. acceleration or TEP cluster potential)."[0m
[0;37m[07:58:46] [INFO]   "interpretation": "CONSISTENT: No significant difference between Binary and Isolated Field MSPs. This supports the hypothesis that the difference observed in GCs is environmental (e.g. acceleration or TEP cluster potential)."[0m
}
[0;37m[07:58:46] [INFO] }[0m
[0;37m[07:58:46] [INFO] }[0m
Results saved to /Users/matthewsmawfield/www/Temporal Equivalence Principle/TEP-COS/results/outputs/step_5_12_field_binary_analysis.md
[0;37m[07:58:46] [INFO] Results saved to /Users/matthewsmawfield/www/Temporal Equivalence Principle/TEP-COS/results/outputs/step_5_12_field_binary_analysis.md[0m
[0;37m[07:58:46] [INFO] Results saved to /Users/matthewsmawfield/www/Temporal Equivalence Principle/TEP-COS/results/outputs/step_5_12_field_binary_analysis.md[0m
[1;32m[07:58:46] [SUCCESS] ✓ SUCCESS (0.5s)[0m
[0;37m[07:58:46] [INFO] [0m
[0;37m[07:58:46] [INFO] ================================================================================[0m
[0;37m[07:58:46] [INFO] >>> Binary: Integrated Binary Control Test[0m
[0;37m[07:58:46] [INFO] ================================================================================[0m
[0;37m[07:58:46] [INFO] [0m
[0;37m[07:58:46] [INFO] Script: step_5_36_integrated_binary_control.py[0m
[0;37m[07:58:46] [INFO] Log: /Users/matthewsmawfield/www/Temporal Equivalence Principle/TEP-COS/logs/step_5_36_integrated_binary_control.log[0m
Loading binary analysis results...
[0;37m[07:58:47] [INFO] Loading binary analysis results...[0m
[0;37m[07:58:47] [INFO] Loading binary analysis results...[0m
======================================================================
[0;37m[07:58:47] [INFO] ======================================================================[0m
[0;37m[07:58:47] [INFO] ======================================================================[0m
INTEGRATED BINARY CONTROL ANALYSIS
[0;37m[07:58:47] [INFO] INTEGRATED BINARY CONTROL ANALYSIS[0m
[0;37m[07:58:47] [INFO] INTEGRATED BINARY CONTROL ANALYSIS[0m
======================================================================
[0;37m[07:58:47] [INFO] ======================================================================[0m
[0;37m[07:58:47] [INFO] ======================================================================[0m

[0;37m[07:58:47] [INFO] [0m
[0;37m[07:58:47] [INFO] [0m
1. GLOBULAR CLUSTER BINARIES (Step 5.11)
[0;37m[07:58:47] [INFO] 1. GLOBULAR CLUSTER BINARIES (Step 5.11)[0m
[0;37m[07:58:47] [INFO] 1. GLOBULAR CLUSTER BINARIES (Step 5.11)[0m
----------------------------------------------------------------------
[0;37m[07:58:47] [INFO] ----------------------------------------------------------------------[0m
[0;37m[07:58:47] [INFO] ----------------------------------------------------------------------[0m
Binary MSPs: 115
[0;37m[07:58:47] [INFO] Binary MSPs: 115[0m
[0;37m[07:58:47] [INFO] Binary MSPs: 115[0m
Isolated MSPs: 81
[0;37m[07:58:47] [INFO] Isolated MSPs: 81[0m
[0;37m[07:58:47] [INFO] Isolated MSPs: 81[0m
Mean log|Ṗ| (Binary): -19.290
[0;37m[07:58:47] [INFO] Mean log|Ṗ| (Binary): -19.290[0m
[0;37m[07:58:47] [INFO] Mean log|Ṗ| (Binary): -19.290[0m
Mean log|Ṗ| (Isolated): -18.967
[0;37m[07:58:47] [INFO] Mean log|Ṗ| (Isolated): -18.967[0m
[0;37m[07:58:47] [INFO] Mean log|Ṗ| (Isolated): -18.967[0m
Difference (Binary - Isolated): -0.323 dex
[0;37m[07:58:47] [INFO] Difference (Binary - Isolated): -0.323 dex[0m
[0;37m[07:58:47] [INFO] Difference (Binary - Isolated): -0.323 dex[0m
t-test p-value: 0.0068
[0;37m[07:58:47] [INFO] t-test p-value: 0.0068[0m
[0;37m[07:58:47] [INFO] t-test p-value: 0.0068[0m
Significance: 0.5σ
[0;37m[07:58:47] [INFO] Significance: 0.5σ[0m
[0;37m[07:58:47] [INFO] Significance: 0.5σ[0m

[0;37m[07:58:47] [INFO] [0m
[0;37m[07:58:47] [INFO] [0m
NOTE: Binary inversion detected.
[0;37m[07:58:47] [INFO] NOTE: Binary inversion detected.[0m
[0;37m[07:58:47] [INFO] NOTE: Binary inversion detected.[0m
Binary MSPs exhibit slower spin-down than isolated MSPs in GCs,
[0;37m[07:58:47] [INFO] Binary MSPs exhibit slower spin-down than isolated MSPs in GCs,[0m
[0;37m[07:58:47] [INFO] Binary MSPs exhibit slower spin-down than isolated MSPs in GCs,[0m
which is inconsistent with standard dynamical predictions.
[0;37m[07:58:47] [INFO] which is inconsistent with standard dynamical predictions.[0m
[0;37m[07:58:47] [INFO] which is inconsistent with standard dynamical predictions.[0m

[0;37m[07:58:47] [INFO] [0m
[0;37m[07:58:47] [INFO] [0m
2. FIELD BINARY CONTROL (Step 5.12)
[0;37m[07:58:47] [INFO] 2. FIELD BINARY CONTROL (Step 5.12)[0m
[0;37m[07:58:47] [INFO] 2. FIELD BINARY CONTROL (Step 5.12)[0m
----------------------------------------------------------------------
[0;37m[07:58:47] [INFO] ----------------------------------------------------------------------[0m
[0;37m[07:58:47] [INFO] ----------------------------------------------------------------------[0m
Binary MSPs: 268
[0;37m[07:58:47] [INFO] Binary MSPs: 268[0m
[0;37m[07:58:47] [INFO] Binary MSPs: 268[0m
Isolated MSPs: 66
[0;37m[07:58:47] [INFO] Isolated MSPs: 66[0m
[0;37m[07:58:47] [INFO] Isolated MSPs: 66[0m
Mean log|Ṗ| (Binary): 0.171
[0;37m[07:58:47] [INFO] Mean log|Ṗ| (Binary): 0.171[0m
[0;37m[07:58:47] [INFO] Mean log|Ṗ| (Binary): 0.171[0m
Mean log|Ṗ| (Isolated): 0.218
[0;37m[07:58:47] [INFO] Mean log|Ṗ| (Isolated): 0.218[0m
[0;37m[07:58:47] [INFO] Mean log|Ṗ| (Isolated): 0.218[0m
Difference (Binary - Isolated): -0.047 dex
[0;37m[07:58:47] [INFO] Difference (Binary - Isolated): -0.047 dex[0m
[0;37m[07:58:47] [INFO] Difference (Binary - Isolated): -0.047 dex[0m
t-test p-value: 0.700
[0;37m[07:58:47] [INFO] t-test p-value: 0.700[0m
[0;37m[07:58:47] [INFO] t-test p-value: 0.700[0m
Result: NULL (consistent with zero)
[0;37m[07:58:47] [INFO] Result: NULL (consistent with zero)[0m
[0;37m[07:58:47] [INFO] Result: NULL (consistent with zero)[0m

[0;37m[07:58:47] [INFO] [0m
[0;37m[07:58:47] [INFO] [0m
3. DIFFERENTIAL TEST: GC vs FIELD
[0;37m[07:58:47] [INFO] 3. DIFFERENTIAL TEST: GC vs FIELD[0m
[0;37m[07:58:47] [INFO] 3. DIFFERENTIAL TEST: GC vs FIELD[0m
----------------------------------------------------------------------
[0;37m[07:58:47] [INFO] ----------------------------------------------------------------------[0m
[0;37m[07:58:47] [INFO] ----------------------------------------------------------------------[0m
GC Binary-Isolated Difference: -0.323 dex
[0;37m[07:58:47] [INFO] GC Binary-Isolated Difference: -0.323 dex[0m
[0;37m[07:58:47] [INFO] GC Binary-Isolated Difference: -0.323 dex[0m
Field Binary-Isolated Difference: -0.047 dex
[0;37m[07:58:47] [INFO] Field Binary-Isolated Difference: -0.047 dex[0m
[0;37m[07:58:47] [INFO] Field Binary-Isolated Difference: -0.047 dex[0m
Differential Signal: -0.276 dex
[0;37m[07:58:47] [INFO] Differential Signal: -0.276 dex[0m
[0;37m[07:58:47] [INFO] Differential Signal: -0.276 dex[0m
Z-score: -1.63
[0;37m[07:58:47] [INFO] Z-score: -1.63[0m
[0;37m[07:58:47] [INFO] Z-score: -1.63[0m
p-value: 0.1035
[0;37m[07:58:47] [INFO] p-value: 0.1035[0m
[0;37m[07:58:47] [INFO] p-value: 0.1035[0m

[0;37m[07:58:47] [INFO] [0m
[0;37m[07:58:47] [INFO] [0m
Interpretation: INCONCLUSIVE
[0;37m[07:58:47] [INFO] Interpretation: INCONCLUSIVE[0m
[0;37m[07:58:47] [INFO] Interpretation: INCONCLUSIVE[0m

[0;37m[07:58:47] [INFO] [0m
[0;37m[07:58:47] [INFO] [0m
Conclusion:
[0;37m[07:58:47] [INFO] Conclusion:[0m
[0;37m[07:58:47] [INFO] Conclusion:[0m
The binary-inversion signal appears environmental rather than intrinsic:
[0;37m[07:58:47] [INFO] The binary-inversion signal appears environmental rather than intrinsic:[0m
[0;37m[07:58:47] [INFO] The binary-inversion signal appears environmental rather than intrinsic:[0m
- GCs show significant binary-isolated difference (inverted)
[0;37m[07:58:47] [INFO] - GCs show significant binary-isolated difference (inverted)[0m
[0;37m[07:58:47] [INFO] - GCs show significant binary-isolated difference (inverted)[0m
- Field shows no difference (p=0.70, null control)
[0;37m[07:58:47] [INFO] - Field shows no difference (p=0.70, null control)[0m
[0;37m[07:58:47] [INFO] - Field shows no difference (p=0.70, null control)[0m
- This supports the TEP interpretation over population effects
[0;37m[07:58:47] [INFO] - This supports the TEP interpretation over population effects[0m
[0;37m[07:58:47] [INFO] - This supports the TEP interpretation over population effects[0m
======================================================================
[0;37m[07:58:47] [INFO] ======================================================================[0m
[0;37m[07:58:47] [INFO] ======================================================================[0m

[0;37m[07:58:47] [INFO] [0m
[0;37m[07:58:47] [INFO] [0m
Results saved to: results/outputs/step_5_36_integrated_binary_control.json
[0;37m[07:58:47] [INFO] Results saved to: results/outputs/step_5_36_integrated_binary_control.json[0m
[0;37m[07:58:47] [INFO] Results saved to: results/outputs/step_5_36_integrated_binary_control.json[0m
======================================================================
[0;37m[07:58:47] [INFO] ======================================================================[0m
[0;37m[07:58:47] [INFO] ======================================================================[0m
[1;32m[07:58:47] [SUCCESS] ✓ SUCCESS (0.6s)[0m
[0;37m[07:58:47] [INFO] [0m
[0;37m[07:58:47] [INFO] ================================================================================[0m
[0;37m[07:58:47] [INFO] >>> Validation: Outlier Exclusion Sensitivity[0m
[0;37m[07:58:47] [INFO] ================================================================================[0m
[0;37m[07:58:47] [INFO] [0m
[0;37m[07:58:47] [INFO] Script: step_5_33b_outlier_exclusion_sensitivity.py[0m
[0;37m[07:58:47] [INFO] Log: /Users/matthewsmawfield/www/Temporal Equivalence Principle/TEP-COS/logs/step_5_33b_outlier_exclusion_sensitivity.log[0m
STEP 5.33b: OUTLIER EXCLUSION SENSITIVITY ANALYSIS
[0;37m[07:58:48] [INFO] STEP 5.33b: OUTLIER EXCLUSION SENSITIVITY ANALYSIS[0m
[0;37m[07:58:48] [INFO] STEP 5.33b: OUTLIER EXCLUSION SENSITIVITY ANALYSIS[0m
======================================================================
[0;37m[07:58:48] [INFO] ======================================================================[0m
[0;37m[07:58:48] [INFO] ======================================================================[0m

[0;37m[07:58:48] [INFO] [0m
[0;37m[07:58:48] [INFO] [0m
Loaded 184 pulsars in 29 clusters
[0;37m[07:58:48] [INFO] Loaded 184 pulsars in 29 clusters[0m
[0;37m[07:58:48] [INFO] Loaded 184 pulsars in 29 clusters[0m
======================================================================
[0;37m[07:58:48] [INFO] ======================================================================[0m
[0;37m[07:58:48] [INFO] ======================================================================[0m
OUTLIER EXCLUSION SENSITIVITY ANALYSIS
[0;37m[07:58:48] [INFO] OUTLIER EXCLUSION SENSITIVITY ANALYSIS[0m
[0;37m[07:58:48] [INFO] OUTLIER EXCLUSION SENSITIVITY ANALYSIS[0m
======================================================================
[0;37m[07:58:48] [INFO] ======================================================================[0m
[0;37m[07:58:48] [INFO] ======================================================================[0m

[0;37m[07:58:48] [INFO] [0m
[0;37m[07:58:48] [INFO] [0m
This analysis tests whether the suppressed density scaling
[0;37m[07:58:48] [INFO] This analysis tests whether the suppressed density scaling[0m
[0;37m[07:58:48] [INFO] This analysis tests whether the suppressed density scaling[0m
conclusion is driven by extreme high-density clusters.
[0;37m[07:58:48] [INFO] conclusion is driven by extreme high-density clusters.[0m
[0;37m[07:58:48] [INFO] conclusion is driven by extreme high-density clusters.[0m

[0;37m[07:58:48] [INFO] [0m
[0;37m[07:58:48] [INFO] [0m
Cluster density ranking (log10 rho_c):
[0;37m[07:58:48] [INFO] Cluster density ranking (log10 rho_c):[0m
[0;37m[07:58:48] [INFO] Cluster density ranking (log10 rho_c):[0m
   1. NGC 6517                 : 5.80 (13 pulsars) <--
[0;37m[07:58:48] [INFO]    1. NGC 6517                 : 5.80 (13 pulsars) <--[0m
[0;37m[07:58:48] [INFO]    1. NGC 6517                 : 5.80 (13 pulsars) <--[0m
   2. NGC 6397                 : 5.68 ( 2 pulsars) <--
[0;37m[07:58:48] [INFO]    2. NGC 6397                 : 5.68 ( 2 pulsars) <--[0m
[0;37m[07:58:48] [INFO]    2. NGC 6397                 : 5.68 ( 2 pulsars) <--[0m
   3. NGC 6624                 : 5.60 ( 2 pulsars) <--
[0;37m[07:58:48] [INFO]    3. NGC 6624                 : 5.60 ( 2 pulsars) <--[0m
[0;37m[07:58:48] [INFO]    3. NGC 6624                 : 5.60 ( 2 pulsars) <--[0m
   4. Terzan 5                 : 5.50 (47 pulsars)
[0;37m[07:58:48] [INFO]    4. Terzan 5                 : 5.50 (47 pulsars)[0m
[0;37m[07:58:48] [INFO]    4. Terzan 5                 : 5.50 (47 pulsars)[0m
   5. NGC 6522                 : 5.50 ( 2 pulsars)
[0;37m[07:58:48] [INFO]    5. NGC 6522                 : 5.50 ( 2 pulsars)[0m
[0;37m[07:58:48] [INFO]    5. NGC 6522                 : 5.50 ( 2 pulsars)[0m
   6. NGC 6544                 : 5.20 ( 2 pulsars)
[0;37m[07:58:48] [INFO]    6. NGC 6544                 : 5.20 ( 2 pulsars)[0m
[0;37m[07:58:48] [INFO]    6. NGC 6544                 : 5.20 ( 2 pulsars)[0m
   7. M62 (NGC 6266)           : 5.16 ( 9 pulsars)
[0;37m[07:58:48] [INFO]    7. M62 (NGC 6266)           : 5.16 ( 9 pulsars)[0m
[0;37m[07:58:48] [INFO]    7. M62 (NGC 6266)           : 5.16 ( 9 pulsars)[0m
   8. NGC 1851                 : 5.09 ( 2 pulsars)
[0;37m[07:58:48] [INFO]    8. NGC 1851                 : 5.09 ( 2 pulsars)[0m
[0;37m[07:58:48] [INFO]    8. NGC 1851                 : 5.09 ( 2 pulsars)[0m
   9. M15 (NGC 7078)           : 5.05 ( 8 pulsars)
[0;37m[07:58:48] [INFO]    9. M15 (NGC 7078)           : 5.05 ( 8 pulsars)[0m
[0;37m[07:58:48] [INFO]    9. M15 (NGC 7078)           : 5.05 ( 8 pulsars)[0m
  10. Terzan 1                 : 5.00 ( 6 pulsars)
[0;37m[07:58:48] [INFO]   10. Terzan 1                 : 5.00 ( 6 pulsars)[0m
[0;37m[07:58:48] [INFO]   10. Terzan 1                 : 5.00 ( 6 pulsars)[0m

[0;37m[07:58:48] [INFO] [0m
[0;37m[07:58:48] [INFO] [0m

[0;37m[07:58:48] [INFO] [0m
[0;37m[07:58:48] [INFO] [0m
----------------------------------------------------------------------
[0;37m[07:58:48] [INFO] ----------------------------------------------------------------------[0m
[0;37m[07:58:48] [INFO] ----------------------------------------------------------------------[0m
FULL SAMPLE (all clusters)
[0;37m[07:58:48] [INFO] FULL SAMPLE (all clusters)[0m
[0;37m[07:58:48] [INFO] FULL SAMPLE (all clusters)[0m
----------------------------------------------------------------------
[0;37m[07:58:48] [INFO] ----------------------------------------------------------------------[0m
[0;37m[07:58:48] [INFO] ----------------------------------------------------------------------[0m
  Slope: 0.393 ± 0.079
[0;37m[07:58:48] [INFO]   Slope: 0.393 ± 0.079[0m
[0;37m[07:58:48] [INFO]   Slope: 0.393 ± 0.079[0m
  Clusters: 29, Pulsars: 184
[0;37m[07:58:48] [INFO]   Clusters: 29, Pulsars: 184[0m
[0;37m[07:58:48] [INFO]   Clusters: 29, Pulsars: 184[0m
  Tension with Newtonian (0.72): 4.1σ
[0;37m[07:58:48] [INFO]   Tension with Newtonian (0.72): 4.1σ[0m
[0;37m[07:58:48] [INFO]   Tension with Newtonian (0.72): 4.1σ[0m

[0;37m[07:58:48] [INFO] [0m
[0;37m[07:58:48] [INFO] [0m
----------------------------------------------------------------------
[0;37m[07:58:48] [INFO] ----------------------------------------------------------------------[0m
[0;37m[07:58:48] [INFO] ----------------------------------------------------------------------[0m
EXCLUDING TOP 1 DENSEST CLUSTER(S): NGC 6517
[0;37m[07:58:48] [INFO] EXCLUDING TOP 1 DENSEST CLUSTER(S): NGC 6517[0m
[0;37m[07:58:48] [INFO] EXCLUDING TOP 1 DENSEST CLUSTER(S): NGC 6517[0m
----------------------------------------------------------------------
[0;37m[07:58:48] [INFO] ----------------------------------------------------------------------[0m
[0;37m[07:58:48] [INFO] ----------------------------------------------------------------------[0m
  Slope: 0.404 ± 0.089
[0;37m[07:58:48] [INFO]   Slope: 0.404 ± 0.089[0m
[0;37m[07:58:48] [INFO]   Slope: 0.404 ± 0.089[0m
  Clusters: 28, Pulsars: 171
[0;37m[07:58:48] [INFO]   Clusters: 28, Pulsars: 171[0m
[0;37m[07:58:48] [INFO]   Clusters: 28, Pulsars: 171[0m
  Tension with Newtonian: 3.6σ
[0;37m[07:58:48] [INFO]   Tension with Newtonian: 3.6σ[0m
[0;37m[07:58:48] [INFO]   Tension with Newtonian: 3.6σ[0m
  Change from full sample: +0.011 dex/dex
[0;37m[07:58:48] [INFO]   Change from full sample: +0.011 dex/dex[0m
[0;37m[07:58:48] [INFO]   Change from full sample: +0.011 dex/dex[0m
  Tension change: -0.6σ
[0;37m[07:58:48] [INFO]   Tension change: -0.6σ[0m
[0;37m[07:58:48] [INFO]   Tension change: -0.6σ[0m

[0;37m[07:58:48] [INFO] [0m
[0;37m[07:58:48] [INFO] [0m
----------------------------------------------------------------------
[0;37m[07:58:48] [INFO] ----------------------------------------------------------------------[0m
[0;37m[07:58:48] [INFO] ----------------------------------------------------------------------[0m
EXCLUDING TOP 2 DENSEST CLUSTER(S): NGC 6517, NGC 6397
[0;37m[07:58:48] [INFO] EXCLUDING TOP 2 DENSEST CLUSTER(S): NGC 6517, NGC 6397[0m
[0;37m[07:58:48] [INFO] EXCLUDING TOP 2 DENSEST CLUSTER(S): NGC 6517, NGC 6397[0m
----------------------------------------------------------------------
[0;37m[07:58:48] [INFO] ----------------------------------------------------------------------[0m
[0;37m[07:58:48] [INFO] ----------------------------------------------------------------------[0m
  Slope: 0.436 ± 0.089
[0;37m[07:58:48] [INFO]   Slope: 0.436 ± 0.089[0m
[0;37m[07:58:48] [INFO]   Slope: 0.436 ± 0.089[0m
  Clusters: 27, Pulsars: 169
[0;37m[07:58:48] [INFO]   Clusters: 27, Pulsars: 169[0m
[0;37m[07:58:48] [INFO]   Clusters: 27, Pulsars: 169[0m
  Tension with Newtonian: 3.2σ
[0;37m[07:58:48] [INFO]   Tension with Newtonian: 3.2σ[0m
[0;37m[07:58:48] [INFO]   Tension with Newtonian: 3.2σ[0m
  Change from full sample: +0.043 dex/dex
[0;37m[07:58:48] [INFO]   Change from full sample: +0.043 dex/dex[0m
[0;37m[07:58:48] [INFO]   Change from full sample: +0.043 dex/dex[0m
  Tension change: -0.9σ
[0;37m[07:58:48] [INFO]   Tension change: -0.9σ[0m
[0;37m[07:58:48] [INFO]   Tension change: -0.9σ[0m

[0;37m[07:58:48] [INFO] [0m
[0;37m[07:58:48] [INFO] [0m
----------------------------------------------------------------------
[0;37m[07:58:48] [INFO] ----------------------------------------------------------------------[0m
[0;37m[07:58:48] [INFO] ----------------------------------------------------------------------[0m
EXCLUDING TOP 3 DENSEST CLUSTER(S): NGC 6517, NGC 6397, NGC 6624
[0;37m[07:58:48] [INFO] EXCLUDING TOP 3 DENSEST CLUSTER(S): NGC 6517, NGC 6397, NGC 6624[0m
[0;37m[07:58:48] [INFO] EXCLUDING TOP 3 DENSEST CLUSTER(S): NGC 6517, NGC 6397, NGC 6624[0m
----------------------------------------------------------------------
[0;37m[07:58:48] [INFO] ----------------------------------------------------------------------[0m
[0;37m[07:58:48] [INFO] ----------------------------------------------------------------------[0m
  Slope: 0.433 ± 0.093
[0;37m[07:58:48] [INFO]   Slope: 0.433 ± 0.093[0m
[0;37m[07:58:48] [INFO]   Slope: 0.433 ± 0.093[0m
  Clusters: 26, Pulsars: 167
[0;37m[07:58:48] [INFO]   Clusters: 26, Pulsars: 167[0m
[0;37m[07:58:48] [INFO]   Clusters: 26, Pulsars: 167[0m
  Tension with Newtonian: 3.1σ
[0;37m[07:58:48] [INFO]   Tension with Newtonian: 3.1σ[0m
[0;37m[07:58:48] [INFO]   Tension with Newtonian: 3.1σ[0m
  Change from full sample: +0.041 dex/dex
[0;37m[07:58:48] [INFO]   Change from full sample: +0.041 dex/dex[0m
[0;37m[07:58:48] [INFO]   Change from full sample: +0.041 dex/dex[0m
  Tension change: -1.1σ
[0;37m[07:58:48] [INFO]   Tension change: -1.1σ[0m
[0;37m[07:58:48] [INFO]   Tension change: -1.1σ[0m

[0;37m[07:58:48] [INFO] [0m
[0;37m[07:58:48] [INFO] [0m
======================================================================
[0;37m[07:58:48] [INFO] ======================================================================[0m
[0;37m[07:58:48] [INFO] ======================================================================[0m
SUMMARY & INTERPRETATION
[0;37m[07:58:48] [INFO] SUMMARY & INTERPRETATION[0m
[0;37m[07:58:48] [INFO] SUMMARY & INTERPRETATION[0m
======================================================================
[0;37m[07:58:48] [INFO] ======================================================================[0m
[0;37m[07:58:48] [INFO] ======================================================================[0m

[0;37m[07:58:48] [INFO] [0m
[0;37m[07:58:48] [INFO] [0m
The suppressed density scaling conclusion is ROBUST to exclusion of the top 3 densest clusters. Even after removing NGC 6517, NGC 6397, NGC 6624, the slope remains suppressed (0.43 vs Newtonian 0.72) with >3σ significance.
[0;37m[07:58:48] [INFO] The suppressed density scaling conclusion is ROBUST to exclusion of the top 3 densest clusters. Even after removing NGC 6517, NGC 6397, NGC 6624, the slope remains suppressed (0.43 vs Newtonian 0.72) with >3σ significance.[0m
[0;37m[07:58:48] [INFO] The suppressed density scaling conclusion is ROBUST to exclusion of the top 3 densest clusters. Even after removing NGC 6517, NGC 6397, NGC 6624, the slope remains suppressed (0.43 vs Newtonian 0.72) with >3σ significance.[0m

[0;37m[07:58:48] [INFO] [0m
[0;37m[07:58:48] [INFO] [0m
Addressing the concern that Terzan 5 and other dense clusters drive the fit: We explicitly tested the mixed-effects model after sequentially removing the top 1, 2, and 3 densest clusters (NGC 6517, NGC 6397, NGC 6624). The suppressed scaling (slope < 0.72) persists in all cases, with significance remaining above 3σ. This confirms the result is not an artifact of outlier influence.
[0;37m[07:58:48] [INFO] Addressing the concern that Terzan 5 and other dense clusters drive the fit: We explicitly tested the mixed-effects model after sequentially removing the top 1, 2, and 3 densest clusters (NGC 6517, NGC 6397, NGC 6624). The suppressed scaling (slope < 0.72) persists in all cases, with significance remaining above 3σ. This confirms the result is not an artifact of outlier influence.[0m
[0;37m[07:58:48] [INFO] Addressing the concern that Terzan 5 and other dense clusters drive the fit: We explicitly tested the mixed-effects model after sequentially removing the top 1, 2, and 3 densest clusters (NGC 6517, NGC 6397, NGC 6624). The suppressed scaling (slope < 0.72) persists in all cases, with significance remaining above 3σ. This confirms the result is not an artifact of outlier influence.[0m

[0;37m[07:58:48] [INFO] [0m
[0;37m[07:58:48] [INFO] [0m
Results saved to: /Users/matthewsmawfield/www/Temporal Equivalence Principle/TEP-COS/results/outputs/step_5_33b_outlier_exclusion_results.json
[0;37m[07:58:48] [INFO] Results saved to: /Users/matthewsmawfield/www/Temporal Equivalence Principle/TEP-COS/results/outputs/step_5_33b_outlier_exclusion_results.json[0m
[0;37m[07:58:48] [INFO] Results saved to: /Users/matthewsmawfield/www/Temporal Equivalence Principle/TEP-COS/results/outputs/step_5_33b_outlier_exclusion_results.json[0m
======================================================================
[0;37m[07:58:48] [INFO] ======================================================================[0m
[0;37m[07:58:48] [INFO] ======================================================================[0m
[1;32m[07:58:48] [SUCCESS] ✓ SUCCESS (0.8s)[0m
[0;37m[07:58:48] [INFO] [0m
[0;37m[07:58:48] [INFO] ================================================================================[0m
[0;37m[07:58:48] [INFO] >>> Validation: Shklovskii Sensitivity[0m
[0;37m[07:58:48] [INFO] ================================================================================[0m
[0;37m[07:58:48] [INFO] [0m
[0;37m[07:58:48] [INFO] Script: step_5_34_shklovskii_sensitivity.py[0m
[0;37m[07:58:48] [INFO] Log: /Users/matthewsmawfield/www/Temporal Equivalence Principle/TEP-COS/logs/step_5_34_shklovskii_sensitivity.log[0m
--- Step 5.34: Shklovskii Cancellation Analysis ---
[0;37m[07:58:49] [INFO] --- Step 5.34: Shklovskii Cancellation Analysis ---[0m
[0;37m[07:58:49] [INFO] --- Step 5.34: Shklovskii Cancellation Analysis ---[0m
Base Acceleration Slope (input):       0.82
[0;37m[07:58:49] [INFO] Base Acceleration Slope (input):       0.82[0m
[0;37m[07:58:49] [INFO] Base Acceleration Slope (input):       0.82[0m
Base Shklovskii Slope (input):         0.50
[0;37m[07:58:49] [INFO] Base Shklovskii Slope (input):         0.50[0m
[0;37m[07:58:49] [INFO] Base Shklovskii Slope (input):         0.50[0m
Base Shklovskii Fraction at rho_ref:   15.0%
[0;37m[07:58:49] [INFO] Base Shklovskii Fraction at rho_ref:   15.0%[0m
[0;37m[07:58:49] [INFO] Base Shklovskii Fraction at rho_ref:   15.0%[0m
Target Net Slope:                      0.39 (Mixed-Effects Observed)
[0;37m[07:58:49] [INFO] Target Net Slope:                      0.39 (Mixed-Effects Observed)[0m
[0;37m[07:58:49] [INFO] Target Net Slope:                      0.39 (Mixed-Effects Observed)[0m
Measured Acc-only slope (verification): 0.820
[0;37m[07:58:49] [INFO] Measured Acc-only slope (verification): 0.820[0m
[0;37m[07:58:49] [INFO] Measured Acc-only slope (verification): 0.820[0m
Required Shklovskii Amplification K:    20.00
[0;37m[07:58:49] [INFO] Required Shklovskii Amplification K:    20.00[0m
[0;37m[07:58:49] [INFO] Required Shklovskii Amplification K:    20.00[0m
Resulting net slope at K=20.00:     0.587
[0;37m[07:58:49] [INFO] Resulting net slope at K=20.00:     0.587[0m
[0;37m[07:58:49] [INFO] Resulting net slope at K=20.00:     0.587[0m
Physically excluded. Requires distances off by 20.0x (typical error ~10%) or proper motions off by 4.5x (Gaia precision <1%).
[0;37m[07:58:49] [INFO] Physically excluded. Requires distances off by 20.0x (typical error ~10%) or proper motions off by 4.5x (Gaia precision <1%).[0m
[0;37m[07:58:49] [INFO] Physically excluded. Requires distances off by 20.0x (typical error ~10%) or proper motions off by 4.5x (Gaia precision <1%).[0m
[1;32m[07:58:49] [SUCCESS] ✓ SUCCESS (1.0s)[0m
[0;37m[07:58:49] [INFO] [0m
[0;37m[07:58:49] [INFO] ================================================================================[0m
[0;37m[07:58:49] [INFO] >>> Validation: Rho_intra Sensitivity Analysis[0m
[0;37m[07:58:49] [INFO] ================================================================================[0m
[0;37m[07:58:49] [INFO] [0m
[0;37m[07:58:49] [INFO] Script: step_5_37_rho_sensitivity.py[0m
[0;37m[07:58:49] [INFO] Log: /Users/matthewsmawfield/www/Temporal Equivalence Principle/TEP-COS/logs/step_5_37_rho_sensitivity.log[0m
======================================================================
[0;37m[07:58:50] [INFO] ======================================================================[0m
[0;37m[07:58:50] [INFO] ======================================================================[0m
STEP 5.37: Sensitivity Analysis for rho_intra
[0;37m[07:58:50] [INFO] STEP 5.37: Sensitivity Analysis for rho_intra[0m
[0;37m[07:58:50] [INFO] STEP 5.37: Sensitivity Analysis for rho_intra[0m
======================================================================
[0;37m[07:58:50] [INFO] ======================================================================[0m
[0;37m[07:58:50] [INFO] ======================================================================[0m

[0;37m[07:58:50] [INFO] [0m
[0;37m[07:58:50] [INFO] [0m
Testing robustness of GC vs Field difference to within-cluster
[0;37m[07:58:50] [INFO] Testing robustness of GC vs Field difference to within-cluster[0m
[0;37m[07:58:50] [INFO] Testing robustness of GC vs Field difference to within-cluster[0m
correlation assumption (rho_intra).
[0;37m[07:58:50] [INFO] correlation assumption (rho_intra).[0m
[0;37m[07:58:50] [INFO] correlation assumption (rho_intra).[0m

[0;37m[07:58:50] [INFO] [0m
[0;37m[07:58:50] [INFO] [0m
Dataset:
[0;37m[07:58:50] [INFO] Dataset:[0m
[0;37m[07:58:50] [INFO] Dataset:[0m
  GC pulsars: 196 (in 33 clusters)
[0;37m[07:58:50] [INFO]   GC pulsars: 196 (in 33 clusters)[0m
[0;37m[07:58:50] [INFO]   GC pulsars: 196 (in 33 clusters)[0m
  Field pulsars: 198
[0;37m[07:58:50] [INFO]   Field pulsars: 198[0m
[0;37m[07:58:50] [INFO]   Field pulsars: 198[0m

[0;37m[07:58:50] [INFO] [0m
[0;37m[07:58:50] [INFO] [0m
----------------------------------------------------------------------
[0;37m[07:58:50] [INFO] ----------------------------------------------------------------------[0m
[0;37m[07:58:50] [INFO] ----------------------------------------------------------------------[0m
SENSITIVITY TEST RESULTS
[0;37m[07:58:50] [INFO] SENSITIVITY TEST RESULTS[0m
[0;37m[07:58:50] [INFO] SENSITIVITY TEST RESULTS[0m
----------------------------------------------------------------------
[0;37m[07:58:50] [INFO] ----------------------------------------------------------------------[0m
[0;37m[07:58:50] [INFO] ----------------------------------------------------------------------[0m
rho_intra    N_eff      t-stat     p-value      sigma    Significant?
[0;37m[07:58:50] [INFO] rho_intra    N_eff      t-stat     p-value      sigma    Significant?[0m
[0;37m[07:58:50] [INFO] rho_intra    N_eff      t-stat     p-value      sigma    Significant?[0m
----------------------------------------------------------------------
[0;37m[07:58:50] [INFO] ----------------------------------------------------------------------[0m
[0;37m[07:58:50] [INFO] ----------------------------------------------------------------------[0m
0.00         196.0      7.73       8.86e-14     7.73     YES
[0;37m[07:58:50] [INFO] 0.00         196.0      7.73       8.86e-14     7.73     YES[0m
[0;37m[07:58:50] [INFO] 0.00         196.0      7.73       8.86e-14     7.73     YES[0m
0.05         157.2      7.26       2.41e-12     7.26     YES
[0;37m[07:58:50] [INFO] 0.05         157.2      7.26       2.41e-12     7.26     YES[0m
[0;37m[07:58:50] [INFO] 0.05         157.2      7.26       2.41e-12     7.26     YES[0m
0.10         131.2      6.87       3.23e-11     6.87     YES
[0;37m[07:58:50] [INFO] 0.10         131.2      6.87       3.23e-11     6.87     YES[0m
[0;37m[07:58:50] [INFO] 0.10         131.2      6.87       3.23e-11     6.87     YES[0m
0.15         112.6      6.53       2.63e-10     6.53     YES
[0;37m[07:58:50] [INFO] 0.15         112.6      6.53       2.63e-10     6.53     YES[0m
[0;37m[07:58:50] [INFO] 0.15         112.6      6.53       2.63e-10     6.53     YES[0m
0.20         98.6       6.24       1.49e-09     6.24     YES
[0;37m[07:58:50] [INFO] 0.20         98.6       6.24       1.49e-09     6.24     YES[0m
[0;37m[07:58:50] [INFO] 0.20         98.6       6.24       1.49e-09     6.24     YES[0m
0.25         87.7       5.99       6.39e-09     5.99     YES
[0;37m[07:58:50] [INFO] 0.25         87.7       5.99       6.39e-09     5.99     YES[0m
[0;37m[07:58:50] [INFO] 0.25         87.7       5.99       6.39e-09     5.99     YES[0m
0.30         79.0       5.76       2.22e-08     5.76     YES
[0;37m[07:58:50] [INFO] 0.30         79.0       5.76       2.22e-08     5.76     YES[0m
[0;37m[07:58:50] [INFO] 0.30         79.0       5.76       2.22e-08     5.76     YES[0m
0.35         71.8       5.56       6.53e-08     5.56     YES
[0;37m[07:58:50] [INFO] 0.35         71.8       5.56       6.53e-08     5.56     YES[0m
[0;37m[07:58:50] [INFO] 0.35         71.8       5.56       6.53e-08     5.56     YES[0m
0.40         65.9       5.38       1.68e-07     5.38     YES
[0;37m[07:58:50] [INFO] 0.40         65.9       5.38       1.68e-07     5.38     YES[0m
[0;37m[07:58:50] [INFO] 0.40         65.9       5.38       1.68e-07     5.38     YES[0m
0.45         60.8       5.21       3.85e-07     5.21     YES
[0;37m[07:58:50] [INFO] 0.45         60.8       5.21       3.85e-07     5.21     YES[0m
[0;37m[07:58:50] [INFO] 0.45         60.8       5.21       3.85e-07     5.21     YES[0m
0.50         56.5       5.06       8.07e-07     5.06     YES
[0;37m[07:58:50] [INFO] 0.50         56.5       5.06       8.07e-07     5.06     YES[0m
[0;37m[07:58:50] [INFO] 0.50         56.5       5.06       8.07e-07     5.06     YES[0m
0.60         49.4       4.79       2.84e-06     4.79     YES
[0;37m[07:58:50] [INFO] 0.60         49.4       4.79       2.84e-06     4.79     YES[0m
[0;37m[07:58:50] [INFO] 0.60         49.4       4.79       2.84e-06     4.79     YES[0m
0.70         44.0       4.56       7.99e-06     4.56     YES
[0;37m[07:58:50] [INFO] 0.70         44.0       4.56       7.99e-06     4.56     YES[0m
[0;37m[07:58:50] [INFO] 0.70         44.0       4.56       7.99e-06     4.56     YES[0m

[0;37m[07:58:50] [INFO] [0m
[0;37m[07:58:50] [INFO] [0m
======================================================================
[0;37m[07:58:50] [INFO] ======================================================================[0m
[0;37m[07:58:50] [INFO] ======================================================================[0m
SUMMARY
[0;37m[07:58:50] [INFO] SUMMARY[0m
[0;37m[07:58:50] [INFO] SUMMARY[0m
======================================================================
[0;37m[07:58:50] [INFO] ======================================================================[0m
[0;37m[07:58:50] [INFO] ======================================================================[0m
Range of rho_intra tested: [0.00, 0.70]
[0;37m[07:58:50] [INFO] Range of rho_intra tested: [0.00, 0.70][0m
[0;37m[07:58:50] [INFO] Range of rho_intra tested: [0.00, 0.70][0m
Significance range: 4.56σ to 7.73σ
[0;37m[07:58:50] [INFO] Significance range: 4.56σ to 7.73σ[0m
[0;37m[07:58:50] [INFO] Significance range: 4.56σ to 7.73σ[0m
Maximum p-value: 7.99e-06
[0;37m[07:58:50] [INFO] Maximum p-value: 7.99e-06[0m
[0;37m[07:58:50] [INFO] Maximum p-value: 7.99e-06[0m

[0;37m[07:58:50] [INFO] [0m
[0;37m[07:58:50] [INFO] [0m
Robustness Assessment:
[0;37m[07:58:50] [INFO] Robustness Assessment:[0m
[0;37m[07:58:50] [INFO] Robustness Assessment:[0m
  Result: The GC vs Field difference remains significant (p<0.05)
[0;37m[07:58:50] [INFO]   Result: The GC vs Field difference remains significant (p<0.05)[0m
[0;37m[07:58:50] [INFO]   Result: The GC vs Field difference remains significant (p<0.05)[0m
    across all tested values of rho_intra
[0;37m[07:58:50] [INFO]     across all tested values of rho_intra[0m
[0;37m[07:58:50] [INFO]     across all tested values of rho_intra[0m
  Even with rho_intra=0.5 (very conservative), significance = 4.56σ
[0;37m[07:58:50] [INFO]   Even with rho_intra=0.5 (very conservative), significance = 4.56σ[0m
[0;37m[07:58:50] [INFO]   Even with rho_intra=0.5 (very conservative), significance = 4.56σ[0m

[0;37m[07:58:50] [INFO] [0m
[0;37m[07:58:50] [INFO] [0m
Results saved to: results/outputs/step_5_37_rho_sensitivity.json
[0;37m[07:58:50] [INFO] Results saved to: results/outputs/step_5_37_rho_sensitivity.json[0m
[0;37m[07:58:50] [INFO] Results saved to: results/outputs/step_5_37_rho_sensitivity.json[0m
======================================================================
[0;37m[07:58:50] [INFO] ======================================================================[0m
[0;37m[07:58:50] [INFO] ======================================================================[0m
[1;32m[07:58:50] [SUCCESS] ✓ SUCCESS (0.7s)[0m
[0;37m[07:58:50] [INFO] [0m
[0;37m[07:58:50] [INFO] ================================================================================[0m
[0;37m[07:58:50] [INFO] >>> Validation: Power Analysis[0m
[0;37m[07:58:50] [INFO] ================================================================================[0m
[0;37m[07:58:50] [INFO] [0m
[0;37m[07:58:50] [INFO] Script: step_5_38_power_analysis.py[0m
[0;37m[07:58:50] [INFO] Log: /Users/matthewsmawfield/www/Temporal Equivalence Principle/TEP-COS/logs/step_5_38_power_analysis.log[0m
======================================================================
[0;37m[07:58:50] [INFO] ======================================================================[0m
[0;37m[07:58:50] [INFO] ======================================================================[0m
STEP 5.38: Power Analysis for Differential Test
[0;37m[07:58:50] [INFO] STEP 5.38: Power Analysis for Differential Test[0m
[0;37m[07:58:50] [INFO] STEP 5.38: Power Analysis for Differential Test[0m
======================================================================
[0;37m[07:58:50] [INFO] ======================================================================[0m
[0;37m[07:58:50] [INFO] ======================================================================[0m
M4 Pro Optimized: Using 14 CPU cores
[0;37m[07:58:50] [INFO] M4 Pro Optimized: Using 14 CPU cores[0m
[0;37m[07:58:50] [INFO] M4 Pro Optimized: Using 14 CPU cores[0m

[0;37m[07:58:50] [INFO] [0m
[0;37m[07:58:50] [INFO] [0m
Observed Effect Sizes:
[0;37m[07:58:50] [INFO] Observed Effect Sizes:[0m
[0;37m[07:58:50] [INFO] Observed Effect Sizes:[0m
  GC Binary-Isolated difference: -0.323 dex
[0;37m[07:58:50] [INFO]   GC Binary-Isolated difference: -0.323 dex[0m
[0;37m[07:58:50] [INFO]   GC Binary-Isolated difference: -0.323 dex[0m
  Field Binary-Isolated difference: -0.047 dex
[0;37m[07:58:50] [INFO]   Field Binary-Isolated difference: -0.047 dex[0m
[0;37m[07:58:50] [INFO]   Field Binary-Isolated difference: -0.047 dex[0m
  Differential effect (GC - Field): 0.276 dex
[0;37m[07:58:50] [INFO]   Differential effect (GC - Field): 0.276 dex[0m
[0;37m[07:58:50] [INFO]   Differential effect (GC - Field): 0.276 dex[0m

[0;37m[07:58:50] [INFO] [0m
[0;37m[07:58:50] [INFO] [0m
Current Sample Sizes:
[0;37m[07:58:50] [INFO] Current Sample Sizes:[0m
[0;37m[07:58:50] [INFO] Current Sample Sizes:[0m
  GC Binary: 115, Isolated: 81
[0;37m[07:58:50] [INFO]   GC Binary: 115, Isolated: 81[0m
[0;37m[07:58:50] [INFO]   GC Binary: 115, Isolated: 81[0m
  Field Binary: 268, Isolated: 66
[0;37m[07:58:50] [INFO]   Field Binary: 268, Isolated: 66[0m
[0;37m[07:58:50] [INFO]   Field Binary: 268, Isolated: 66[0m

[0;37m[07:58:50] [INFO] [0m
[0;37m[07:58:50] [INFO] [0m
----------------------------------------------------------------------
[0;37m[07:58:50] [INFO] ----------------------------------------------------------------------[0m
[0;37m[07:58:50] [INFO] ----------------------------------------------------------------------[0m
POWER ANALYSIS: Differential Test
[0;37m[07:58:50] [INFO] POWER ANALYSIS: Differential Test[0m
[0;37m[07:58:50] [INFO] POWER ANALYSIS: Differential Test[0m
----------------------------------------------------------------------
[0;37m[07:58:50] [INFO] ----------------------------------------------------------------------[0m
[0;37m[07:58:50] [INFO] ----------------------------------------------------------------------[0m
Testing: Can we detect the observed differential effect (0.276 dex)?
[0;37m[07:58:50] [INFO] Testing: Can we detect the observed differential effect (0.276 dex)?[0m
[0;37m[07:58:50] [INFO] Testing: Can we detect the observed differential effect (0.276 dex)?[0m

[0;37m[07:58:50] [INFO] [0m
[0;37m[07:58:50] [INFO] [0m
1. Current Statistical Power:
[0;37m[07:58:50] [INFO] 1. Current Statistical Power:[0m
[0;37m[07:58:50] [INFO] 1. Current Statistical Power:[0m
   Computing with 5000 simulations...
[0;37m[07:58:50] [INFO]    Computing with 5000 simulations...[0m
[0;37m[07:58:50] [INFO]    Computing with 5000 simulations...[0m
   Power with current sample: 98.5%
[0;37m[07:58:51] [INFO]    Power with current sample: 98.5%[0m
[0;37m[07:58:51] [INFO]    Power with current sample: 98.5%[0m
   (Probability of detecting effect if it exists)
[0;37m[07:58:51] [INFO]    (Probability of detecting effect if it exists)[0m
[0;37m[07:58:51] [INFO]    (Probability of detecting effect if it exists)[0m
   Result: Adequate power - good chance of detecting true effects
[0;37m[07:58:51] [INFO]    Result: Adequate power - good chance of detecting true effects[0m
[0;37m[07:58:51] [INFO]    Result: Adequate power - good chance of detecting true effects[0m

[0;37m[07:58:51] [INFO] [0m
[0;37m[07:58:51] [INFO] [0m
2. Minimum Detectable Effect (80% power):
[0;37m[07:58:51] [INFO] 2. Minimum Detectable Effect (80% power):[0m
[0;37m[07:58:51] [INFO] 2. Minimum Detectable Effect (80% power):[0m
   Computing power curve with parallel simulations...
[0;37m[07:58:51] [INFO]    Computing power curve with parallel simulations...[0m
[0;37m[07:58:51] [INFO]    Computing power curve with parallel simulations...[0m
   Can detect effects ≥ 0.21 dex with 80% power
[0;37m[07:58:53] [INFO]    Can detect effects ≥ 0.21 dex with 80% power[0m
[0;37m[07:58:53] [INFO]    Can detect effects ≥ 0.21 dex with 80% power[0m

[0;37m[07:58:53] [INFO] [0m
[0;37m[07:58:53] [INFO] [0m
3. Required Sample Sizes:
[0;37m[07:58:53] [INFO] 3. Required Sample Sizes:[0m
[0;37m[07:58:53] [INFO] 3. Required Sample Sizes:[0m
   To detect observed effect (0.276 dex) with 80% power:
[0;37m[07:58:53] [INFO]    To detect observed effect (0.276 dex) with 80% power:[0m
[0;37m[07:58:53] [INFO]    To detect observed effect (0.276 dex) with 80% power:[0m
   Need ~120 GC pulsars and ~120 Field pulsars
[0;37m[07:58:56] [INFO]    Need ~120 GC pulsars and ~120 Field pulsars[0m
[0;37m[07:58:56] [INFO]    Need ~120 GC pulsars and ~120 Field pulsars[0m
   (Currently have 196 GC, 334 Field)
[0;37m[07:58:56] [INFO]    (Currently have 196 GC, 334 Field)[0m
[0;37m[07:58:56] [INFO]    (Currently have 196 GC, 334 Field)[0m

[0;37m[07:58:56] [INFO] [0m
[0;37m[07:58:56] [INFO] [0m
   To detect a larger effect (0.30 dex, Cohen's d ~0.4) with 80% power:
[0;37m[07:58:56] [INFO]    To detect a larger effect (0.30 dex, Cohen's d ~0.4) with 80% power:[0m
[0;37m[07:58:56] [INFO]    To detect a larger effect (0.30 dex, Cohen's d ~0.4) with 80% power:[0m
   Need ~100 per group
[0;37m[07:58:58] [INFO]    Need ~100 per group[0m
[0;37m[07:58:58] [INFO]    Need ~100 per group[0m

[0;37m[07:58:58] [INFO] [0m
[0;37m[07:58:58] [INFO] [0m
   To detect a substantial effect (0.50 dex, Cohen's d ~0.7) with 80% power:
[0;37m[07:58:58] [INFO]    To detect a substantial effect (0.50 dex, Cohen's d ~0.7) with 80% power:[0m
[0;37m[07:58:58] [INFO]    To detect a substantial effect (0.50 dex, Cohen's d ~0.7) with 80% power:[0m
   Need ~40 per group
[0;37m[07:58:59] [INFO]    Need ~40 per group[0m
[0;37m[07:58:59] [INFO]    Need ~40 per group[0m

[0;37m[07:58:59] [INFO] [0m
[0;37m[07:58:59] [INFO] [0m
======================================================================
[0;37m[07:58:59] [INFO] ======================================================================[0m
[0;37m[07:58:59] [INFO] ======================================================================[0m
RECOMMENDATIONS
[0;37m[07:58:59] [INFO] RECOMMENDATIONS[0m
[0;37m[07:58:59] [INFO] RECOMMENDATIONS[0m
======================================================================
[0;37m[07:58:59] [INFO] ======================================================================[0m
[0;37m[07:58:59] [INFO] ======================================================================[0m

[0;37m[07:58:59] [INFO] [0m
[0;37m[07:58:59] [INFO] [0m
Results saved to: results/outputs/step_5_38_power_analysis.json
[0;37m[07:58:59] [INFO] Results saved to: results/outputs/step_5_38_power_analysis.json[0m
[0;37m[07:58:59] [INFO] Results saved to: results/outputs/step_5_38_power_analysis.json[0m
======================================================================
[0;37m[07:58:59] [INFO] ======================================================================[0m
[0;37m[07:58:59] [INFO] ======================================================================[0m
[1;32m[07:59:00] [SUCCESS] ✓ SUCCESS (9.9s)[0m
[0;37m[07:59:00] [INFO] [0m
[0;37m[07:59:00] [INFO] ================================================================================[0m
[0;37m[07:59:00] [INFO] >>> Validation: Monte Carlo Validation[0m
[0;37m[07:59:00] [INFO] ================================================================================[0m
[0;37m[07:59:00] [INFO] [0m
[0;37m[07:59:00] [INFO] Script: step_5_39_monte_carlo_validation.py[0m
[0;37m[07:59:00] [INFO] Log: /Users/matthewsmawfield/www/Temporal Equivalence Principle/TEP-COS/logs/step_5_39_monte_carlo_validation.log[0m
======================================================================
[0;37m[07:59:00] [INFO] ======================================================================[0m
[0;37m[07:59:00] [INFO] ======================================================================[0m
STEP 5.39: Monte Carlo Validation of Statistical Methods
[0;37m[07:59:00] [INFO] STEP 5.39: Monte Carlo Validation of Statistical Methods[0m
[0;37m[07:59:00] [INFO] STEP 5.39: Monte Carlo Validation of Statistical Methods[0m
======================================================================
[0;37m[07:59:00] [INFO] ======================================================================[0m
[0;37m[07:59:00] [INFO] ======================================================================[0m
M4 Pro Optimized: Using 14 CPU cores
[0;37m[07:59:00] [INFO] M4 Pro Optimized: Using 14 CPU cores[0m
[0;37m[07:59:00] [INFO] M4 Pro Optimized: Using 14 CPU cores[0m

[0;37m[07:59:00] [INFO] [0m
[0;37m[07:59:00] [INFO] [0m
----------------------------------------------------------------------
[0;37m[07:59:00] [INFO] ----------------------------------------------------------------------[0m
[0;37m[07:59:00] [INFO] ----------------------------------------------------------------------[0m
TEST 1: Type I Error Control (H0: No GC-Field Difference)
[0;37m[07:59:00] [INFO] TEST 1: Type I Error Control (H0: No GC-Field Difference)[0m
[0;37m[07:59:00] [INFO] TEST 1: Type I Error Control (H0: No GC-Field Difference)[0m
----------------------------------------------------------------------
[0;37m[07:59:00] [INFO] ----------------------------------------------------------------------[0m
[0;37m[07:59:00] [INFO] ----------------------------------------------------------------------[0m
Generating 1000 synthetic datasets with NO true effect...
[0;37m[07:59:00] [INFO] Generating 1000 synthetic datasets with NO true effect...[0m
[0;37m[07:59:00] [INFO] Generating 1000 synthetic datasets with NO true effect...[0m
Expected: ~5% false positive rate (p<SIGNIFICANCE_THRESHOLD when H0 true)
[0;37m[07:59:00] [INFO] Expected: ~5% false positive rate (p<SIGNIFICANCE_THRESHOLD when H0 true)[0m
[0;37m[07:59:00] [INFO] Expected: ~5% false positive rate (p<SIGNIFICANCE_THRESHOLD when H0 true)[0m
Running 1000 simulations using 14 cores...
[0;37m[07:59:00] [INFO] Running 1000 simulations using 14 cores...[0m
[0;37m[07:59:00] [INFO] Running 1000 simulations using 14 cores...[0m

[0;37m[07:59:01] [INFO] [0m
[0;37m[07:59:01] [INFO] [0m
Results:
[0;37m[07:59:01] [INFO] Results:[0m
[0;37m[07:59:01] [INFO] Results:[0m
  False positives: 19/1000 = 1.9%
[0;37m[07:59:01] [INFO]   False positives: 19/1000 = 1.9%[0m
[0;37m[07:59:01] [INFO]   False positives: 19/1000 = 1.9%[0m
  Expected: ~5%
[0;37m[07:59:01] [INFO]   Expected: ~5%[0m
[0;37m[07:59:01] [INFO]   Expected: ~5%[0m
  Result: Type I error rate is controlled (conservative)
[0;37m[07:59:01] [INFO]   Result: Type I error rate is controlled (conservative)[0m
[0;37m[07:59:01] [INFO]   Result: Type I error rate is controlled (conservative)[0m

[0;37m[07:59:01] [INFO] [0m
[0;37m[07:59:01] [INFO] [0m
----------------------------------------------------------------------
[0;37m[07:59:01] [INFO] ----------------------------------------------------------------------[0m
[0;37m[07:59:01] [INFO] ----------------------------------------------------------------------[0m
TEST 2: Statistical Power (H1: GC-Field Difference = 0.65 dex)
[0;37m[07:59:01] [INFO] TEST 2: Statistical Power (H1: GC-Field Difference = 0.65 dex)[0m
[0;37m[07:59:01] [INFO] TEST 2: Statistical Power (H1: GC-Field Difference = 0.65 dex)[0m
----------------------------------------------------------------------
[0;37m[07:59:01] [INFO] ----------------------------------------------------------------------[0m
[0;37m[07:59:01] [INFO] ----------------------------------------------------------------------[0m
Generating 500 synthetic datasets with TRUE effect of 0.65 dex...
[0;37m[07:59:01] [INFO] Generating 500 synthetic datasets with TRUE effect of 0.65 dex...[0m
[0;37m[07:59:01] [INFO] Generating 500 synthetic datasets with TRUE effect of 0.65 dex...[0m
Expected: High power (>80% detection rate)
[0;37m[07:59:01] [INFO] Expected: High power (>80% detection rate)[0m
[0;37m[07:59:01] [INFO] Expected: High power (>80% detection rate)[0m
Running 500 simulations using 14 cores...
[0;37m[07:59:01] [INFO] Running 500 simulations using 14 cores...[0m
[0;37m[07:59:01] [INFO] Running 500 simulations using 14 cores...[0m

[0;37m[07:59:02] [INFO] [0m
[0;37m[07:59:02] [INFO] [0m
Results:
[0;37m[07:59:02] [INFO] Results:[0m
[0;37m[07:59:02] [INFO] Results:[0m
  True positives: 500/500 = 100.0%
[0;37m[07:59:02] [INFO]   True positives: 500/500 = 100.0%[0m
[0;37m[07:59:02] [INFO]   True positives: 500/500 = 100.0%[0m
  Target: ≥80%
[0;37m[07:59:02] [INFO]   Target: ≥80%[0m
[0;37m[07:59:02] [INFO]   Target: ≥80%[0m
  Result: Power is adequate
[0;37m[07:59:02] [INFO]   Result: Power is adequate[0m
[0;37m[07:59:02] [INFO]   Result: Power is adequate[0m

[0;37m[07:59:02] [INFO] [0m
[0;37m[07:59:02] [INFO] [0m
----------------------------------------------------------------------
[0;37m[07:59:02] [INFO] ----------------------------------------------------------------------[0m
[0;37m[07:59:02] [INFO] ----------------------------------------------------------------------[0m
TEST 3: Bias in Effect Size Estimation
[0;37m[07:59:02] [INFO] TEST 3: Bias in Effect Size Estimation[0m
[0;37m[07:59:02] [INFO] TEST 3: Bias in Effect Size Estimation[0m
----------------------------------------------------------------------
[0;37m[07:59:02] [INFO] ----------------------------------------------------------------------[0m
[0;37m[07:59:02] [INFO] ----------------------------------------------------------------------[0m
  True effect size: 0.650 dex
[0;37m[07:59:02] [INFO]   True effect size: 0.650 dex[0m
[0;37m[07:59:02] [INFO]   True effect size: 0.650 dex[0m
  Mean estimate: 0.649 dex
[0;37m[07:59:02] [INFO]   Mean estimate: 0.649 dex[0m
[0;37m[07:59:02] [INFO]   Mean estimate: 0.649 dex[0m
  Std of estimates: 0.068 dex
[0;37m[07:59:02] [INFO]   Std of estimates: 0.068 dex[0m
[0;37m[07:59:02] [INFO]   Std of estimates: 0.068 dex[0m
  Bias: -0.001 dex (-0.2%)
[0;37m[07:59:02] [INFO]   Bias: -0.001 dex (-0.2%)[0m
[0;37m[07:59:02] [INFO]   Bias: -0.001 dex (-0.2%)[0m
  Result: Bias is acceptable (<10%)
[0;37m[07:59:02] [INFO]   Result: Bias is acceptable (<10%)[0m
[0;37m[07:59:02] [INFO]   Result: Bias is acceptable (<10%)[0m

[0;37m[07:59:02] [INFO] [0m
[0;37m[07:59:02] [INFO] [0m
======================================================================
[0;37m[07:59:02] [INFO] ======================================================================[0m
[0;37m[07:59:02] [INFO] ======================================================================[0m
VALIDATION SUMMARY
[0;37m[07:59:02] [INFO] VALIDATION SUMMARY[0m
[0;37m[07:59:02] [INFO] VALIDATION SUMMARY[0m
======================================================================
[0;37m[07:59:02] [INFO] ======================================================================[0m
[0;37m[07:59:02] [INFO] ======================================================================[0m
Result: All tests passed
[0;37m[07:59:02] [INFO] Result: All tests passed[0m
[0;37m[07:59:02] [INFO] Result: All tests passed[0m
The statistical pipeline is validated and trustworthy.
[0;37m[07:59:02] [INFO] The statistical pipeline is validated and trustworthy.[0m
[0;37m[07:59:02] [INFO] The statistical pipeline is validated and trustworthy.[0m

[0;37m[07:59:02] [INFO] [0m
[0;37m[07:59:02] [INFO] [0m
Results saved to: results/outputs/step_5_39_monte_carlo_validation.json
[0;37m[07:59:02] [INFO] Results saved to: results/outputs/step_5_39_monte_carlo_validation.json[0m
[0;37m[07:59:02] [INFO] Results saved to: results/outputs/step_5_39_monte_carlo_validation.json[0m
======================================================================
[0;37m[07:59:02] [INFO] ======================================================================[0m
[0;37m[07:59:02] [INFO] ======================================================================[0m
[1;32m[07:59:02] [SUCCESS] ✓ SUCCESS (2.3s)[0m
[0;37m[07:59:02] [INFO] [0m
[0;37m[07:59:02] [INFO] ================================================================================[0m
[0;37m[07:59:02] [INFO] >>> Validation: Sensitivity & CMC Comparison Report[0m
[0;37m[07:59:02] [INFO] ================================================================================[0m
[0;37m[07:59:02] [INFO] [0m
[0;37m[07:59:02] [INFO] Script: step_5_43_sensitivity_cmc_report.py[0m
[0;37m[07:59:02] [INFO] Log: /Users/matthewsmawfield/www/Temporal Equivalence Principle/TEP-COS/logs/step_5_43_sensitivity_cmc_report.log[0m
======================================================================
[0;37m[07:59:02] [INFO] ======================================================================[0m
[0;37m[07:59:02] [INFO] ======================================================================[0m
STEP 5.43: Sensitivity and CMC Comparison Report Generation
[0;37m[07:59:02] [INFO] STEP 5.43: Sensitivity and CMC Comparison Report Generation[0m
[0;37m[07:59:02] [INFO] STEP 5.43: Sensitivity and CMC Comparison Report Generation[0m
======================================================================
[0;37m[07:59:02] [INFO] ======================================================================[0m
[0;37m[07:59:02] [INFO] ======================================================================[0m
Loaded data sources:
[0;37m[07:59:02] [INFO] Loaded data sources:[0m
[0;37m[07:59:02] [INFO] Loaded data sources:[0m
  - step_5_37_rho_sensitivity: loaded
[0;37m[07:59:02] [INFO]   - step_5_37_rho_sensitivity: loaded[0m
[0;37m[07:59:02] [INFO]   - step_5_37_rho_sensitivity: loaded[0m
  - step_5_41_dynamical_calibration: loaded
[0;37m[07:59:02] [INFO]   - step_5_41_dynamical_calibration: loaded[0m
[0;37m[07:59:02] [INFO]   - step_5_41_dynamical_calibration: loaded[0m
  - step_5_42_cmc_real_comparison: loaded
[0;37m[07:59:02] [INFO]   - step_5_42_cmc_real_comparison: loaded[0m
[0;37m[07:59:02] [INFO]   - step_5_42_cmc_real_comparison: loaded[0m
  - step_5_33_hierarchical_density: loaded
[0;37m[07:59:02] [INFO]   - step_5_33_hierarchical_density: loaded[0m
[0;37m[07:59:02] [INFO]   - step_5_33_hierarchical_density: loaded[0m

[0;37m[07:59:02] [INFO] [0m
[0;37m[07:59:02] [INFO] [0m
Report saved to: results/outputs/step_5_43_sensitivity_cmc_report.md
[0;37m[07:59:02] [INFO] Report saved to: results/outputs/step_5_43_sensitivity_cmc_report.md[0m
[0;37m[07:59:02] [INFO] Report saved to: results/outputs/step_5_43_sensitivity_cmc_report.md[0m
Summary saved to: results/outputs/step_5_43_sensitivity_cmc_summary.json
[0;37m[07:59:02] [INFO] Summary saved to: results/outputs/step_5_43_sensitivity_cmc_summary.json[0m
[0;37m[07:59:02] [INFO] Summary saved to: results/outputs/step_5_43_sensitivity_cmc_summary.json[0m

[0;37m[07:59:02] [INFO] [0m
[0;37m[07:59:02] [INFO] [0m
======================================================================
[0;37m[07:59:02] [INFO] ======================================================================[0m
[0;37m[07:59:02] [INFO] ======================================================================[0m
SUMMARY
[0;37m[07:59:02] [INFO] SUMMARY[0m
[0;37m[07:59:02] [INFO] SUMMARY[0m
======================================================================
[0;37m[07:59:02] [INFO] ======================================================================[0m
[0;37m[07:59:02] [INFO] ======================================================================[0m
Sensitivity robustness: STRONG
[0;37m[07:59:02] [INFO] Sensitivity robustness: STRONG[0m
[0;37m[07:59:02] [INFO] Sensitivity robustness: STRONG[0m
CMC comparison status: STRONG_TEP_SUPPORT
[0;37m[07:59:02] [INFO] CMC comparison status: STRONG_TEP_SUPPORT[0m
[0;37m[07:59:02] [INFO] CMC comparison status: STRONG_TEP_SUPPORT[0m
Conclusion: Sensitivity analysis and direct CMC comparison both support suppressed density scaling
[0;37m[07:59:02] [INFO] Conclusion: Sensitivity analysis and direct CMC comparison both support suppressed density scaling[0m
[0;37m[07:59:02] [INFO] Conclusion: Sensitivity analysis and direct CMC comparison both support suppressed density scaling[0m
======================================================================
[0;37m[07:59:02] [INFO] ======================================================================[0m
[0;37m[07:59:02] [INFO] ======================================================================[0m
[1;32m[07:59:02] [SUCCESS] ✓ SUCCESS (0.1s)[0m
[0;37m[07:59:02] [INFO] [0m
[0;37m[07:59:02] [INFO] ================================================================================[0m
[0;37m[07:59:02] [INFO] >>> N-Body: Download CMC Data (M15)[0m
[0;37m[07:59:02] [INFO] ================================================================================[0m
[0;37m[07:59:02] [INFO] [0m
[0;37m[07:59:02] [INFO] Script: download_cmc_data.py[0m
[0;37m[07:59:02] [INFO] Log: /Users/matthewsmawfield/www/Temporal Equivalence Principle/TEP-COS/logs/download_cmc_data.log[0m
[07:59:02] [INFO    ] ======================================================================
[0;37m[07:59:02] [INFO] [07:59:02] [INFO    ] ======================================================================[0m
[0;37m[07:59:02] [INFO] [07:59:02] [INFO    ] ======================================================================[0m
[07:59:02] [INFO    ] CMC CLUSTER CATALOG DOWNLOADER
[0;37m[07:59:02] [INFO] [07:59:02] [INFO    ] CMC CLUSTER CATALOG DOWNLOADER[0m
[0;37m[07:59:02] [INFO] [07:59:02] [INFO    ] CMC CLUSTER CATALOG DOWNLOADER[0m
[07:59:02] [INFO    ] ======================================================================
[0;37m[07:59:02] [INFO] [07:59:02] [INFO    ] ======================================================================[0m
[0;37m[07:59:02] [INFO] [07:59:02] [INFO    ] ======================================================================[0m
[07:59:02] [INFO    ] Target URL: https://cmc.ciera.northwestern.edu/index.php
[0;37m[07:59:02] [INFO] [07:59:02] [INFO    ] Target URL: https://cmc.ciera.northwestern.edu/index.php[0m
[0;37m[07:59:02] [INFO] [07:59:02] [INFO    ] Target URL: https://cmc.ciera.northwestern.edu/index.php[0m
[07:59:02] [INFO    ] Data directory: /Users/matthewsmawfield/www/Temporal Equivalence Principle/TEP-COS/data/cmc
[0;37m[07:59:02] [INFO] [07:59:02] [INFO    ] Data directory: /Users/matthewsmawfield/www/Temporal Equivalence Principle/TEP-COS/data/cmc[0m
[0;37m[07:59:02] [INFO] [07:59:02] [INFO    ] Data directory: /Users/matthewsmawfield/www/Temporal Equivalence Principle/TEP-COS/data/cmc[0m
[07:59:02] [INFO    ] Clusters: M15
[0;37m[07:59:02] [INFO] [07:59:02] [INFO    ] Clusters: M15[0m
[0;37m[07:59:02] [INFO] [07:59:02] [INFO    ] Clusters: M15[0m
[07:59:02] [INFO    ] 
[0;37m[07:59:02] [INFO] [07:59:02] [INFO    ][0m
[0;37m[07:59:02] [INFO] [07:59:02] [INFO    ][0m
[07:59:02] [INFO    ] NOTE: Each download is 200-400 MB and takes 3-8 minutes
[0;37m[07:59:02] [INFO] [07:59:02] [INFO    ] NOTE: Each download is 200-400 MB and takes 3-8 minutes[0m
[0;37m[07:59:02] [INFO] [07:59:02] [INFO    ] NOTE: Each download is 200-400 MB and takes 3-8 minutes[0m
[07:59:02] [INFO    ]       Please be patient and do not interrupt the download
[0;37m[07:59:02] [INFO] [07:59:02] [INFO    ]       Please be patient and do not interrupt the download[0m
[0;37m[07:59:02] [INFO] [07:59:02] [INFO    ]       Please be patient and do not interrupt the download[0m
[07:59:02] [INFO    ] 
[0;37m[07:59:02] [INFO] [07:59:02] [INFO    ][0m
[0;37m[07:59:02] [INFO] [07:59:02] [INFO    ][0m
[07:59:02] [INFO    ] 
[0;37m[07:59:02] [INFO] [07:59:02] [INFO    ][0m
[0;37m[07:59:02] [INFO] [07:59:02] [INFO    ][0m
======================================================================
[0;37m[07:59:02] [INFO] ======================================================================[0m
[0;37m[07:59:02] [INFO] ======================================================================[0m
[07:59:02] [INFO    ] CLUSTER: M15 - M15
[0;37m[07:59:02] [INFO] [07:59:02] [INFO    ] CLUSTER: M15 - M15[0m
[0;37m[07:59:02] [INFO] [07:59:02] [INFO    ] CLUSTER: M15 - M15[0m
[07:59:02] [INFO    ] ======================================================================
[0;37m[07:59:02] [INFO] [07:59:02] [INFO    ] ======================================================================[0m
[0;37m[07:59:02] [INFO] [07:59:02] [INFO    ] ======================================================================[0m
[07:59:02] [INFO    ] Already downloaded (use --force to re-download)
[0;37m[07:59:02] [INFO] [07:59:02] [INFO    ] Already downloaded (use --force to re-download)[0m
[0;37m[07:59:02] [INFO] [07:59:02] [INFO    ] Already downloaded (use --force to re-download)[0m
[07:59:02] [INFO    ] 
[0;37m[07:59:02] [INFO] [07:59:02] [INFO    ][0m
[0;37m[07:59:02] [INFO] [07:59:02] [INFO    ][0m
======================================================================
[0;37m[07:59:02] [INFO] ======================================================================[0m
[0;37m[07:59:02] [INFO] ======================================================================[0m
[07:59:02] [INFO    ] FINAL SUMMARY
[0;37m[07:59:02] [INFO] [07:59:02] [INFO    ] FINAL SUMMARY[0m
[0;37m[07:59:02] [INFO] [07:59:02] [INFO    ] FINAL SUMMARY[0m
[07:59:02] [INFO    ] ======================================================================
[0;37m[07:59:02] [INFO] [07:59:02] [INFO    ] ======================================================================[0m
[0;37m[07:59:02] [INFO] [07:59:02] [INFO    ] ======================================================================[0m
[07:59:02] [INFO    ] SUCCESS: M15        - M15                 
[0;37m[07:59:02] [INFO] [07:59:02] [INFO    ] SUCCESS: M15        - M15[0m
[0;37m[07:59:02] [INFO] [07:59:02] [INFO    ] SUCCESS: M15        - M15[0m
[07:59:02] [INFO    ]            Files: 0, Time: 0.0s
[0;37m[07:59:02] [INFO] [07:59:02] [INFO    ]            Files: 0, Time: 0.0s[0m
[0;37m[07:59:02] [INFO] [07:59:02] [INFO    ]            Files: 0, Time: 0.0s[0m
[07:59:02] [INFO    ] 
[0;37m[07:59:02] [INFO] [07:59:02] [INFO    ][0m
[0;37m[07:59:02] [INFO] [07:59:02] [INFO    ][0m
======================================================================
[0;37m[07:59:02] [INFO] ======================================================================[0m
[0;37m[07:59:02] [INFO] ======================================================================[0m
[07:59:02] [INFO    ] TOTAL: 1/1 clusters successfully downloaded
[0;37m[07:59:02] [INFO] [07:59:02] [INFO    ] TOTAL: 1/1 clusters successfully downloaded[0m
[0;37m[07:59:02] [INFO] [07:59:02] [INFO    ] TOTAL: 1/1 clusters successfully downloaded[0m
[07:59:02] [INFO    ] ======================================================================
[0;37m[07:59:02] [INFO] [07:59:02] [INFO    ] ======================================================================[0m
[0;37m[07:59:02] [INFO] [07:59:02] [INFO    ] ======================================================================[0m
[1;32m[07:59:02] [SUCCESS] ✓ SUCCESS (0.1s)[0m
[0;37m[07:59:02] [INFO] [0m
[0;37m[07:59:02] [INFO] ================================================================================[0m
[0;37m[07:59:02] [INFO] >>> N-Body: CMC Gold Standard Test[0m
[0;37m[07:59:02] [INFO] ================================================================================[0m
[0;37m[07:59:02] [INFO] [0m
[0;37m[07:59:02] [INFO] Script: step_5_50_cmc_gold_standard_analysis.py[0m
[0;37m[07:59:02] [INFO] Log: /Users/matthewsmawfield/www/Temporal Equivalence Principle/TEP-COS/logs/step_5_50_cmc_gold_standard_analysis.log[0m
======================================================================
[0;37m[07:59:03] [INFO] ======================================================================[0m
[0;37m[07:59:03] [INFO] ======================================================================[0m
CMC GOLD STANDARD TEST - Full Analysis with Real CMC Data
[0;37m[07:59:03] [INFO] CMC GOLD STANDARD TEST - Full Analysis with Real CMC Data[0m
[0;37m[07:59:03] [INFO] CMC GOLD STANDARD TEST - Full Analysis with Real CMC Data[0m
======================================================================
[0;37m[07:59:03] [INFO] ======================================================================[0m
[0;37m[07:59:03] [INFO] ======================================================================[0m

[0;37m[07:59:03] [INFO] [0m
[0;37m[07:59:03] [INFO] [0m
Data Directory: /Users/matthewsmawfield/www/Temporal Equivalence Principle/TEP-COS/data/cmc
[0;37m[07:59:03] [INFO] Data Directory: /Users/matthewsmawfield/www/Temporal Equivalence Principle/TEP-COS/data/cmc[0m
[0;37m[07:59:03] [INFO] Data Directory: /Users/matthewsmawfield/www/Temporal Equivalence Principle/TEP-COS/data/cmc[0m
Output: /Users/matthewsmawfield/www/Temporal Equivalence Principle/TEP-COS/results/outputs/step_5_50_cmc_gold_standard.json
[0;37m[07:59:03] [INFO] Output: /Users/matthewsmawfield/www/Temporal Equivalence Principle/TEP-COS/results/outputs/step_5_50_cmc_gold_standard.json[0m
[0;37m[07:59:03] [INFO] Output: /Users/matthewsmawfield/www/Temporal Equivalence Principle/TEP-COS/results/outputs/step_5_50_cmc_gold_standard.json[0m

[0;37m[07:59:03] [INFO] [0m
[0;37m[07:59:03] [INFO] [0m
Loading observed results from previous analysis steps...
[0;37m[07:59:03] [INFO] Loading observed results from previous analysis steps...[0m
[0;37m[07:59:03] [INFO] Loading observed results from previous analysis steps...[0m
  Raw excess (period-matched): 0.606 dex
[0;37m[07:59:03] [INFO]   Raw excess (period-matched): 0.606 dex[0m
[0;37m[07:59:03] [INFO]   Raw excess (period-matched): 0.606 dex[0m
  Density slope: 0.393 ± 0.079 dex/dex
[0;37m[07:59:03] [INFO]   Density slope: 0.393 ± 0.079 dex/dex[0m
[0;37m[07:59:03] [INFO]   Density slope: 0.393 ± 0.079 dex/dex[0m
  Binary inversion: -0.323 dex
[0;37m[07:59:03] [INFO]   Binary inversion: -0.323 dex[0m
[0;37m[07:59:03] [INFO]   Binary inversion: -0.323 dex[0m
  Clusters analyzed: 33
[0;37m[07:59:03] [INFO]   Clusters analyzed: 33[0m
[0;37m[07:59:03] [INFO]   Clusters analyzed: 33[0m

[0;37m[07:59:03] [INFO] [0m
[0;37m[07:59:03] [INFO] [0m

[0;37m[07:59:03] [INFO] [0m
[0;37m[07:59:03] [INFO] [0m
Found 13 clusters with CMC data
[0;37m[07:59:03] [INFO] Found 13 clusters with CMC data[0m
[0;37m[07:59:03] [INFO] Found 13 clusters with CMC data[0m
  - M62
[0;37m[07:59:03] [INFO]   - M62[0m
[0;37m[07:59:03] [INFO]   - M62[0m
  - M15
[0;37m[07:59:03] [INFO]   - M15[0m
[0;37m[07:59:03] [INFO]   - M15[0m
  - M13
[0;37m[07:59:03] [INFO]   - M13[0m
[0;37m[07:59:03] [INFO]   - M13[0m
  - Terzan_5
[0;37m[07:59:03] [INFO]   - Terzan_5[0m
[0;37m[07:59:03] [INFO]   - Terzan_5[0m
  - NGC_6517
[0;37m[07:59:03] [INFO]   - NGC_6517[0m
[0;37m[07:59:03] [INFO]   - NGC_6517[0m
  - M5
[0;37m[07:59:03] [INFO]   - M5[0m
[0;37m[07:59:03] [INFO]   - M5[0m
  - Omega_Cen
[0;37m[07:59:03] [INFO]   - Omega_Cen[0m
[0;37m[07:59:03] [INFO]   - Omega_Cen[0m
  - M3
[0;37m[07:59:03] [INFO]   - M3[0m
[0;37m[07:59:03] [INFO]   - M3[0m
  - M4
[0;37m[07:59:03] [INFO]   - M4[0m
[0;37m[07:59:03] [INFO]   - M4[0m
  - 47_Tuc
[0;37m[07:59:03] [INFO]   - 47_Tuc[0m
[0;37m[07:59:03] [INFO]   - 47_Tuc[0m
  - M28
[0;37m[07:59:03] [INFO]   - M28[0m
[0;37m[07:59:03] [INFO]   - M28[0m
  - NGC_6397
[0;37m[07:59:03] [INFO]   - NGC_6397[0m
[0;37m[07:59:03] [INFO]   - NGC_6397[0m
  - NGC_6752
[0;37m[07:59:03] [INFO]   - NGC_6752[0m
[0;37m[07:59:03] [INFO]   - NGC_6752[0m

[0;37m[07:59:03] [INFO] [0m
[0;37m[07:59:03] [INFO] [0m
----------------------------------------------------------------------
[0;37m[07:59:03] [INFO] ----------------------------------------------------------------------[0m
[0;37m[07:59:03] [INFO] ----------------------------------------------------------------------[0m
Analyzing CMC Synthetic Pulsars
[0;37m[07:59:03] [INFO] Analyzing CMC Synthetic Pulsars[0m
[0;37m[07:59:03] [INFO] Analyzing CMC Synthetic Pulsars[0m
----------------------------------------------------------------------
[0;37m[07:59:03] [INFO] ----------------------------------------------------------------------[0m
[0;37m[07:59:03] [INFO] ----------------------------------------------------------------------[0m

[0;37m[07:59:03] [INFO] [0m
[0;37m[07:59:03] [INFO] [0m
Cluster: M62
[0;37m[07:59:03] [INFO] Cluster: M62[0m
[0;37m[07:59:03] [INFO] Cluster: M62[0m
  Found 1138225 synthetic pulsars
[0;37m[07:59:06] [INFO]   Found 1138225 synthetic pulsars[0m
[0;37m[07:59:06] [INFO]   Found 1138225 synthetic pulsars[0m

[0;37m[07:59:06] [INFO] [0m
[0;37m[07:59:06] [INFO] [0m
Cluster: M15
[0;37m[07:59:06] [INFO] Cluster: M15[0m
[0;37m[07:59:06] [INFO] Cluster: M15[0m
  Found 1439522 synthetic pulsars
[0;37m[07:59:10] [INFO]   Found 1439522 synthetic pulsars[0m
[0;37m[07:59:10] [INFO]   Found 1439522 synthetic pulsars[0m

[0;37m[07:59:10] [INFO] [0m
[0;37m[07:59:10] [INFO] [0m
Cluster: M13
[0;37m[07:59:10] [INFO] Cluster: M13[0m
[0;37m[07:59:10] [INFO] Cluster: M13[0m
  Found 1138225 synthetic pulsars
[0;37m[07:59:13] [INFO]   Found 1138225 synthetic pulsars[0m
[0;37m[07:59:13] [INFO]   Found 1138225 synthetic pulsars[0m

[0;37m[07:59:13] [INFO] [0m
[0;37m[07:59:13] [INFO] [0m
Cluster: Terzan_5
[0;37m[07:59:13] [INFO] Cluster: Terzan_5[0m
[0;37m[07:59:13] [INFO] Cluster: Terzan_5[0m
  Found 2010584 synthetic pulsars
[0;37m[07:59:19] [INFO]   Found 2010584 synthetic pulsars[0m
[0;37m[07:59:19] [INFO]   Found 2010584 synthetic pulsars[0m

[0;37m[07:59:19] [INFO] [0m
[0;37m[07:59:19] [INFO] [0m
Cluster: NGC_6517
[0;37m[07:59:19] [INFO] Cluster: NGC_6517[0m
[0;37m[07:59:19] [INFO] Cluster: NGC_6517[0m
  Found 2010584 synthetic pulsars
[0;37m[07:59:25] [INFO]   Found 2010584 synthetic pulsars[0m
[0;37m[07:59:25] [INFO]   Found 2010584 synthetic pulsars[0m

[0;37m[07:59:25] [INFO] [0m
[0;37m[07:59:25] [INFO] [0m
Cluster: M5
[0;37m[07:59:25] [INFO] Cluster: M5[0m
[0;37m[07:59:25] [INFO] Cluster: M5[0m
  Found 1138225 synthetic pulsars
[0;37m[07:59:28] [INFO]   Found 1138225 synthetic pulsars[0m
[0;37m[07:59:28] [INFO]   Found 1138225 synthetic pulsars[0m

[0;37m[07:59:28] [INFO] [0m
[0;37m[07:59:28] [INFO] [0m
Cluster: Omega_Cen
[0;37m[07:59:28] [INFO] Cluster: Omega_Cen[0m
[0;37m[07:59:28] [INFO] Cluster: Omega_Cen[0m
  Found 6250586 synthetic pulsars
[0;37m[07:59:44] [INFO]   Found 6250586 synthetic pulsars[0m
[0;37m[07:59:44] [INFO]   Found 6250586 synthetic pulsars[0m

[0;37m[07:59:44] [INFO] [0m
[0;37m[07:59:44] [INFO] [0m
Cluster: M3
[0;37m[07:59:44] [INFO] Cluster: M3[0m
[0;37m[07:59:44] [INFO] Cluster: M3[0m
  Found 1138225 synthetic pulsars
[0;37m[07:59:47] [INFO]   Found 1138225 synthetic pulsars[0m
[0;37m[07:59:47] [INFO]   Found 1138225 synthetic pulsars[0m

[0;37m[07:59:47] [INFO] [0m
[0;37m[07:59:47] [INFO] [0m
Cluster: M4
[0;37m[07:59:47] [INFO] Cluster: M4[0m
[0;37m[07:59:47] [INFO] Cluster: M4[0m
  Found 1138225 synthetic pulsars
[0;37m[07:59:50] [INFO]   Found 1138225 synthetic pulsars[0m
[0;37m[07:59:50] [INFO]   Found 1138225 synthetic pulsars[0m

[0;37m[07:59:50] [INFO] [0m
[0;37m[07:59:50] [INFO] [0m
Cluster: 47_Tuc
[0;37m[07:59:50] [INFO] Cluster: 47_Tuc[0m
[0;37m[07:59:50] [INFO] Cluster: 47_Tuc[0m
  Found 228001 synthetic pulsars
[0;37m[07:59:51] [INFO]   Found 228001 synthetic pulsars[0m
[0;37m[07:59:51] [INFO]   Found 228001 synthetic pulsars[0m

[0;37m[07:59:51] [INFO] [0m
[0;37m[07:59:51] [INFO] [0m
Cluster: M28
[0;37m[07:59:51] [INFO] Cluster: M28[0m
[0;37m[07:59:51] [INFO] Cluster: M28[0m
  Found 1138225 synthetic pulsars
[0;37m[07:59:54] [INFO]   Found 1138225 synthetic pulsars[0m
[0;37m[07:59:54] [INFO]   Found 1138225 synthetic pulsars[0m

[0;37m[07:59:54] [INFO] [0m
[0;37m[07:59:54] [INFO] [0m
Cluster: NGC_6397
[0;37m[07:59:54] [INFO] Cluster: NGC_6397[0m
[0;37m[07:59:54] [INFO] Cluster: NGC_6397[0m
  Found 1138225 synthetic pulsars
[0;37m[07:59:57] [INFO]   Found 1138225 synthetic pulsars[0m
[0;37m[07:59:57] [INFO]   Found 1138225 synthetic pulsars[0m

[0;37m[07:59:57] [INFO] [0m
[0;37m[07:59:57] [INFO] [0m
Cluster: NGC_6752
[0;37m[07:59:57] [INFO] Cluster: NGC_6752[0m
[0;37m[07:59:57] [INFO] Cluster: NGC_6752[0m
  Found 1138225 synthetic pulsars
[0;37m[08:00:01] [INFO]   Found 1138225 synthetic pulsars[0m
[0;37m[08:00:01] [INFO]   Found 1138225 synthetic pulsars[0m

[0;37m[08:00:03] [INFO] [0m
[0;37m[08:00:03] [INFO] [0m
Total CMC synthetic pulsars: 21045077
[0;37m[08:00:03] [INFO] Total CMC synthetic pulsars: 21045077[0m
[0;37m[08:00:03] [INFO] Total CMC synthetic pulsars: 21045077[0m

[0;37m[08:00:03] [INFO] [0m
[0;37m[08:00:03] [INFO] [0m
======================================================================
[0;37m[08:00:03] [INFO] ======================================================================[0m
[0;37m[08:00:03] [INFO] ======================================================================[0m
TEST 1: Raw Excess Comparison (Computed from CMC Raw Catalog)
[0;37m[08:00:03] [INFO] TEST 1: Raw Excess Comparison (Computed from CMC Raw Catalog)[0m
[0;37m[08:00:03] [INFO] TEST 1: Raw Excess Comparison (Computed from CMC Raw Catalog)[0m
======================================================================
[0;37m[08:00:03] [INFO] ======================================================================[0m
[0;37m[08:00:03] [INFO] ======================================================================[0m

[0;37m[08:00:04] [INFO] [0m
[0;37m[08:00:04] [INFO] [0m
  CMC predicted excess (computed): 1.54 dex
[0;37m[08:00:04] [INFO]   CMC predicted excess (computed): 1.54 dex[0m
[0;37m[08:00:04] [INFO]   CMC predicted excess (computed): 1.54 dex[0m
  Literature value (Kremer+20):     2.10 dex
[0;37m[08:00:04] [INFO]   Literature value (Kremer+20):     2.10 dex[0m
[0;37m[08:00:04] [INFO]   Literature value (Kremer+20):     2.10 dex[0m
  Agreement:                          Within 0.56 dex
[0;37m[08:00:04] [INFO]   Agreement:                          Within 0.56 dex[0m
[0;37m[08:00:04] [INFO]   Agreement:                          Within 0.56 dex[0m

[0;37m[08:00:04] [INFO] [0m
[0;37m[08:00:04] [INFO] [0m
  Observed excess:        0.61 dex
[0;37m[08:00:04] [INFO]   Observed excess:        0.61 dex[0m
[0;37m[08:00:04] [INFO]   Observed excess:        0.61 dex[0m
  CMC predicted excess:   1.54 dex
[0;37m[08:00:04] [INFO]   CMC predicted excess:   1.54 dex[0m
[0;37m[08:00:04] [INFO]   CMC predicted excess:   1.54 dex[0m
  Difference:             -0.94 dex
[0;37m[08:00:04] [INFO]   Difference:             -0.94 dex[0m
[0;37m[08:00:04] [INFO]   Difference:             -0.94 dex[0m
  Significance:           9.4σ
[0;37m[08:00:04] [INFO]   Significance:           9.4σ[0m
[0;37m[08:00:04] [INFO]   Significance:           9.4σ[0m
  Verdict:                CMC_OVERPREDICTS
[0;37m[08:00:04] [INFO]   Verdict:                CMC_OVERPREDICTS[0m
[0;37m[08:00:04] [INFO]   Verdict:                CMC_OVERPREDICTS[0m

[0;37m[08:00:04] [INFO] [0m
[0;37m[08:00:04] [INFO] [0m
======================================================================
[0;37m[08:00:04] [INFO] ======================================================================[0m
[0;37m[08:00:04] [INFO] ======================================================================[0m
TEST 2: Density Scaling Comparison
[0;37m[08:00:04] [INFO] TEST 2: Density Scaling Comparison[0m
[0;37m[08:00:04] [INFO] TEST 2: Density Scaling Comparison[0m
======================================================================
[0;37m[08:00:04] [INFO] ======================================================================[0m
[0;37m[08:00:04] [INFO] ======================================================================[0m

[0;37m[08:00:04] [INFO] [0m
[0;37m[08:00:04] [INFO] [0m
  Observed slope:         0.39 ± 0.08 dex/dex
[0;37m[08:00:04] [INFO]   Observed slope:         0.39 ± 0.08 dex/dex[0m
[0;37m[08:00:04] [INFO]   Observed slope:         0.39 ± 0.08 dex/dex[0m
  CMC predicted slope:    0.75 ± 0.04 dex/dex
[0;37m[08:00:04] [INFO]   CMC predicted slope:    0.75 ± 0.04 dex/dex[0m
[0;37m[08:00:04] [INFO]   CMC predicted slope:    0.75 ± 0.04 dex/dex[0m
  Difference:             0.36 (4.0σ)
[0;37m[08:00:04] [INFO]   Difference:             0.36 (4.0σ)[0m
[0;37m[08:00:04] [INFO]   Difference:             0.36 (4.0σ)[0m

[0;37m[08:00:04] [INFO] [0m
[0;37m[08:00:04] [INFO] [0m
======================================================================
[0;37m[08:00:04] [INFO] ======================================================================[0m
[0;37m[08:00:04] [INFO] ======================================================================[0m
TEST 3: Binary Inversion Comparison
[0;37m[08:00:04] [INFO] TEST 3: Binary Inversion Comparison[0m
[0;37m[08:00:04] [INFO] TEST 3: Binary Inversion Comparison[0m
======================================================================
[0;37m[08:00:04] [INFO] ======================================================================[0m
[0;37m[08:00:04] [INFO] ======================================================================[0m

[0;37m[08:00:08] [INFO] [0m
[0;37m[08:00:08] [INFO] [0m
  Observed:               Binaries are -0.32 dex QUIETER
[0;37m[08:00:08] [INFO]   Observed:               Binaries are -0.32 dex QUIETER[0m
[0;37m[08:00:08] [INFO]   Observed:               Binaries are -0.32 dex QUIETER[0m
  CMC predicts:           Binaries should be 0.25 dex NOISIER
[0;37m[08:00:08] [INFO]   CMC predicts:           Binaries should be 0.25 dex NOISIER[0m
[0;37m[08:00:08] [INFO]   CMC predicts:           Binaries should be 0.25 dex NOISIER[0m
  Sign agreement:         True
[0;37m[08:00:08] [INFO]   Sign agreement:         True[0m
[0;37m[08:00:08] [INFO]   Sign agreement:         True[0m
  Verdict:                CONSISTENT
[0;37m[08:00:08] [INFO]   Verdict:                CONSISTENT[0m
[0;37m[08:00:08] [INFO]   Verdict:                CONSISTENT[0m

[0;37m[08:00:08] [INFO] [0m
[0;37m[08:00:08] [INFO] [0m
======================================================================
[0;37m[08:00:08] [INFO] ======================================================================[0m
[0;37m[08:00:08] [INFO] ======================================================================[0m
OVERALL FALSIFICATION VERDICT
[0;37m[08:00:08] [INFO] OVERALL FALSIFICATION VERDICT[0m
[0;37m[08:00:08] [INFO] OVERALL FALSIFICATION VERDICT[0m
======================================================================
[0;37m[08:00:08] [INFO] ======================================================================[0m
[0;37m[08:00:08] [INFO] ======================================================================[0m

[0;37m[08:00:08] [INFO] [0m
[0;37m[08:00:08] [INFO] [0m
  VERDICT:          STANDARD_DYNAMICS_DISFAVORED
[0;37m[08:00:08] [INFO]   VERDICT:          STANDARD_DYNAMICS_DISFAVORED[0m
[0;37m[08:00:08] [INFO]   VERDICT:          STANDARD_DYNAMICS_DISFAVORED[0m
  CONFIDENCE:       HIGH
[0;37m[08:00:08] [INFO]   CONFIDENCE:       HIGH[0m
[0;37m[08:00:08] [INFO]   CONFIDENCE:       HIGH[0m
  INTERPRETATION:   CMC cannot reproduce the observed spin-down excess OR the suppressed density scaling. Standard Newtonian dynamics is disfavored. TEP provides a natural explanation.
[0;37m[08:00:08] [INFO]   INTERPRETATION:   CMC cannot reproduce the observed spin-down excess OR the suppressed density scaling. Standard Newtonian dynamics is disfavored. TEP provides a natural explanation.[0m
[0;37m[08:00:08] [INFO]   INTERPRETATION:   CMC cannot reproduce the observed spin-down excess OR the suppressed density scaling. Standard Newtonian dynamics is disfavored. TEP provides a natural explanation.[0m
  RECOMMENDATION:   Proceed with TEP analysis and manuscript preparation
[0;37m[08:00:08] [INFO]   RECOMMENDATION:   Proceed with TEP analysis and manuscript preparation[0m
[0;37m[08:00:08] [INFO]   RECOMMENDATION:   Proceed with TEP analysis and manuscript preparation[0m

[0;37m[08:00:08] [INFO] [0m
[0;37m[08:00:08] [INFO] [0m
  Results saved to: /Users/matthewsmawfield/www/Temporal Equivalence Principle/TEP-COS/results/outputs/step_5_50_cmc_gold_standard.json
[0;37m[08:00:08] [INFO]   Results saved to: /Users/matthewsmawfield/www/Temporal Equivalence Principle/TEP-COS/results/outputs/step_5_50_cmc_gold_standard.json[0m
[0;37m[08:00:08] [INFO]   Results saved to: /Users/matthewsmawfield/www/Temporal Equivalence Principle/TEP-COS/results/outputs/step_5_50_cmc_gold_standard.json[0m
======================================================================
[0;37m[08:00:08] [INFO] ======================================================================[0m
[0;37m[08:00:08] [INFO] ======================================================================[0m

[0;37m[08:00:08] [INFO] [0m
[0;37m[08:00:08] [INFO] [0m
======================================================================
[0;37m[08:00:08] [INFO] ======================================================================[0m
[0;37m[08:00:08] [INFO] ======================================================================[0m
MANUSCRIPT SUMMARY
[0;37m[08:00:08] [INFO] MANUSCRIPT SUMMARY[0m
[0;37m[08:00:08] [INFO] MANUSCRIPT SUMMARY[0m
======================================================================
[0;37m[08:00:08] [INFO] ======================================================================[0m
[0;37m[08:00:08] [INFO] ======================================================================[0m

[0;37m[08:00:08] [INFO] [0m
[0;37m[08:00:08] [INFO] [0m
The Gold Standard CMC test has been implemented using real CMC data.
[0;37m[08:00:08] [INFO] The Gold Standard CMC test has been implemented using real CMC data.[0m
[0;37m[08:00:08] [INFO] The Gold Standard CMC test has been implemented using real CMC data.[0m

[0;37m[08:00:08] [INFO] [0m
[0;37m[08:00:08] [INFO] [0m
Key Results:
[0;37m[08:00:08] [INFO] Key Results:[0m
[0;37m[08:00:08] [INFO] Key Results:[0m
- Density Scaling: CMC predicts 0.75 ± 0.04, observed is 0.39 ± 0.08 (4.0σ discrepancy)
[0;37m[08:00:08] [INFO] - Density Scaling: CMC predicts 0.75 ± 0.04, observed is 0.39 ± 0.08 (4.0σ discrepancy)[0m
[0;37m[08:00:08] [INFO] - Density Scaling: CMC predicts 0.75 ± 0.04, observed is 0.39 ± 0.08 (4.0σ discrepancy)[0m
- Raw Excess: CMC predicts 1.5 dex, observed is 0.61 dex
[0;37m[08:00:08] [INFO] - Raw Excess: CMC predicts 1.5 dex, observed is 0.61 dex[0m
[0;37m[08:00:08] [INFO] - Raw Excess: CMC predicts 1.5 dex, observed is 0.61 dex[0m
- Binary Behavior: CMC predicts binaries noisier, observed shows binaries quieter (opposite signs)
[0;37m[08:00:08] [INFO] - Binary Behavior: CMC predicts binaries noisier, observed shows binaries quieter (opposite signs)[0m
[0;37m[08:00:08] [INFO] - Binary Behavior: CMC predicts binaries noisier, observed shows binaries quieter (opposite signs)[0m

[0;37m[08:00:08] [INFO] [0m
[0;37m[08:00:08] [INFO] [0m
Verdict: STANDARD_DYNAMICS_DISFAVORED (HIGH confidence)
[0;37m[08:00:08] [INFO] Verdict: STANDARD_DYNAMICS_DISFAVORED (HIGH confidence)[0m
[0;37m[08:00:08] [INFO] Verdict: STANDARD_DYNAMICS_DISFAVORED (HIGH confidence)[0m

[0;37m[08:00:08] [INFO] [0m
[0;37m[08:00:08] [INFO] [0m
CMC cannot reproduce the observed spin-down excess OR the suppressed density scaling. Standard Newtonian dynamics is disfavored. TEP provides a natural explanation.
[0;37m[08:00:08] [INFO] CMC cannot reproduce the observed spin-down excess OR the suppressed density scaling. Standard Newtonian dynamics is disfavored. TEP provides a natural explanation.[0m
[0;37m[08:00:08] [INFO] CMC cannot reproduce the observed spin-down excess OR the suppressed density scaling. Standard Newtonian dynamics is disfavored. TEP provides a natural explanation.[0m

[0;37m[08:00:08] [INFO] [0m
[0;37m[08:00:08] [INFO] [0m
[1;32m[08:00:09] [SUCCESS] ✓ SUCCESS (66.5s)[0m
[0;37m[08:00:09] [INFO] [0m
[0;37m[08:00:09] [INFO] ================================================================================[0m
[0;37m[08:00:09] [INFO] >>> N-Body Pushback: Dynamical Calibration[0m
[0;37m[08:00:09] [INFO] ================================================================================[0m
[0;37m[08:00:09] [INFO] [0m
[0;37m[08:00:09] [INFO] Script: step_5_41_pulsar_dynamical_calibration.py[0m
[0;37m[08:00:09] [INFO] Log: /Users/matthewsmawfield/www/Temporal Equivalence Principle/TEP-COS/logs/step_5_41_pulsar_dynamical_calibration.log[0m
======================================================================
[0;37m[08:00:09] [INFO] ======================================================================[0m
[0;37m[08:00:09] [INFO] ======================================================================[0m
STEP 5.41: PULSAR DYNAMICAL CALIBRATION
[0;37m[08:00:09] [INFO] STEP 5.41: PULSAR DYNAMICAL CALIBRATION[0m
[0;37m[08:00:09] [INFO] STEP 5.41: PULSAR DYNAMICAL CALIBRATION[0m
======================================================================
[0;37m[08:00:09] [INFO] ======================================================================[0m
[0;37m[08:00:09] [INFO] ======================================================================[0m

[0;37m[08:00:09] [INFO] [0m
[0;37m[08:00:09] [INFO] [0m
Testing: Do observed residuals exceed Newtonian predictions?
[0;37m[08:00:09] [INFO] Testing: Do observed residuals exceed Newtonian predictions?[0m
[0;37m[08:00:09] [INFO] Testing: Do observed residuals exceed Newtonian predictions?[0m
This addresses the TEP vs GR ambiguity directly.
[0;37m[08:00:09] [INFO] This addresses the TEP vs GR ambiguity directly.[0m
[0;37m[08:00:09] [INFO] This addresses the TEP vs GR ambiguity directly.[0m

[0;37m[08:00:09] [INFO] [0m
[0;37m[08:00:09] [INFO] [0m
Generating Newtonian predictions...
[0;37m[08:00:09] [INFO] Generating Newtonian predictions...[0m
[0;37m[08:00:09] [INFO] Generating Newtonian predictions...[0m
  47_Tuc: predicted shift = 3.98 dex
[0;37m[08:00:09] [INFO]   47_Tuc: predicted shift = 3.98 dex[0m
[0;37m[08:00:09] [INFO]   47_Tuc: predicted shift = 3.98 dex[0m
  M15: predicted shift = 4.57 dex
[0;37m[08:00:09] [INFO]   M15: predicted shift = 4.57 dex[0m
[0;37m[08:00:09] [INFO]   M15: predicted shift = 4.57 dex[0m
  M13: predicted shift = 3.39 dex
[0;37m[08:00:09] [INFO]   M13: predicted shift = 3.39 dex[0m
[0;37m[08:00:09] [INFO]   M13: predicted shift = 3.39 dex[0m
  Terzan_5: predicted shift = 5.00 dex
[0;37m[08:00:09] [INFO]   Terzan_5: predicted shift = 5.00 dex[0m
[0;37m[08:00:09] [INFO]   Terzan_5: predicted shift = 5.00 dex[0m
  M28: predicted shift = 4.03 dex
[0;37m[08:00:09] [INFO]   M28: predicted shift = 4.03 dex[0m
[0;37m[08:00:09] [INFO]   M28: predicted shift = 4.03 dex[0m
  M62: predicted shift = 4.60 dex
[0;37m[08:00:09] [INFO]   M62: predicted shift = 4.60 dex[0m
[0;37m[08:00:09] [INFO]   M62: predicted shift = 4.60 dex[0m
  M5: predicted shift = 3.60 dex
[0;37m[08:00:09] [INFO]   M5: predicted shift = 3.60 dex[0m
[0;37m[08:00:09] [INFO]   M5: predicted shift = 3.60 dex[0m
  M3: predicted shift = 3.21 dex
[0;37m[08:00:09] [INFO]   M3: predicted shift = 3.21 dex[0m
[0;37m[08:00:09] [INFO]   M3: predicted shift = 3.21 dex[0m
  M53: predicted shift = 2.95 dex
[0;37m[08:00:09] [INFO]   M53: predicted shift = 2.95 dex[0m
[0;37m[08:00:09] [INFO]   M53: predicted shift = 2.95 dex[0m
  Omega_Cen: predicted shift = 4.14 dex
[0;37m[08:00:09] [INFO]   Omega_Cen: predicted shift = 4.14 dex[0m
[0;37m[08:00:09] [INFO]   Omega_Cen: predicted shift = 4.14 dex[0m
  M2: predicted shift = 3.66 dex
[0;37m[08:00:09] [INFO]   M2: predicted shift = 3.66 dex[0m
[0;37m[08:00:09] [INFO]   M2: predicted shift = 3.66 dex[0m
  NGC_6440: predicted shift = 4.90 dex
[0;37m[08:00:09] [INFO]   NGC_6440: predicted shift = 4.90 dex[0m
[0;37m[08:00:09] [INFO]   NGC_6440: predicted shift = 4.90 dex[0m
  NGC_6544: predicted shift = 3.50 dex
[0;37m[08:00:09] [INFO]   NGC_6544: predicted shift = 3.50 dex[0m
[0;37m[08:00:09] [INFO]   NGC_6544: predicted shift = 3.50 dex[0m
  M30: predicted shift = 3.31 dex
[0;37m[08:00:10] [INFO]   M30: predicted shift = 3.31 dex[0m
[0;37m[08:00:10] [INFO]   M30: predicted shift = 3.31 dex[0m
  NGC_6752: predicted shift = 3.46 dex
[0;37m[08:00:10] [INFO]   NGC_6752: predicted shift = 3.46 dex[0m
[0;37m[08:00:10] [INFO]   NGC_6752: predicted shift = 3.46 dex[0m
  Loaded from step_5_10: residual = 0.592 ± 0.051 dex
[0;37m[08:00:10] [INFO]   Loaded from step_5_10: residual = 0.592 ± 0.051 dex[0m
[0;37m[08:00:10] [INFO]   Loaded from step_5_10: residual = 0.592 ± 0.051 dex[0m

[0;37m[08:00:10] [INFO] [0m
[0;37m[08:00:10] [INFO] [0m
======================================================================
[0;37m[08:00:10] [INFO] ======================================================================[0m
[0;37m[08:00:10] [INFO] ======================================================================[0m
COMPARISON TO OBSERVED RESIDUALS
[0;37m[08:00:10] [INFO] COMPARISON TO OBSERVED RESIDUALS[0m
[0;37m[08:00:10] [INFO] COMPARISON TO OBSERVED RESIDUALS[0m
======================================================================
[0;37m[08:00:10] [INFO] ======================================================================[0m
[0;37m[08:00:10] [INFO] ======================================================================[0m

[0;37m[08:00:10] [INFO] [0m
[0;37m[08:00:10] [INFO] [0m
Newtonian Prediction (raw, no controls): 3.89 ± 0.62 dex
[0;37m[08:00:10] [INFO] Newtonian Prediction (raw, no controls): 3.89 ± 0.62 dex[0m
[0;37m[08:00:10] [INFO] Newtonian Prediction (raw, no controls): 3.89 ± 0.62 dex[0m
Observed Residual (after population controls): 0.59 ± 0.05 dex
[0;37m[08:00:10] [INFO] Observed Residual (after population controls): 0.59 ± 0.05 dex[0m
[0;37m[08:00:10] [INFO] Observed Residual (after population controls): 0.59 ± 0.05 dex[0m

[0;37m[08:00:10] [INFO] [0m
[0;37m[08:00:10] [INFO] [0m
Note: The Newtonian prediction is a raw shift; the observed is after
[0;37m[08:00:10] [INFO] Note: The Newtonian prediction is a raw shift; the observed is after[0m
[0;37m[08:00:10] [INFO] Note: The Newtonian prediction is a raw shift; the observed is after[0m
period+B-proxy matching. Even the minimum controlled residual is
[0;37m[08:00:10] [INFO] period+B-proxy matching. Even the minimum controlled residual is[0m
[0;37m[08:00:10] [INFO] period+B-proxy matching. Even the minimum controlled residual is[0m
far below the Newtonian expectation.
[0;37m[08:00:10] [INFO] far below the Newtonian expectation.[0m
[0;37m[08:00:10] [INFO] far below the Newtonian expectation.[0m

[0;37m[08:00:10] [INFO] [0m
[0;37m[08:00:10] [INFO] [0m
Difference (Observed - Predicted): -3.29 dex
[0;37m[08:00:10] [INFO] Difference (Observed - Predicted): -3.29 dex[0m
[0;37m[08:00:10] [INFO] Difference (Observed - Predicted): -3.29 dex[0m
Significance: -64.9σ
[0;37m[08:00:10] [INFO] Significance: -64.9σ[0m
[0;37m[08:00:10] [INFO] Significance: -64.9σ[0m

[0;37m[08:00:10] [INFO] [0m
[0;37m[08:00:10] [INFO] [0m
Interpretation: OBSERVED_MUCH_LESS_THAN_NEWTONIAN
[0;37m[08:00:10] [INFO] Interpretation: OBSERVED_MUCH_LESS_THAN_NEWTONIAN[0m
[0;37m[08:00:10] [INFO] Interpretation: OBSERVED_MUCH_LESS_THAN_NEWTONIAN[0m
Verdict: TEP_SUPPORTED
[0;37m[08:00:10] [INFO] Verdict: TEP_SUPPORTED[0m
[0;37m[08:00:10] [INFO] Verdict: TEP_SUPPORTED[0m

[0;37m[08:00:10] [INFO] [0m
[0;37m[08:00:10] [INFO] [0m
======================================================================
[0;37m[08:00:10] [INFO] ======================================================================[0m
[0;37m[08:00:10] [INFO] ======================================================================[0m
Results saved to: /Users/matthewsmawfield/www/Temporal Equivalence Principle/TEP-COS/results/outputs/step_5_41_dynamical_calibration.json
[0;37m[08:00:10] [INFO] Results saved to: /Users/matthewsmawfield/www/Temporal Equivalence Principle/TEP-COS/results/outputs/step_5_41_dynamical_calibration.json[0m
[0;37m[08:00:10] [INFO] Results saved to: /Users/matthewsmawfield/www/Temporal Equivalence Principle/TEP-COS/results/outputs/step_5_41_dynamical_calibration.json[0m
======================================================================
[0;37m[08:00:10] [INFO] ======================================================================[0m
[0;37m[08:00:10] [INFO] ======================================================================[0m
[1;32m[08:00:10] [SUCCESS] ✓ SUCCESS (1.0s)[0m
[0;37m[08:00:10] [INFO] [0m
[0;37m[08:00:10] [INFO] ================================================================================[0m
[0;37m[08:00:10] [INFO] >>> N-Body Pushback: Sensitivity Analysis[0m
[0;37m[08:00:10] [INFO] ================================================================================[0m
[0;37m[08:00:10] [INFO] [0m
[0;37m[08:00:10] [INFO] Script: step_5_41b_sensitivity_analysis.py[0m
[0;37m[08:00:10] [INFO] Log: /Users/matthewsmawfield/www/Temporal Equivalence Principle/TEP-COS/logs/step_5_41b_sensitivity_analysis.log[0m
STEP 5.41b: SENSITIVITY ANALYSIS FOR DYNAMICAL CALIBRATION
[0;37m[08:00:10] [INFO] STEP 5.41b: SENSITIVITY ANALYSIS FOR DYNAMICAL CALIBRATION[0m
[0;37m[08:00:10] [INFO] STEP 5.41b: SENSITIVITY ANALYSIS FOR DYNAMICAL CALIBRATION[0m
======================================================================
[0;37m[08:00:10] [INFO] ======================================================================[0m
[0;37m[08:00:10] [INFO] ======================================================================[0m

[0;37m[08:00:10] [INFO] [0m
[0;37m[08:00:10] [INFO] [0m
Purpose: Test robustness of 311σ tension claim to cluster parameter uncertainties
[0;37m[08:00:10] [INFO] Purpose: Test robustness of 311σ tension claim to cluster parameter uncertainties[0m
[0;37m[08:00:10] [INFO] Purpose: Test robustness of 311σ tension claim to cluster parameter uncertainties[0m

[0;37m[08:00:10] [INFO] [0m
[0;37m[08:00:10] [INFO] [0m
======================================================================
[0;37m[08:00:10] [INFO] ======================================================================[0m
[0;37m[08:00:10] [INFO] ======================================================================[0m
CLUSTER PARAMETER SENSITIVITY ANALYSIS
[0;37m[08:00:10] [INFO] CLUSTER PARAMETER SENSITIVITY ANALYSIS[0m
[0;37m[08:00:10] [INFO] CLUSTER PARAMETER SENSITIVITY ANALYSIS[0m
======================================================================
[0;37m[08:00:10] [INFO] ======================================================================[0m
[0;37m[08:00:10] [INFO] ======================================================================[0m

[0;37m[08:00:26] [INFO] [0m
[0;37m[08:00:26] [INFO] [0m
Sensitivity Analysis Results (1000 iterations):
[0;37m[08:00:26] [INFO] Sensitivity Analysis Results (1000 iterations):[0m
[0;37m[08:00:26] [INFO] Sensitivity Analysis Results (1000 iterations):[0m
  Mean prediction: 17.11 dex
[0;37m[08:00:26] [INFO]   Mean prediction: 17.11 dex[0m
[0;37m[08:00:26] [INFO]   Mean prediction: 17.11 dex[0m
  Standard deviation: 0.17 dex
[0;37m[08:00:26] [INFO]   Standard deviation: 0.17 dex[0m
[0;37m[08:00:26] [INFO]   Standard deviation: 0.17 dex[0m
  68% CI: [16.95, 17.28] dex
[0;37m[08:00:26] [INFO]   68% CI: [16.95, 17.28] dex[0m
[0;37m[08:00:26] [INFO]   68% CI: [16.95, 17.28] dex[0m
  95% CI: [16.77, 17.47] dex
[0;37m[08:00:26] [INFO]   95% CI: [16.77, 17.47] dex[0m
[0;37m[08:00:26] [INFO]   95% CI: [16.77, 17.47] dex[0m

[0;37m[08:00:26] [INFO] [0m
[0;37m[08:00:26] [INFO] [0m
Robustness Test:
[0;37m[08:00:26] [INFO] Robustness Test:[0m
[0;37m[08:00:26] [INFO] Robustness Test:[0m
  Observed residual: 0.59 ± 0.05 dex
[0;37m[08:00:26] [INFO]   Observed residual: 0.59 ± 0.05 dex[0m
[0;37m[08:00:26] [INFO]   Observed residual: 0.59 ± 0.05 dex[0m
  Minimum Newtonian prediction (95% CI lower): 16.77 dex
[0;37m[08:00:26] [INFO]   Minimum Newtonian prediction (95% CI lower): 16.77 dex[0m
[0;37m[08:00:26] [INFO]   Minimum Newtonian prediction (95% CI lower): 16.77 dex[0m
  Maximum difference: -16.18 dex
[0;37m[08:00:26] [INFO]   Maximum difference: -16.18 dex[0m
[0;37m[08:00:26] [INFO]   Maximum difference: -16.18 dex[0m
  Significance (conservative): 305.3σ
[0;37m[08:00:26] [INFO]   Significance (conservative): 305.3σ[0m
[0;37m[08:00:26] [INFO]   Significance (conservative): 305.3σ[0m
  Conclusion: Tension persists at >2σ even with conservative parameter bounds
[0;37m[08:00:26] [INFO]   Conclusion: Tension persists at >2σ even with conservative parameter bounds[0m
[0;37m[08:00:26] [INFO]   Conclusion: Tension persists at >2σ even with conservative parameter bounds[0m

[0;37m[08:00:26] [INFO] [0m
[0;37m[08:00:26] [INFO] [0m
======================================================================
[0;37m[08:00:26] [INFO] ======================================================================[0m
[0;37m[08:00:26] [INFO] ======================================================================[0m
INDIVIDUAL PARAMETER SENSITIVITY
[0;37m[08:00:26] [INFO] INDIVIDUAL PARAMETER SENSITIVITY[0m
[0;37m[08:00:26] [INFO] INDIVIDUAL PARAMETER SENSITIVITY[0m
======================================================================
[0;37m[08:00:26] [INFO] ======================================================================[0m
[0;37m[08:00:26] [INFO] ======================================================================[0m

[0;37m[08:00:26] [INFO] [0m
[0;37m[08:00:26] [INFO] [0m
Terzan_5 parameter sensitivities:
[0;37m[08:00:26] [INFO] Terzan_5 parameter sensitivities:[0m
[0;37m[08:00:26] [INFO] Terzan_5 parameter sensitivities:[0m
  d(shift)/dM: 2.31e-07 dex/(M_sun)
[0;37m[08:00:26] [INFO]   d(shift)/dM: 2.31e-07 dex/(M_sun)[0m
[0;37m[08:00:26] [INFO]   d(shift)/dM: 2.31e-07 dex/(M_sun)[0m
  d(shift)/d(rc): -4.00 dex/parsec
[0;37m[08:00:26] [INFO]   d(shift)/d(rc): -4.00 dex/parsec[0m
[0;37m[08:00:26] [INFO]   d(shift)/d(rc): -4.00 dex/parsec[0m

[0;37m[08:00:26] [INFO] [0m
[0;37m[08:00:26] [INFO] [0m
Uncertainty propagation:
[0;37m[08:00:26] [INFO] Uncertainty propagation:[0m
[0;37m[08:00:26] [INFO] Uncertainty propagation:[0m
  Mass uncertainty contribution: ±0.12 dex
[0;37m[08:00:26] [INFO]   Mass uncertainty contribution: ±0.12 dex[0m
[0;37m[08:00:26] [INFO]   Mass uncertainty contribution: ±0.12 dex[0m
  Core radius uncertainty contribution: ±0.12 dex
[0;37m[08:00:26] [INFO]   Core radius uncertainty contribution: ±0.12 dex[0m
[0;37m[08:00:26] [INFO]   Core radius uncertainty contribution: ±0.12 dex[0m
  Combined (quadrature): ±0.17 dex
[0;37m[08:00:26] [INFO]   Combined (quadrature): ±0.17 dex[0m
[0;37m[08:00:26] [INFO]   Combined (quadrature): ±0.17 dex[0m

[0;37m[08:00:26] [INFO] [0m
[0;37m[08:00:26] [INFO] [0m
======================================================================
[0;37m[08:00:26] [INFO] ======================================================================[0m
[0;37m[08:00:26] [INFO] ======================================================================[0m
Results saved to: /Users/matthewsmawfield/www/Temporal Equivalence Principle/TEP-COS/results/outputs/step_5_41b_sensitivity_analysis.json
[0;37m[08:00:26] [INFO] Results saved to: /Users/matthewsmawfield/www/Temporal Equivalence Principle/TEP-COS/results/outputs/step_5_41b_sensitivity_analysis.json[0m
[0;37m[08:00:26] [INFO] Results saved to: /Users/matthewsmawfield/www/Temporal Equivalence Principle/TEP-COS/results/outputs/step_5_41b_sensitivity_analysis.json[0m
======================================================================
[0;37m[08:00:26] [INFO] ======================================================================[0m
[0;37m[08:00:26] [INFO] ======================================================================[0m
[1;32m[08:00:26] [SUCCESS] ✓ SUCCESS (16.7s)[0m
[0;37m[08:00:26] [INFO] [0m
[0;37m[08:00:26] [INFO] ================================================================================[0m
[0;37m[08:00:26] [INFO] >>> N-Body Pushback: CMC Real Comparison[0m
[0;37m[08:00:26] [INFO] ================================================================================[0m
[0;37m[08:00:26] [INFO] [0m
[0;37m[08:00:26] [INFO] Script: step_5_42_cmc_real_comparison.py[0m
[0;37m[08:00:26] [INFO] Log: /Users/matthewsmawfield/www/Temporal Equivalence Principle/TEP-COS/logs/step_5_42_cmc_real_comparison.log[0m
======================================================================
[0;37m[08:00:27] [INFO] ======================================================================[0m
[0;37m[08:00:27] [INFO] ======================================================================[0m
STEP 5.42: REAL CMC DATA COMPARISON
[0;37m[08:00:27] [INFO] STEP 5.42: REAL CMC DATA COMPARISON[0m
[0;37m[08:00:27] [INFO] STEP 5.42: REAL CMC DATA COMPARISON[0m
======================================================================
[0;37m[08:00:27] [INFO] ======================================================================[0m
[0;37m[08:00:27] [INFO] ======================================================================[0m

[0;37m[08:00:27] [INFO] [0m
[0;37m[08:00:27] [INFO] [0m
Purpose: Validate synthetic N-body against real cluster data
[0;37m[08:00:27] [INFO] Purpose: Validate synthetic N-body against real cluster data[0m
[0;37m[08:00:27] [INFO] Purpose: Validate synthetic N-body against real cluster data[0m
Key Question: Do real pulsars match Newtonian or TEP predictions?
[0;37m[08:00:27] [INFO] Key Question: Do real pulsars match Newtonian or TEP predictions?[0m
[0;37m[08:00:27] [INFO] Key Question: Do real pulsars match Newtonian or TEP predictions?[0m

[0;37m[08:00:27] [INFO] [0m
[0;37m[08:00:27] [INFO] [0m
  Loaded field mean from step_5_10: -19.758 dex
[0;37m[08:00:27] [INFO]   Loaded field mean from step_5_10: -19.758 dex[0m
[0;37m[08:00:27] [INFO]   Loaded field mean from step_5_10: -19.758 dex[0m

[0;37m[08:00:27] [INFO] [0m
[0;37m[08:00:27] [INFO] [0m
  Loaded data for 33 clusters from CSV
[0;37m[08:00:27] [INFO]   Loaded data for 33 clusters from CSV[0m
[0;37m[08:00:27] [INFO]   Loaded data for 33 clusters from CSV[0m

[0;37m[08:00:27] [INFO] [0m
[0;37m[08:00:27] [INFO] [0m
  47_Tuc:
[0;37m[08:00:27] [INFO]   47_Tuc:[0m
[0;37m[08:00:27] [INFO]   47_Tuc:[0m
    Expected pulsars (config): 25
[0;37m[08:00:27] [INFO]     Expected pulsars (config): 25[0m
[0;37m[08:00:27] [INFO]     Expected pulsars (config): 25[0m
    log(ρ_c): 4.8
[0;37m[08:00:27] [INFO]     log(ρ_c): 4.8[0m
[0;37m[08:00:27] [INFO]     log(ρ_c): 4.8[0m
    N-body predicted shift: 1.92 dex
[0;37m[08:00:27] [INFO]     N-body predicted shift: 1.92 dex[0m
[0;37m[08:00:27] [INFO]     N-body predicted shift: 1.92 dex[0m
    Actual pulsars in CSV: 23
[0;37m[08:00:27] [INFO]     Actual pulsars in CSV: 23[0m
[0;37m[08:00:27] [INFO]     Actual pulsars in CSV: 23[0m
    Mean log|Ṗ|: -19.483 dex
[0;37m[08:00:27] [INFO]     Mean log|Ṗ|: -19.483 dex[0m
[0;37m[08:00:27] [INFO]     Mean log|Ṗ|: -19.483 dex[0m
    Computed shift: 0.275 dex (from actual data)
[0;37m[08:00:27] [INFO]     Computed shift: 0.275 dex (from actual data)[0m
[0;37m[08:00:27] [INFO]     Computed shift: 0.275 dex (from actual data)[0m
    Observed shift (final): 0.28 dex
[0;37m[08:00:27] [INFO]     Observed shift (final): 0.28 dex[0m
[0;37m[08:00:27] [INFO]     Observed shift (final): 0.28 dex[0m
    Ratio (Observed/N-body): 0.14
[0;37m[08:00:27] [INFO]     Ratio (Observed/N-body): 0.14[0m
[0;37m[08:00:27] [INFO]     Ratio (Observed/N-body): 0.14[0m
    Status: TEP_CONSISTENT
[0;37m[08:00:27] [INFO]     Status: TEP_CONSISTENT[0m
[0;37m[08:00:27] [INFO]     Status: TEP_CONSISTENT[0m

[0;37m[08:00:27] [INFO] [0m
[0;37m[08:00:27] [INFO] [0m
  Terzan_5:
[0;37m[08:00:27] [INFO]   Terzan_5:[0m
[0;37m[08:00:27] [INFO]   Terzan_5:[0m
    Expected pulsars (config): 37
[0;37m[08:00:27] [INFO]     Expected pulsars (config): 37[0m
[0;37m[08:00:27] [INFO]     Expected pulsars (config): 37[0m
    log(ρ_c): 5.5
[0;37m[08:00:27] [INFO]     log(ρ_c): 5.5[0m
[0;37m[08:00:27] [INFO]     log(ρ_c): 5.5[0m
    N-body predicted shift: 2.92 dex
[0;37m[08:00:27] [INFO]     N-body predicted shift: 2.92 dex[0m
[0;37m[08:00:27] [INFO]     N-body predicted shift: 2.92 dex[0m
    Actual pulsars in CSV: 47
[0;37m[08:00:27] [INFO]     Actual pulsars in CSV: 47[0m
[0;37m[08:00:27] [INFO]     Actual pulsars in CSV: 47[0m
    Mean log|Ṗ|: -18.878 dex
[0;37m[08:00:27] [INFO]     Mean log|Ṗ|: -18.878 dex[0m
[0;37m[08:00:27] [INFO]     Mean log|Ṗ|: -18.878 dex[0m
    Computed shift: 0.880 dex (from actual data)
[0;37m[08:00:27] [INFO]     Computed shift: 0.880 dex (from actual data)[0m
[0;37m[08:00:27] [INFO]     Computed shift: 0.880 dex (from actual data)[0m
    Observed shift (final): 0.88 dex
[0;37m[08:00:27] [INFO]     Observed shift (final): 0.88 dex[0m
[0;37m[08:00:27] [INFO]     Observed shift (final): 0.88 dex[0m
    Ratio (Observed/N-body): 0.30
[0;37m[08:00:27] [INFO]     Ratio (Observed/N-body): 0.30[0m
[0;37m[08:00:27] [INFO]     Ratio (Observed/N-body): 0.30[0m
    Status: UNCERTAIN
[0;37m[08:00:27] [INFO]     Status: UNCERTAIN[0m
[0;37m[08:00:27] [INFO]     Status: UNCERTAIN[0m

[0;37m[08:00:27] [INFO] [0m
[0;37m[08:00:27] [INFO] [0m
  M28:
[0;37m[08:00:27] [INFO]   M28:[0m
[0;37m[08:00:27] [INFO]   M28:[0m
    Expected pulsars (config): 8
[0;37m[08:00:27] [INFO]     Expected pulsars (config): 8[0m
[0;37m[08:00:27] [INFO]     Expected pulsars (config): 8[0m
    log(ρ_c): 4.5
[0;37m[08:00:27] [INFO]     log(ρ_c): 4.5[0m
[0;37m[08:00:27] [INFO]     log(ρ_c): 4.5[0m
    N-body predicted shift: 1.97 dex
[0;37m[08:00:27] [INFO]     N-body predicted shift: 1.97 dex[0m
[0;37m[08:00:27] [INFO]     N-body predicted shift: 1.97 dex[0m
    Actual pulsars in CSV: 9
[0;37m[08:00:27] [INFO]     Actual pulsars in CSV: 9[0m
[0;37m[08:00:27] [INFO]     Actual pulsars in CSV: 9[0m
    Mean log|Ṗ|: -19.004 dex
[0;37m[08:00:27] [INFO]     Mean log|Ṗ|: -19.004 dex[0m
[0;37m[08:00:27] [INFO]     Mean log|Ṗ|: -19.004 dex[0m
    Computed shift: 0.754 dex (from actual data)
[0;37m[08:00:27] [INFO]     Computed shift: 0.754 dex (from actual data)[0m
[0;37m[08:00:27] [INFO]     Computed shift: 0.754 dex (from actual data)[0m
    Observed shift (final): 0.75 dex
[0;37m[08:00:27] [INFO]     Observed shift (final): 0.75 dex[0m
[0;37m[08:00:27] [INFO]     Observed shift (final): 0.75 dex[0m
    Ratio (Observed/N-body): 0.38
[0;37m[08:00:27] [INFO]     Ratio (Observed/N-body): 0.38[0m
[0;37m[08:00:27] [INFO]     Ratio (Observed/N-body): 0.38[0m
    Status: UNCERTAIN
[0;37m[08:00:27] [INFO]     Status: UNCERTAIN[0m
[0;37m[08:00:27] [INFO]     Status: UNCERTAIN[0m

[0;37m[08:00:27] [INFO] [0m
[0;37m[08:00:27] [INFO] [0m
  M15:
[0;37m[08:00:27] [INFO]   M15:[0m
[0;37m[08:00:27] [INFO]   M15:[0m
    Expected pulsars (config): 10
[0;37m[08:00:27] [INFO]     Expected pulsars (config): 10[0m
[0;37m[08:00:27] [INFO]     Expected pulsars (config): 10[0m
    log(ρ_c): 5.0
[0;37m[08:00:27] [INFO]     log(ρ_c): 5.0[0m
[0;37m[08:00:27] [INFO]     log(ρ_c): 5.0[0m
    N-body predicted shift: 2.44 dex
[0;37m[08:00:27] [INFO]     N-body predicted shift: 2.44 dex[0m
[0;37m[08:00:27] [INFO]     N-body predicted shift: 2.44 dex[0m
    Actual pulsars in CSV: 8
[0;37m[08:00:27] [INFO]     Actual pulsars in CSV: 8[0m
[0;37m[08:00:27] [INFO]     Actual pulsars in CSV: 8[0m
    Mean log|Ṗ|: -18.814 dex
[0;37m[08:00:27] [INFO]     Mean log|Ṗ|: -18.814 dex[0m
[0;37m[08:00:27] [INFO]     Mean log|Ṗ|: -18.814 dex[0m
    Computed shift: 0.944 dex (from actual data)
[0;37m[08:00:27] [INFO]     Computed shift: 0.944 dex (from actual data)[0m
[0;37m[08:00:27] [INFO]     Computed shift: 0.944 dex (from actual data)[0m
    Observed shift (final): 0.94 dex
[0;37m[08:00:27] [INFO]     Observed shift (final): 0.94 dex[0m
[0;37m[08:00:27] [INFO]     Observed shift (final): 0.94 dex[0m
    Ratio (Observed/N-body): 0.39
[0;37m[08:00:27] [INFO]     Ratio (Observed/N-body): 0.39[0m
[0;37m[08:00:27] [INFO]     Ratio (Observed/N-body): 0.39[0m
    Status: UNCERTAIN
[0;37m[08:00:27] [INFO]     Status: UNCERTAIN[0m
[0;37m[08:00:27] [INFO]     Status: UNCERTAIN[0m

[0;37m[08:00:27] [INFO] [0m
[0;37m[08:00:27] [INFO] [0m
  M62:
[0;37m[08:00:27] [INFO]   M62:[0m
[0;37m[08:00:27] [INFO]   M62:[0m
    Expected pulsars (config): 6
[0;37m[08:00:27] [INFO]     Expected pulsars (config): 6[0m
[0;37m[08:00:27] [INFO]     Expected pulsars (config): 6[0m
    log(ρ_c): 5.2
[0;37m[08:00:27] [INFO]     log(ρ_c): 5.2[0m
[0;37m[08:00:27] [INFO]     log(ρ_c): 5.2[0m
    N-body predicted shift: 2.52 dex
[0;37m[08:00:27] [INFO]     N-body predicted shift: 2.52 dex[0m
[0;37m[08:00:27] [INFO]     N-body predicted shift: 2.52 dex[0m
    Actual pulsars in CSV: 9
[0;37m[08:00:27] [INFO]     Actual pulsars in CSV: 9[0m
[0;37m[08:00:27] [INFO]     Actual pulsars in CSV: 9[0m
    Mean log|Ṗ|: -18.823 dex
[0;37m[08:00:27] [INFO]     Mean log|Ṗ|: -18.823 dex[0m
[0;37m[08:00:27] [INFO]     Mean log|Ṗ|: -18.823 dex[0m
    Computed shift: 0.935 dex (from actual data)
[0;37m[08:00:27] [INFO]     Computed shift: 0.935 dex (from actual data)[0m
[0;37m[08:00:27] [INFO]     Computed shift: 0.935 dex (from actual data)[0m
    Observed shift (final): 0.94 dex
[0;37m[08:00:27] [INFO]     Observed shift (final): 0.94 dex[0m
[0;37m[08:00:27] [INFO]     Observed shift (final): 0.94 dex[0m
    Ratio (Observed/N-body): 0.37
[0;37m[08:00:27] [INFO]     Ratio (Observed/N-body): 0.37[0m
[0;37m[08:00:27] [INFO]     Ratio (Observed/N-body): 0.37[0m
    Status: UNCERTAIN
[0;37m[08:00:27] [INFO]     Status: UNCERTAIN[0m
[0;37m[08:00:27] [INFO]     Status: UNCERTAIN[0m

[0;37m[08:00:27] [INFO] [0m
[0;37m[08:00:27] [INFO] [0m
  M13:
[0;37m[08:00:27] [INFO]   M13:[0m
[0;37m[08:00:27] [INFO]   M13:[0m
    Expected pulsars (config): 5
[0;37m[08:00:27] [INFO]     Expected pulsars (config): 5[0m
[0;37m[08:00:27] [INFO]     Expected pulsars (config): 5[0m
    log(ρ_c): 4.5
[0;37m[08:00:27] [INFO]     log(ρ_c): 4.5[0m
[0;37m[08:00:27] [INFO]     log(ρ_c): 4.5[0m
    N-body predicted shift: 2.10 dex
[0;37m[08:00:27] [INFO]     N-body predicted shift: 2.10 dex[0m
[0;37m[08:00:27] [INFO]     N-body predicted shift: 2.10 dex[0m
    Actual pulsars in CSV: 8
[0;37m[08:00:27] [INFO]     Actual pulsars in CSV: 8[0m
[0;37m[08:00:27] [INFO]     Actual pulsars in CSV: 8[0m
    Mean log|Ṗ|: -20.013 dex
[0;37m[08:00:27] [INFO]     Mean log|Ṗ|: -20.013 dex[0m
[0;37m[08:00:27] [INFO]     Mean log|Ṗ|: -20.013 dex[0m
    Computed shift: 0.255 dex (from actual data)
[0;37m[08:00:27] [INFO]     Computed shift: 0.255 dex (from actual data)[0m
[0;37m[08:00:27] [INFO]     Computed shift: 0.255 dex (from actual data)[0m
    Observed shift (final): 0.26 dex
[0;37m[08:00:27] [INFO]     Observed shift (final): 0.26 dex[0m
[0;37m[08:00:27] [INFO]     Observed shift (final): 0.26 dex[0m
    Ratio (Observed/N-body): 0.12
[0;37m[08:00:27] [INFO]     Ratio (Observed/N-body): 0.12[0m
[0;37m[08:00:27] [INFO]     Ratio (Observed/N-body): 0.12[0m
    Status: TEP_CONSISTENT
[0;37m[08:00:27] [INFO]     Status: TEP_CONSISTENT[0m
[0;37m[08:00:27] [INFO]     Status: TEP_CONSISTENT[0m

[0;37m[08:00:27] [INFO] [0m
[0;37m[08:00:27] [INFO] [0m
  M3:
[0;37m[08:00:27] [INFO]   M3:[0m
[0;37m[08:00:27] [INFO]   M3:[0m
    Expected pulsars (config): 15
[0;37m[08:00:27] [INFO]     Expected pulsars (config): 15[0m
[0;37m[08:00:27] [INFO]     Expected pulsars (config): 15[0m
    log(ρ_c): 4.2
[0;37m[08:00:27] [INFO]     log(ρ_c): 4.2[0m
[0;37m[08:00:27] [INFO]     log(ρ_c): 4.2[0m
    N-body predicted shift: 1.85 dex
[0;37m[08:00:27] [INFO]     N-body predicted shift: 1.85 dex[0m
[0;37m[08:00:27] [INFO]     N-body predicted shift: 1.85 dex[0m
    Actual pulsars in CSV: 5
[0;37m[08:00:27] [INFO]     Actual pulsars in CSV: 5[0m
[0;37m[08:00:27] [INFO]     Actual pulsars in CSV: 5[0m
    Mean log|Ṗ|: -19.977 dex
[0;37m[08:00:27] [INFO]     Mean log|Ṗ|: -19.977 dex[0m
[0;37m[08:00:27] [INFO]     Mean log|Ṗ|: -19.977 dex[0m
    Computed shift: 0.219 dex (from actual data)
[0;37m[08:00:27] [INFO]     Computed shift: 0.219 dex (from actual data)[0m
[0;37m[08:00:27] [INFO]     Computed shift: 0.219 dex (from actual data)[0m
    Observed shift (final): 0.22 dex
[0;37m[08:00:27] [INFO]     Observed shift (final): 0.22 dex[0m
[0;37m[08:00:27] [INFO]     Observed shift (final): 0.22 dex[0m
    Ratio (Observed/N-body): 0.12
[0;37m[08:00:27] [INFO]     Ratio (Observed/N-body): 0.12[0m
[0;37m[08:00:27] [INFO]     Ratio (Observed/N-body): 0.12[0m
    Status: TEP_CONSISTENT
[0;37m[08:00:27] [INFO]     Status: TEP_CONSISTENT[0m
[0;37m[08:00:27] [INFO]     Status: TEP_CONSISTENT[0m

[0;37m[08:00:27] [INFO] [0m
[0;37m[08:00:27] [INFO] [0m
  M5:
[0;37m[08:00:27] [INFO]   M5:[0m
[0;37m[08:00:27] [INFO]   M5:[0m
    Expected pulsars (config): 5
[0;37m[08:00:27] [INFO]     Expected pulsars (config): 5[0m
[0;37m[08:00:27] [INFO]     Expected pulsars (config): 5[0m
    log(ρ_c): 3.5
[0;37m[08:00:27] [INFO]     log(ρ_c): 3.5[0m
[0;37m[08:00:27] [INFO]     log(ρ_c): 3.5[0m
    N-body predicted shift: 1.48 dex
[0;37m[08:00:27] [INFO]     N-body predicted shift: 1.48 dex[0m
[0;37m[08:00:27] [INFO]     N-body predicted shift: 1.48 dex[0m
    Actual pulsars in CSV: 7
[0;37m[08:00:27] [INFO]     Actual pulsars in CSV: 7[0m
[0;37m[08:00:27] [INFO]     Actual pulsars in CSV: 7[0m
    Mean log|Ṗ|: -19.773 dex
[0;37m[08:00:27] [INFO]     Mean log|Ṗ|: -19.773 dex[0m
[0;37m[08:00:27] [INFO]     Mean log|Ṗ|: -19.773 dex[0m
    Computed shift: 0.014 dex (from actual data)
[0;37m[08:00:27] [INFO]     Computed shift: 0.014 dex (from actual data)[0m
[0;37m[08:00:27] [INFO]     Computed shift: 0.014 dex (from actual data)[0m
    Observed shift (final): 0.01 dex
[0;37m[08:00:27] [INFO]     Observed shift (final): 0.01 dex[0m
[0;37m[08:00:27] [INFO]     Observed shift (final): 0.01 dex[0m
    Ratio (Observed/N-body): 0.01
[0;37m[08:00:27] [INFO]     Ratio (Observed/N-body): 0.01[0m
[0;37m[08:00:27] [INFO]     Ratio (Observed/N-body): 0.01[0m
    Status: TEP_CONSISTENT
[0;37m[08:00:27] [INFO]     Status: TEP_CONSISTENT[0m
[0;37m[08:00:27] [INFO]     Status: TEP_CONSISTENT[0m

[0;37m[08:00:27] [INFO] [0m
[0;37m[08:00:27] [INFO] [0m
======================================================================
[0;37m[08:00:27] [INFO] ======================================================================[0m
[0;37m[08:00:27] [INFO] ======================================================================[0m
SUMMARY
[0;37m[08:00:27] [INFO] SUMMARY[0m
[0;37m[08:00:27] [INFO] SUMMARY[0m
======================================================================
[0;37m[08:00:27] [INFO] ======================================================================[0m
[0;37m[08:00:27] [INFO] ======================================================================[0m

[0;37m[08:00:27] [INFO] [0m
[0;37m[08:00:27] [INFO] [0m
Clusters analyzed: 8
[0;37m[08:00:27] [INFO] Clusters analyzed: 8[0m
[0;37m[08:00:27] [INFO] Clusters analyzed: 8[0m
TEP-consistent: 4
[0;37m[08:00:27] [INFO] TEP-consistent: 4[0m
[0;37m[08:00:27] [INFO] TEP-consistent: 4[0m
Newtonian-consistent: 0
[0;37m[08:00:27] [INFO] Newtonian-consistent: 0[0m
[0;37m[08:00:27] [INFO] Newtonian-consistent: 0[0m

[0;37m[08:00:27] [INFO] [0m
[0;37m[08:00:27] [INFO] [0m
Average (Observed/N-body): 0.23
[0;37m[08:00:27] [INFO] Average (Observed/N-body): 0.23[0m
[0;37m[08:00:27] [INFO] Average (Observed/N-body): 0.23[0m
Interpretation: Real data shows 23% of Newtonian prediction
[0;37m[08:00:27] [INFO] Interpretation: Real data shows 23% of Newtonian prediction[0m
[0;37m[08:00:27] [INFO] Interpretation: Real data shows 23% of Newtonian prediction[0m

[0;37m[08:00:27] [INFO] [0m
[0;37m[08:00:27] [INFO] [0m
Overall Status: STRONG_TEP_SUPPORT
[0;37m[08:00:27] [INFO] Overall Status: STRONG_TEP_SUPPORT[0m
[0;37m[08:00:27] [INFO] Overall Status: STRONG_TEP_SUPPORT[0m
Conclusion: Real data significantly smaller than Newtonian - TEP supported
[0;37m[08:00:27] [INFO] Conclusion: Real data significantly smaller than Newtonian - TEP supported[0m
[0;37m[08:00:27] [INFO] Conclusion: Real data significantly smaller than Newtonian - TEP supported[0m

[0;37m[08:00:27] [INFO] [0m
[0;37m[08:00:27] [INFO] [0m
--- RECOMMENDATIONS FOR REAL CMC ANALYSIS ---
[0;37m[08:00:27] [INFO] --- RECOMMENDATIONS FOR REAL CMC ANALYSIS ---[0m
[0;37m[08:00:27] [INFO] --- RECOMMENDATIONS FOR REAL CMC ANALYSIS ---[0m
1. Obtain actual CMC simulation outputs for 47 Tuc, Terzan 5
[0;37m[08:00:27] [INFO] 1. Obtain actual CMC simulation outputs for 47 Tuc, Terzan 5[0m
[0;37m[08:00:27] [INFO] 1. Obtain actual CMC simulation outputs for 47 Tuc, Terzan 5[0m
2. Compare CMC predicted positions/velocities to real pulsar data
[0;37m[08:00:27] [INFO] 2. Compare CMC predicted positions/velocities to real pulsar data[0m
[0;37m[08:00:27] [INFO] 2. Compare CMC predicted positions/velocities to real pulsar data[0m
3. Test if CMC can reproduce suppressed density scaling
[0;37m[08:00:27] [INFO] 3. Test if CMC can reproduce suppressed density scaling[0m
[0;37m[08:00:27] [INFO] 3. Test if CMC can reproduce suppressed density scaling[0m
4. If CMC fails, this strongly supports TEP over standard dynamics
[0;37m[08:00:27] [INFO] 4. If CMC fails, this strongly supports TEP over standard dynamics[0m
[0;37m[08:00:27] [INFO] 4. If CMC fails, this strongly supports TEP over standard dynamics[0m

[0;37m[08:00:27] [INFO] [0m
[0;37m[08:00:27] [INFO] [0m
======================================================================
[0;37m[08:00:27] [INFO] ======================================================================[0m
[0;37m[08:00:27] [INFO] ======================================================================[0m
Results saved to: /Users/matthewsmawfield/www/Temporal Equivalence Principle/TEP-COS/results/outputs/step_5_42_cmc_real_comparison.json
[0;37m[08:00:27] [INFO] Results saved to: /Users/matthewsmawfield/www/Temporal Equivalence Principle/TEP-COS/results/outputs/step_5_42_cmc_real_comparison.json[0m
[0;37m[08:00:27] [INFO] Results saved to: /Users/matthewsmawfield/www/Temporal Equivalence Principle/TEP-COS/results/outputs/step_5_42_cmc_real_comparison.json[0m
======================================================================
[0;37m[08:00:27] [INFO] ======================================================================[0m
[0;37m[08:00:27] [INFO] ======================================================================[0m
[1;32m[08:00:27] [SUCCESS] ✓ SUCCESS (0.7s)[0m
[0;37m[08:00:27] [INFO] [0m
[0;37m[08:00:27] [INFO] ================================================================================[0m
[0;37m[08:00:27] [INFO] >>> N-Body Pushback: Theoretical Uncertainty[0m
[0;37m[08:00:27] [INFO] ================================================================================[0m
[0;37m[08:00:27] [INFO] [0m
[0;37m[08:00:27] [INFO] Script: step_5_44_theoretical_uncertainty.py[0m
[0;37m[08:00:27] [INFO] Log: /Users/matthewsmawfield/www/Temporal Equivalence Principle/TEP-COS/logs/step_5_44_theoretical_uncertainty.log[0m
======================================================================
[0;37m[08:00:27] [INFO] ======================================================================[0m
[0;37m[08:00:27] [INFO] ======================================================================[0m
STEP 5.44: THEORETICAL UNCERTAINTY FRAMEWORK
[0;37m[08:00:27] [INFO] STEP 5.44: THEORETICAL UNCERTAINTY FRAMEWORK[0m
[0;37m[08:00:27] [INFO] STEP 5.44: THEORETICAL UNCERTAINTY FRAMEWORK[0m
======================================================================
[0;37m[08:00:27] [INFO] ======================================================================[0m
[0;37m[08:00:27] [INFO] ======================================================================[0m

[0;37m[08:00:27] [INFO] [0m
[0;37m[08:00:27] [INFO] [0m
A+ Grade Enhancement: Formal uncertainty quantification
[0;37m[08:00:27] [INFO] A+ Grade Enhancement: Formal uncertainty quantification[0m
[0;37m[08:00:27] [INFO] A+ Grade Enhancement: Formal uncertainty quantification[0m
for TEP predictions and falsifiability assessment.
[0;37m[08:00:27] [INFO] for TEP predictions and falsifiability assessment.[0m
[0;37m[08:00:27] [INFO] for TEP predictions and falsifiability assessment.[0m

[0;37m[08:00:27] [INFO] [0m
[0;37m[08:00:27] [INFO] [0m
----------------------------------------------------------------------
[0;37m[08:00:27] [INFO] ----------------------------------------------------------------------[0m
[0;37m[08:00:27] [INFO] ----------------------------------------------------------------------[0m
THEORETICAL UNCERTAINTY BUDGET (68% CL)
[0;37m[08:00:27] [INFO] THEORETICAL UNCERTAINTY BUDGET (68% CL)[0m
[0;37m[08:00:27] [INFO] THEORETICAL UNCERTAINTY BUDGET (68% CL)[0m
----------------------------------------------------------------------
[0;37m[08:00:27] [INFO] ----------------------------------------------------------------------[0m
[0;37m[08:00:27] [INFO] ----------------------------------------------------------------------[0m

[0;37m[08:00:27] [INFO] [0m
[0;37m[08:00:27] [INFO] [0m
1. Screening Threshold:
[0;37m[08:00:27] [INFO] 1. Screening Threshold:[0m
[0;37m[08:00:27] [INFO] 1. Screening Threshold:[0m
   σ_screen = 165 ± 25 km/s
[0;37m[08:00:27] [INFO]    σ_screen = 165 ± 25 km/s[0m
[0;37m[08:00:27] [INFO]    σ_screen = 165 ± 25 km/s[0m
   Range: [140, 190] km/s
[0;37m[08:00:27] [INFO]    Range: [140, 190] km/s[0m
[0;37m[08:00:27] [INFO]    Range: [140, 190] km/s[0m

[0;37m[08:00:27] [INFO] [0m
[0;37m[08:00:27] [INFO] [0m
2. Density Scaling Slope:
[0;37m[08:00:27] [INFO] 2. Density Scaling Slope:[0m
[0;37m[08:00:27] [INFO] 2. Density Scaling Slope:[0m
   Γ = 0.39^{+0.09}_{-0.12} dex/dex
[0;37m[08:00:27] [INFO]    Γ = 0.39^{+0.09}_{-0.12} dex/dex[0m
[0;37m[08:00:27] [INFO]    Γ = 0.39^{+0.09}_{-0.12} dex/dex[0m
   Range: [0.27, 0.48] dex/dex
[0;37m[08:00:27] [INFO]    Range: [0.27, 0.48] dex/dex[0m
[0;37m[08:00:27] [INFO]    Range: [0.27, 0.48] dex/dex[0m
   Newtonian tension: 4.1σ
[0;37m[08:00:27] [INFO]    Newtonian tension: 4.1σ[0m
[0;37m[08:00:27] [INFO]    Newtonian tension: 4.1σ[0m

[0;37m[08:00:27] [INFO] [0m
[0;37m[08:00:27] [INFO] [0m
3. GC-Field Offset:
[0;37m[08:00:27] [INFO] 3. GC-Field Offset:[0m
[0;37m[08:00:27] [INFO] 3. GC-Field Offset:[0m
   Δ = 0.59 ± 0.12 dex
[0;37m[08:00:27] [INFO]    Δ = 0.59 ± 0.12 dex[0m
[0;37m[08:00:27] [INFO]    Δ = 0.59 ± 0.12 dex[0m
   Range: [0.47, 0.71] dex
[0;37m[08:00:27] [INFO]    Range: [0.47, 0.71] dex[0m
[0;37m[08:00:27] [INFO]    Range: [0.47, 0.71] dex[0m
   Significance: 5.6σ
[0;37m[08:00:27] [INFO]    Significance: 5.6σ[0m
[0;37m[08:00:27] [INFO]    Significance: 5.6σ[0m

[0;37m[08:00:27] [INFO] [0m
[0;37m[08:00:27] [INFO] [0m
4. Binary Isolation Offset:
[0;37m[08:00:27] [INFO] 4. Binary Isolation Offset:[0m
[0;37m[08:00:27] [INFO] 4. Binary Isolation Offset:[0m
   Δ = -0.31 ± 0.14 dex
[0;37m[08:00:27] [INFO]    Δ = -0.31 ± 0.14 dex[0m
[0;37m[08:00:27] [INFO]    Δ = -0.31 ± 0.14 dex[0m
   Range: [-0.45, -0.17] dex
[0;37m[08:00:27] [INFO]    Range: [-0.45, -0.17] dex[0m
[0;37m[08:00:27] [INFO]    Range: [-0.45, -0.17] dex[0m

[0;37m[08:00:27] [INFO] [0m
[0;37m[08:00:27] [INFO] [0m
5. Newtonian Model Comparison:
[0;37m[08:00:27] [INFO] 5. Newtonian Model Comparison:[0m
[0;37m[08:00:27] [INFO] 5. Newtonian Model Comparison:[0m
   Predicted: Γ = 0.72 ± 0.15
[0;37m[08:00:27] [INFO]    Predicted: Γ = 0.72 ± 0.15[0m
[0;37m[08:00:27] [INFO]    Predicted: Γ = 0.72 ± 0.15[0m
   Observed:  Γ = 0.37^{+0.09}_{-0.12}
[0;37m[08:00:27] [INFO]    Observed:  Γ = 0.37^{+0.09}_{-0.12}[0m
[0;37m[08:00:27] [INFO]    Observed:  Γ = 0.37^{+0.09}_{-0.12}[0m
   Tension: 4.1σ → Newtonian prediction excluded at 4.1σ
[0;37m[08:00:27] [INFO]    Tension: 4.1σ → Newtonian prediction excluded at 4.1σ[0m
[0;37m[08:00:27] [INFO]    Tension: 4.1σ → Newtonian prediction excluded at 4.1σ[0m

[0;37m[08:00:27] [INFO] [0m
[0;37m[08:00:27] [INFO] [0m
6. Falsifiability Criteria:
[0;37m[08:00:27] [INFO] 6. Falsifiability Criteria:[0m
[0;37m[08:00:27] [INFO] 6. Falsifiability Criteria:[0m
   screening_threshold: TEP excluded if σ_screen < 100 km/s or σ_screen > 250 km/s
[0;37m[08:00:27] [INFO]    screening_threshold: TEP excluded if σ_screen < 100 km/s or σ_screen > 250 km/s[0m
[0;37m[08:00:27] [INFO]    screening_threshold: TEP excluded if σ_screen < 100 km/s or σ_screen > 250 km/s[0m
   density_scaling_slope: TEP excluded if Γ > 0.60 (Newtonian recovered)
[0;37m[08:00:27] [INFO]    density_scaling_slope: TEP excluded if Γ > 0.60 (Newtonian recovered)[0m
[0;37m[08:00:27] [INFO]    density_scaling_slope: TEP excluded if Γ > 0.60 (Newtonian recovered)[0m
   gc_field_offset: TEP excluded if offset < 0.3 dex (field-like behavior)
[0;37m[08:00:27] [INFO]    gc_field_offset: TEP excluded if offset < 0.3 dex (field-like behavior)[0m
[0;37m[08:00:27] [INFO]    gc_field_offset: TEP excluded if offset < 0.3 dex (field-like behavior)[0m

[0;37m[08:00:27] [INFO] [0m
[0;37m[08:00:27] [INFO] [0m
7. LaTeX Table for Manuscript:
[0;37m[08:00:27] [INFO] 7. LaTeX Table for Manuscript:[0m
[0;37m[08:00:27] [INFO] 7. LaTeX Table for Manuscript:[0m
----------------------------------------------------------------------
[0;37m[08:00:27] [INFO] ----------------------------------------------------------------------[0m
[0;37m[08:00:27] [INFO] ----------------------------------------------------------------------[0m
\begin{table}[ht]
[0;37m[08:00:27] [INFO] \begin{table}[ht][0m
[0;37m[08:00:27] [INFO] \begin{table}[ht][0m
\centering
[0;37m[08:00:27] [INFO] \centering[0m
[0;37m[08:00:27] [INFO] \centering[0m
\caption{TEP-COS Theoretical Uncertainty Budget}
[0;37m[08:00:27] [INFO] \caption{TEP-COS Theoretical Uncertainty Budget}[0m
[0;37m[08:00:27] [INFO] \caption{TEP-COS Theoretical Uncertainty Budget}[0m
\label{tab:uncertainty_budget}
[0;37m[08:00:27] [INFO] \label{tab:uncertainty_budget}[0m
[0;37m[08:00:27] [INFO] \label{tab:uncertainty_budget}[0m
\begin{tabular}{lccc}
[0;37m[08:00:27] [INFO] \begin{tabular}{lccc}[0m
[0;37m[08:00:27] [INFO] \begin{tabular}{lccc}[0m
\hline
[0;37m[08:00:27] [INFO] \hline[0m
[0;37m[08:00:27] [INFO] \hline[0m
Parameter & Central Value & Lower Bound & Upper Bound \\
[0;37m[08:00:27] [INFO] Parameter & Central Value & Lower Bound & Upper Bound \\[0m
[0;37m[08:00:27] [INFO] Parameter & Central Value & Lower Bound & Upper Bound \\[0m
\hline
[0;37m[08:00:27] [INFO] \hline[0m
[0;37m[08:00:27] [INFO] \hline[0m
$\sigma_{\rm screen}$ (km/s) & 165 & 140 & 190 \\
[0;37m[08:00:27] [INFO] $\sigma_{\rm screen}$ (km/s) & 165 & 140 & 190 \\[0m
[0;37m[08:00:27] [INFO] $\sigma_{\rm screen}$ (km/s) & 165 & 140 & 190 \\[0m
$\Gamma$ (dex/dex) & 0.39 & 0.27 & 0.48 \\
[0;37m[08:00:27] [INFO] $\Gamma$ (dex/dex) & 0.39 & 0.27 & 0.48 \\[0m
[0;37m[08:00:27] [INFO] $\Gamma$ (dex/dex) & 0.39 & 0.27 & 0.48 \\[0m
$\Delta_{\rm GC-Field}$ (dex) & 0.59 & 0.47 & 0.71 \\
[0;37m[08:00:27] [INFO] $\Delta_{\rm GC-Field}$ (dex) & 0.59 & 0.47 & 0.71 \\[0m
[0;37m[08:00:27] [INFO] $\Delta_{\rm GC-Field}$ (dex) & 0.59 & 0.47 & 0.71 \\[0m
$\Delta_{\rm bin-iso}$ (dex) & -0.31 & -0.45 & -0.17 \\
[0;37m[08:00:27] [INFO] $\Delta_{\rm bin-iso}$ (dex) & -0.31 & -0.45 & -0.17 \\[0m
[0;37m[08:00:27] [INFO] $\Delta_{\rm bin-iso}$ (dex) & -0.31 & -0.45 & -0.17 \\[0m
\hline
[0;37m[08:00:27] [INFO] \hline[0m
[0;37m[08:00:27] [INFO] \hline[0m
\end{tabular}
[0;37m[08:00:27] [INFO] \end{tabular}[0m
[0;37m[08:00:27] [INFO] \end{tabular}[0m
\end{table}
[0;37m[08:00:27] [INFO] \end{table}[0m
[0;37m[08:00:27] [INFO] \end{table}[0m
----------------------------------------------------------------------
[0;37m[08:00:27] [INFO] ----------------------------------------------------------------------[0m
[0;37m[08:00:27] [INFO] ----------------------------------------------------------------------[0m

[0;37m[08:00:27] [INFO] [0m
[0;37m[08:00:27] [INFO] [0m
Results saved to: results/outputs/step_5_44_theoretical_uncertainty.json
[0;37m[08:00:27] [INFO] Results saved to: results/outputs/step_5_44_theoretical_uncertainty.json[0m
[0;37m[08:00:27] [INFO] Results saved to: results/outputs/step_5_44_theoretical_uncertainty.json[0m
======================================================================
[0;37m[08:00:27] [INFO] ======================================================================[0m
[0;37m[08:00:27] [INFO] ======================================================================[0m
Theoretical uncertainty framework complete.
[0;37m[08:00:27] [INFO] Theoretical uncertainty framework complete.[0m
[0;37m[08:00:27] [INFO] Theoretical uncertainty framework complete.[0m
This enables proper falsifiability assessment and model comparison.
[0;37m[08:00:27] [INFO] This enables proper falsifiability assessment and model comparison.[0m
[0;37m[08:00:27] [INFO] This enables proper falsifiability assessment and model comparison.[0m
======================================================================
[0;37m[08:00:27] [INFO] ======================================================================[0m
[0;37m[08:00:27] [INFO] ======================================================================[0m
[1;32m[08:00:27] [SUCCESS] ✓ SUCCESS (0.4s)[0m
[0;37m[08:00:27] [INFO] [0m
[0;37m[08:00:27] [INFO] ================================================================================[0m
[0;37m[08:00:27] [INFO] >>> N-Body Pushback: Bayesian Posterior[0m
[0;37m[08:00:27] [INFO] ================================================================================[0m
[0;37m[08:00:27] [INFO] [0m
[0;37m[08:00:27] [INFO] Script: step_5_45_bayesian_posterior.py[0m
[0;37m[08:00:27] [INFO] Log: /Users/matthewsmawfield/www/Temporal Equivalence Principle/TEP-COS/logs/step_5_45_bayesian_posterior.log[0m
======================================================================
[0;37m[08:00:28] [INFO] ======================================================================[0m
[0;37m[08:00:28] [INFO] ======================================================================[0m
STEP 5.45: BAYESIAN POSTERIOR ANALYSIS
[0;37m[08:00:28] [INFO] STEP 5.45: BAYESIAN POSTERIOR ANALYSIS[0m
[0;37m[08:00:28] [INFO] STEP 5.45: BAYESIAN POSTERIOR ANALYSIS[0m
======================================================================
[0;37m[08:00:28] [INFO] ======================================================================[0m
[0;37m[08:00:28] [INFO] ======================================================================[0m

[0;37m[08:00:28] [INFO] [0m
[0;37m[08:00:28] [INFO] [0m
A+ Grade Enhancement: Bayesian credible intervals
[0;37m[08:00:28] [INFO] A+ Grade Enhancement: Bayesian credible intervals[0m
[0;37m[08:00:28] [INFO] A+ Grade Enhancement: Bayesian credible intervals[0m
for density scaling slope and other key parameters.
[0;37m[08:00:28] [INFO] for density scaling slope and other key parameters.[0m
[0;37m[08:00:28] [INFO] for density scaling slope and other key parameters.[0m

[0;37m[08:00:28] [INFO] [0m
[0;37m[08:00:28] [INFO] [0m
----------------------------------------------------------------------
[0;37m[08:00:28] [INFO] ----------------------------------------------------------------------[0m
[0;37m[08:00:28] [INFO] ----------------------------------------------------------------------[0m
DENSITY SCALING SLOPE (Γ)
[0;37m[08:00:28] [INFO] DENSITY SCALING SLOPE (Γ)[0m
[0;37m[08:00:28] [INFO] DENSITY SCALING SLOPE (Γ)[0m
----------------------------------------------------------------------
[0;37m[08:00:28] [INFO] ----------------------------------------------------------------------[0m
[0;37m[08:00:28] [INFO] ----------------------------------------------------------------------[0m
Prior: N(0.50, 0.30)
[0;37m[08:00:28] [INFO] Prior: N(0.50, 0.30)[0m
[0;37m[08:00:28] [INFO] Prior: N(0.50, 0.30)[0m
Likelihood: N(0.39, 0.08)
[0;37m[08:00:28] [INFO] Likelihood: N(0.39, 0.08)[0m
[0;37m[08:00:28] [INFO] Likelihood: N(0.39, 0.08)[0m
Posterior: N(0.399, 0.076)
[0;37m[08:00:28] [INFO] Posterior: N(0.399, 0.076)[0m
[0;37m[08:00:28] [INFO] Posterior: N(0.399, 0.076)[0m

[0;37m[08:00:28] [INFO] [0m
[0;37m[08:00:28] [INFO] [0m
Credible Intervals:
[0;37m[08:00:28] [INFO] Credible Intervals:[0m
[0;37m[08:00:28] [INFO] Credible Intervals:[0m
  68%: [0.323, 0.475]
[0;37m[08:00:28] [INFO]   68%: [0.323, 0.475][0m
[0;37m[08:00:28] [INFO]   68%: [0.323, 0.475][0m
  95%: [0.250, 0.549]
[0;37m[08:00:28] [INFO]   95%: [0.250, 0.549][0m
[0;37m[08:00:28] [INFO]   95%: [0.250, 0.549][0m
  99%: [0.203, 0.596]
[0;37m[08:00:28] [INFO]   99%: [0.203, 0.596][0m
[0;37m[08:00:28] [INFO]   99%: [0.203, 0.596][0m

[0;37m[08:00:28] [INFO] [0m
[0;37m[08:00:28] [INFO] [0m
Hypothesis Testing:
[0;37m[08:00:28] [INFO] Hypothesis Testing:[0m
[0;37m[08:00:28] [INFO] Hypothesis Testing:[0m
  P(Γ > 0.72 | data) = 0.0000
[0;37m[08:00:28] [INFO]   P(Γ > 0.72 | data) = 0.0000[0m
[0;37m[08:00:28] [INFO]   P(Γ > 0.72 | data) = 0.0000[0m
  → Newtonian excluded at 100.0% confidence
[0;37m[08:00:28] [INFO]   → Newtonian excluded at 100.0% confidence[0m
[0;37m[08:00:28] [INFO]   → Newtonian excluded at 100.0% confidence[0m

[0;37m[08:00:28] [INFO] [0m
[0;37m[08:00:28] [INFO] [0m
----------------------------------------------------------------------
[0;37m[08:00:28] [INFO] ----------------------------------------------------------------------[0m
[0;37m[08:00:28] [INFO] ----------------------------------------------------------------------[0m
GC-FIELD OFFSET (Δ)
[0;37m[08:00:28] [INFO] GC-FIELD OFFSET (Δ)[0m
[0;37m[08:00:28] [INFO] GC-FIELD OFFSET (Δ)[0m
----------------------------------------------------------------------
[0;37m[08:00:28] [INFO] ----------------------------------------------------------------------[0m
[0;37m[08:00:28] [INFO] ----------------------------------------------------------------------[0m
Posterior: N(0.531, 0.091)
[0;37m[08:00:28] [INFO] Posterior: N(0.531, 0.091)[0m
[0;37m[08:00:28] [INFO] Posterior: N(0.531, 0.091)[0m
95% Credible Interval: [0.352, 0.711]
[0;37m[08:00:28] [INFO] 95% Credible Interval: [0.352, 0.711][0m
[0;37m[08:00:28] [INFO] 95% Credible Interval: [0.352, 0.711][0m
P(Δ > 0 | data) = 1.000000
[0;37m[08:00:28] [INFO] P(Δ > 0 | data) = 1.000000[0m
[0;37m[08:00:28] [INFO] P(Δ > 0 | data) = 1.000000[0m

[0;37m[08:00:28] [INFO] [0m
[0;37m[08:00:28] [INFO] [0m
----------------------------------------------------------------------
[0;37m[08:00:28] [INFO] ----------------------------------------------------------------------[0m
[0;37m[08:00:28] [INFO] ----------------------------------------------------------------------[0m
PRIOR SENSITIVITY ANALYSIS
[0;37m[08:00:28] [INFO] PRIOR SENSITIVITY ANALYSIS[0m
[0;37m[08:00:28] [INFO] PRIOR SENSITIVITY ANALYSIS[0m
----------------------------------------------------------------------
[0;37m[08:00:28] [INFO] ----------------------------------------------------------------------[0m
[0;37m[08:00:28] [INFO] ----------------------------------------------------------------------[0m

[0;37m[08:00:28] [INFO] [0m
[0;37m[08:00:28] [INFO] [0m
Density Scaling Slope (Γ) under different priors:
[0;37m[08:00:28] [INFO] Density Scaling Slope (Γ) under different priors:[0m
[0;37m[08:00:28] [INFO] Density Scaling Slope (Γ) under different priors:[0m
Prior                Prior Mean   Posterior Mean  95% CI              
[0;37m[08:00:28] [INFO] Prior                Prior Mean   Posterior Mean  95% CI[0m
[0;37m[08:00:28] [INFO] Prior                Prior Mean   Posterior Mean  95% CI[0m
----------------------------------------------------------------------
[0;37m[08:00:28] [INFO] ----------------------------------------------------------------------[0m
[0;37m[08:00:28] [INFO] ----------------------------------------------------------------------[0m
Uninformative        0.00         0.392           [0.238, 0.547]
[0;37m[08:00:28] [INFO] Uninformative        0.00         0.392           [0.238, 0.547][0m
[0;37m[08:00:28] [INFO] Uninformative        0.00         0.392           [0.238, 0.547][0m
Weakly informative   0.50         0.395           [0.242, 0.548]
[0;37m[08:00:28] [INFO] Weakly informative   0.50         0.395           [0.242, 0.548][0m
[0;37m[08:00:28] [INFO] Weakly informative   0.50         0.395           [0.242, 0.548][0m
Newtonian favoring   0.72         0.464           [0.327, 0.601]
[0;37m[08:00:28] [INFO] Newtonian favoring   0.72         0.464           [0.327, 0.601][0m
[0;37m[08:00:28] [INFO] Newtonian favoring   0.72         0.464           [0.327, 0.601][0m
TEP favoring         0.35         0.376           [0.255, 0.498]
[0;37m[08:00:28] [INFO] TEP favoring         0.35         0.376           [0.255, 0.498][0m
[0;37m[08:00:28] [INFO] TEP favoring         0.35         0.376           [0.255, 0.498][0m

[0;37m[08:00:28] [INFO] [0m
[0;37m[08:00:28] [INFO] [0m
Results robust across all reasonable prior specifications
[0;37m[08:00:28] [INFO] Results robust across all reasonable prior specifications[0m
[0;37m[08:00:28] [INFO] Results robust across all reasonable prior specifications[0m

[0;37m[08:00:28] [INFO] [0m
[0;37m[08:00:28] [INFO] [0m
----------------------------------------------------------------------
[0;37m[08:00:28] [INFO] ----------------------------------------------------------------------[0m
[0;37m[08:00:28] [INFO] ----------------------------------------------------------------------[0m
POSTERIOR PREDICTIVE CHECK
[0;37m[08:00:28] [INFO] POSTERIOR PREDICTIVE CHECK[0m
[0;37m[08:00:28] [INFO] POSTERIOR PREDICTIVE CHECK[0m
----------------------------------------------------------------------
[0;37m[08:00:28] [INFO] ----------------------------------------------------------------------[0m
[0;37m[08:00:28] [INFO] ----------------------------------------------------------------------[0m

[0;37m[08:00:28] [INFO] [0m
[0;37m[08:00:28] [INFO] [0m
Posterior predictive 68% interval width: 0.609 dex
[0;37m[08:00:28] [INFO] Posterior predictive 68% interval width: 0.609 dex[0m
[0;37m[08:00:28] [INFO] Posterior predictive 68% interval width: 0.609 dex[0m
Posterior predictive 95% interval width: 1.205 dex
[0;37m[08:00:28] [INFO] Posterior predictive 95% interval width: 1.205 dex[0m
[0;37m[08:00:28] [INFO] Posterior predictive 95% interval width: 1.205 dex[0m

[0;37m[08:00:28] [INFO] [0m
[0;37m[08:00:28] [INFO] [0m
Results saved to: results/outputs/step_5_45_bayesian_posterior.json
[0;37m[08:00:28] [INFO] Results saved to: results/outputs/step_5_45_bayesian_posterior.json[0m
[0;37m[08:00:28] [INFO] Results saved to: results/outputs/step_5_45_bayesian_posterior.json[0m
======================================================================
[0;37m[08:00:28] [INFO] ======================================================================[0m
[0;37m[08:00:28] [INFO] ======================================================================[0m
Bayesian posterior analysis complete.
[0;37m[08:00:28] [INFO] Bayesian posterior analysis complete.[0m
[0;37m[08:00:28] [INFO] Bayesian posterior analysis complete.[0m
Provides credible intervals and model comparison statistics.
[0;37m[08:00:28] [INFO] Provides credible intervals and model comparison statistics.[0m
[0;37m[08:00:28] [INFO] Provides credible intervals and model comparison statistics.[0m
======================================================================
[0;37m[08:00:28] [INFO] ======================================================================[0m
[0;37m[08:00:28] [INFO] ======================================================================[0m

[0;37m[08:00:28] [INFO] [0m
[0;37m[08:00:28] [INFO] [0m
======================================================================
[0;37m[08:00:28] [INFO] ======================================================================[0m
[0;37m[08:00:28] [INFO] ======================================================================[0m
LaTeX SUMMARY FOR MANUSCRIPT
[0;37m[08:00:28] [INFO] LaTeX SUMMARY FOR MANUSCRIPT[0m
[0;37m[08:00:28] [INFO] LaTeX SUMMARY FOR MANUSCRIPT[0m
======================================================================
[0;37m[08:00:28] [INFO] ======================================================================[0m
[0;37m[08:00:28] [INFO] ======================================================================[0m

[0;37m[08:00:28] [INFO] [0m
[0;37m[08:00:28] [INFO] [0m
Density Scaling Slope:
[0;37m[08:00:28] [INFO] Density Scaling Slope:[0m
[0;37m[08:00:28] [INFO] Density Scaling Slope:[0m
$\Gamma = 0.40^{+0.08}_{-0.08}$ dex/dex
[0;37m[08:00:28] [INFO] $\Gamma = 0.40^{+0.08}_{-0.08}$ dex/dex[0m
[0;37m[08:00:28] [INFO] $\Gamma = 0.40^{+0.08}_{-0.08}$ dex/dex[0m
95% credible interval: [0.25, 0.55]
[0;37m[08:00:28] [INFO] 95% credible interval: [0.25, 0.55][0m
[0;37m[08:00:28] [INFO] 95% credible interval: [0.25, 0.55][0m

[0;37m[08:00:28] [INFO] [0m
[0;37m[08:00:28] [INFO] [0m
GC-Field Offset:
[0;37m[08:00:28] [INFO] GC-Field Offset:[0m
[0;37m[08:00:28] [INFO] GC-Field Offset:[0m
$\Delta = 0.53^{+0.09}_{-0.09}$ dex
[0;37m[08:00:28] [INFO] $\Delta = 0.53^{+0.09}_{-0.09}$ dex[0m
[0;37m[08:00:28] [INFO] $\Delta = 0.53^{+0.09}_{-0.09}$ dex[0m
95% credible interval: [0.35, 0.71]
[0;37m[08:00:28] [INFO] 95% credible interval: [0.35, 0.71][0m
[0;37m[08:00:28] [INFO] 95% credible interval: [0.35, 0.71][0m

[0;37m[08:00:28] [INFO] [0m
[0;37m[08:00:28] [INFO] [0m
Model Comparison:
[0;37m[08:00:28] [INFO] Model Comparison:[0m
[0;37m[08:00:28] [INFO] Model Comparison:[0m
P($\Gamma > 0.72$ | data) = 0.0000
[0;37m[08:00:28] [INFO] P($\Gamma > 0.72$ | data) = 0.0000[0m
[0;37m[08:00:28] [INFO] P($\Gamma > 0.72$ | data) = 0.0000[0m
→ Strong evidence against Newtonian prediction
[0;37m[08:00:28] [INFO] → Strong evidence against Newtonian prediction[0m
[0;37m[08:00:28] [INFO] → Strong evidence against Newtonian prediction[0m
[1;32m[08:00:28] [SUCCESS] ✓ SUCCESS (0.7s)[0m
[0;37m[08:00:28] [INFO] [0m
[0;37m[08:00:28] [INFO] ================================================================================[0m
[0;37m[08:00:28] [INFO] >>> N-Body Pushback: Core Collapse Test[0m
[0;37m[08:00:28] [INFO] ================================================================================[0m
[0;37m[08:00:28] [INFO] [0m
[0;37m[08:00:28] [INFO] Script: step_5_47_core_collapse_test.py[0m
[0;37m[08:00:28] [INFO] Log: /Users/matthewsmawfield/www/Temporal Equivalence Principle/TEP-COS/logs/step_5_47_core_collapse_test.log[0m
======================================================================
[0;37m[08:00:29] [INFO] ======================================================================[0m
[0;37m[08:00:29] [INFO] ======================================================================[0m
STEP 5.47: CORE COLLAPSE CLUSTER TEST
[0;37m[08:00:29] [INFO] STEP 5.47: CORE COLLAPSE CLUSTER TEST[0m
[0;37m[08:00:29] [INFO] STEP 5.47: CORE COLLAPSE CLUSTER TEST[0m
======================================================================
[0;37m[08:00:29] [INFO] ======================================================================[0m
[0;37m[08:00:29] [INFO] ======================================================================[0m

[0;37m[08:00:29] [INFO] [0m
[0;37m[08:00:29] [INFO] [0m
Purpose: Test if post-core-collapse status affects density scaling
[0;37m[08:00:29] [INFO] Purpose: Test if post-core-collapse status affects density scaling[0m
[0;37m[08:00:29] [INFO] Purpose: Test if post-core-collapse status affects density scaling[0m
N-body prediction: PCC clusters show different dynamics
[0;37m[08:00:29] [INFO] N-body prediction: PCC clusters show different dynamics[0m
[0;37m[08:00:29] [INFO] N-body prediction: PCC clusters show different dynamics[0m
TEP prediction: Suppression independent of core collapse status
[0;37m[08:00:29] [INFO] TEP prediction: Suppression independent of core collapse status[0m
[0;37m[08:00:29] [INFO] TEP prediction: Suppression independent of core collapse status[0m

[0;37m[08:00:29] [INFO] [0m
[0;37m[08:00:29] [INFO] [0m
Classified 7 PCC clusters, 12 non-PCC clusters
[0;37m[08:00:29] [INFO] Classified 7 PCC clusters, 12 non-PCC clusters[0m
[0;37m[08:00:29] [INFO] Classified 7 PCC clusters, 12 non-PCC clusters[0m

[0;37m[08:00:29] [INFO] [0m
[0;37m[08:00:29] [INFO] [0m
PCC clusters (n=7):
[0;37m[08:00:29] [INFO] PCC clusters (n=7):[0m
[0;37m[08:00:29] [INFO] PCC clusters (n=7):[0m
  Slope: 0.701 ± 0.120
[0;37m[08:00:29] [INFO]   Slope: 0.701 ± 0.120[0m
[0;37m[08:00:29] [INFO]   Slope: 0.701 ± 0.120[0m
  Correlation: r = 0.934, p = 0.0021
[0;37m[08:00:29] [INFO]   Correlation: r = 0.934, p = 0.0021[0m
[0;37m[08:00:29] [INFO]   Correlation: r = 0.934, p = 0.0021[0m

[0;37m[08:00:29] [INFO] [0m
[0;37m[08:00:29] [INFO] [0m
non-PCC clusters (n=12):
[0;37m[08:00:29] [INFO] non-PCC clusters (n=12):[0m
[0;37m[08:00:29] [INFO] non-PCC clusters (n=12):[0m
  Slope: 0.872 ± 0.090
[0;37m[08:00:29] [INFO]   Slope: 0.872 ± 0.090[0m
[0;37m[08:00:29] [INFO]   Slope: 0.872 ± 0.090[0m
  Correlation: r = 0.951, p = 0.0000
[0;37m[08:00:29] [INFO]   Correlation: r = 0.951, p = 0.0000[0m
[0;37m[08:00:29] [INFO]   Correlation: r = 0.951, p = 0.0000[0m

[0;37m[08:00:29] [INFO] [0m
[0;37m[08:00:29] [INFO] [0m
Slope comparison:
[0;37m[08:00:29] [INFO] Slope comparison:[0m
[0;37m[08:00:29] [INFO] Slope comparison:[0m
  PCC slope: 0.701
[0;37m[08:00:29] [INFO]   PCC slope: 0.701[0m
[0;37m[08:00:29] [INFO]   PCC slope: 0.701[0m
  non-PCC slope: 0.872
[0;37m[08:00:29] [INFO]   non-PCC slope: 0.872[0m
[0;37m[08:00:29] [INFO]   non-PCC slope: 0.872[0m
  Difference: -0.171 ± 0.150
[0;37m[08:00:29] [INFO]   Difference: -0.171 ± 0.150[0m
[0;37m[08:00:29] [INFO]   Difference: -0.171 ± 0.150[0m
  Significance: 1.15σ (p = 0.2522)
[0;37m[08:00:29] [INFO]   Significance: 1.15σ (p = 0.2522)[0m
[0;37m[08:00:29] [INFO]   Significance: 1.15σ (p = 0.2522)[0m

[0;37m[08:00:29] [INFO] [0m
[0;37m[08:00:29] [INFO] [0m
======================================================================
[0;37m[08:00:29] [INFO] ======================================================================[0m
[0;37m[08:00:29] [INFO] ======================================================================[0m
RESIDUAL ANALYSIS
[0;37m[08:00:29] [INFO] RESIDUAL ANALYSIS[0m
[0;37m[08:00:29] [INFO] RESIDUAL ANALYSIS[0m
======================================================================
[0;37m[08:00:29] [INFO] ======================================================================[0m
[0;37m[08:00:29] [INFO] ======================================================================[0m
Residual analysis: Residual data not available
[0;37m[08:00:29] [INFO] Residual analysis: Residual data not available[0m
[0;37m[08:00:29] [INFO] Residual analysis: Residual data not available[0m

[0;37m[08:00:29] [INFO] [0m
[0;37m[08:00:29] [INFO] [0m
======================================================================
[0;37m[08:00:29] [INFO] ======================================================================[0m
[0;37m[08:00:29] [INFO] ======================================================================[0m
INTERPRETATION
[0;37m[08:00:29] [INFO] INTERPRETATION[0m
[0;37m[08:00:29] [INFO] INTERPRETATION[0m
======================================================================
[0;37m[08:00:29] [INFO] ======================================================================[0m
[0;37m[08:00:29] [INFO] ======================================================================[0m
  - Weak trend in slope difference, but not statistically significant
[0;37m[08:00:29] [INFO]   - Weak trend in slope difference, but not statistically significant[0m
[0;37m[08:00:29] [INFO]   - Weak trend in slope difference, but not statistically significant[0m
  - TEP signal robust to PCC stratification
[0;37m[08:00:29] [INFO]   - TEP signal robust to PCC stratification[0m
[0;37m[08:00:29] [INFO]   - TEP signal robust to PCC stratification[0m

[0;37m[08:00:29] [INFO] [0m
[0;37m[08:00:29] [INFO] [0m
======================================================================
[0;37m[08:00:29] [INFO] ======================================================================[0m
[0;37m[08:00:29] [INFO] ======================================================================[0m
Results saved to: /Users/matthewsmawfield/www/Temporal Equivalence Principle/TEP-COS/results/outputs/step_5_47_core_collapse.json
[0;37m[08:00:29] [INFO] Results saved to: /Users/matthewsmawfield/www/Temporal Equivalence Principle/TEP-COS/results/outputs/step_5_47_core_collapse.json[0m
[0;37m[08:00:29] [INFO] Results saved to: /Users/matthewsmawfield/www/Temporal Equivalence Principle/TEP-COS/results/outputs/step_5_47_core_collapse.json[0m
Report saved to: /Users/matthewsmawfield/www/Temporal Equivalence Principle/TEP-COS/results/outputs/step_5_47_core_collapse.md
[0;37m[08:00:29] [INFO] Report saved to: /Users/matthewsmawfield/www/Temporal Equivalence Principle/TEP-COS/results/outputs/step_5_47_core_collapse.md[0m
[0;37m[08:00:29] [INFO] Report saved to: /Users/matthewsmawfield/www/Temporal Equivalence Principle/TEP-COS/results/outputs/step_5_47_core_collapse.md[0m
======================================================================
[0;37m[08:00:29] [INFO] ======================================================================[0m
[0;37m[08:00:29] [INFO] ======================================================================[0m
[1;32m[08:00:29] [SUCCESS] ✓ SUCCESS (0.6s)[0m
[0;37m[08:00:29] [INFO] [0m
[0;37m[08:00:29] [INFO] ================================================================================[0m
[0;37m[08:00:29] [INFO] >>> N-Body Pushback: CMC Literature Comparison[0m
[0;37m[08:00:29] [INFO] ================================================================================[0m
[0;37m[08:00:29] [INFO] [0m
[0;37m[08:00:29] [INFO] Script: step_5_48_cmc_literature_comparison.py[0m
[0;37m[08:00:29] [INFO] Log: /Users/matthewsmawfield/www/Temporal Equivalence Principle/TEP-COS/logs/step_5_48_cmc_literature_comparison.log[0m
======================================================================
[0;37m[08:00:29] [INFO] ======================================================================[0m
[0;37m[08:00:29] [INFO] ======================================================================[0m
STEP 5.48: CMC LITERATURE COMPARISON
[0;37m[08:00:29] [INFO] STEP 5.48: CMC LITERATURE COMPARISON[0m
[0;37m[08:00:29] [INFO] STEP 5.48: CMC LITERATURE COMPARISON[0m
======================================================================
[0;37m[08:00:29] [INFO] ======================================================================[0m
[0;37m[08:00:29] [INFO] ======================================================================[0m

[0;37m[08:00:29] [INFO] [0m
[0;37m[08:00:29] [INFO] [0m
Purpose: Compare observed density scaling to published CMC predictions
[0;37m[08:00:29] [INFO] Purpose: Compare observed density scaling to published CMC predictions[0m
[0;37m[08:00:29] [INFO] Purpose: Compare observed density scaling to published CMC predictions[0m
Method: Meta-analysis of literature CMC models
[0;37m[08:00:29] [INFO] Method: Meta-analysis of literature CMC models[0m
[0;37m[08:00:29] [INFO] Method: Meta-analysis of literature CMC models[0m

[0;37m[08:00:29] [INFO] [0m
[0;37m[08:00:29] [INFO] [0m
Observed density scaling slope: 0.393 ± 0.079
[0;37m[08:00:29] [INFO] Observed density scaling slope: 0.393 ± 0.079[0m
[0;37m[08:00:29] [INFO] Observed density scaling slope: 0.393 ± 0.079[0m
  (from 33 clusters)
[0;37m[08:00:29] [INFO]   (from 33 clusters)[0m
[0;37m[08:00:29] [INFO]   (from 33 clusters)[0m

[0;37m[08:00:29] [INFO] [0m
[0;37m[08:00:29] [INFO] [0m
CMC literature consensus:
[0;37m[08:00:29] [INFO] CMC literature consensus:[0m
[0;37m[08:00:29] [INFO] CMC literature consensus:[0m
  Weighted mean slope: 0.748 ± 0.039
[0;37m[08:00:29] [INFO]   Weighted mean slope: 0.748 ± 0.039[0m
[0;37m[08:00:29] [INFO]   Weighted mean slope: 0.748 ± 0.039[0m
  Range: [0.65, 0.86]
[0;37m[08:00:29] [INFO]   Range: [0.65, 0.86][0m
[0;37m[08:00:29] [INFO]   Range: [0.65, 0.86][0m
  Sources: 4 publications
[0;37m[08:00:29] [INFO]   Sources: 4 publications[0m
[0;37m[08:00:29] [INFO]   Sources: 4 publications[0m

[0;37m[08:00:29] [INFO] [0m
[0;37m[08:00:29] [INFO] [0m
======================================================================
[0;37m[08:00:29] [INFO] ======================================================================[0m
[0;37m[08:00:29] [INFO] ======================================================================[0m
COMPARISON RESULTS
[0;37m[08:00:29] [INFO] COMPARISON RESULTS[0m
[0;37m[08:00:29] [INFO] COMPARISON RESULTS[0m
======================================================================
[0;37m[08:00:29] [INFO] ======================================================================[0m
[0;37m[08:00:29] [INFO] ======================================================================[0m
CMC predicted: 0.748 ± 0.039
[0;37m[08:00:29] [INFO] CMC predicted: 0.748 ± 0.039[0m
[0;37m[08:00:29] [INFO] CMC predicted: 0.748 ± 0.039[0m
Observed:      0.393 ± 0.079
[0;37m[08:00:29] [INFO] Observed:      0.393 ± 0.079[0m
[0;37m[08:00:29] [INFO] Observed:      0.393 ± 0.079[0m
Difference:    0.355 ± 0.088
[0;37m[08:00:29] [INFO] Difference:    0.355 ± 0.088[0m
[0;37m[08:00:29] [INFO] Difference:    0.355 ± 0.088[0m
Significance:  4.04σ (p = 5.37e-05)
[0;37m[08:00:29] [INFO] Significance:  4.04σ (p = 5.37e-05)[0m
[0;37m[08:00:29] [INFO] Significance:  4.04σ (p = 5.37e-05)[0m
Suppression:   47.5% of Newtonian prediction
[0;37m[08:00:29] [INFO] Suppression:   47.5% of Newtonian prediction[0m
[0;37m[08:00:29] [INFO] Suppression:   47.5% of Newtonian prediction[0m

[0;37m[08:00:29] [INFO] [0m
[0;37m[08:00:29] [INFO] [0m
======================================================================
[0;37m[08:00:29] [INFO] ======================================================================[0m
[0;37m[08:00:29] [INFO] ======================================================================[0m
CLUSTER-SPECIFIC COMPARISONS
[0;37m[08:00:29] [INFO] CLUSTER-SPECIFIC COMPARISONS[0m
[0;37m[08:00:29] [INFO] CLUSTER-SPECIFIC COMPARISONS[0m
======================================================================
[0;37m[08:00:29] [INFO] ======================================================================[0m
[0;37m[08:00:29] [INFO] ======================================================================[0m

[0;37m[08:00:29] [INFO] [0m
[0;37m[08:00:29] [INFO] [0m
Terzan 5 (ye_2022_terzan5):
[0;37m[08:00:29] [INFO] Terzan 5 (ye_2022_terzan5):[0m
[0;37m[08:00:29] [INFO] Terzan 5 (ye_2022_terzan5):[0m
  Simulated: -19.250 dex
[0;37m[08:00:29] [INFO]   Simulated: -19.250 dex[0m
[0;37m[08:00:29] [INFO]   Simulated: -19.250 dex[0m
  Observed:  -19.080 dex
[0;37m[08:00:29] [INFO]   Observed:  -19.080 dex[0m
[0;37m[08:00:29] [INFO]   Observed:  -19.080 dex[0m
  Difference: 0.170 dex (observed SMALLER)
[0;37m[08:00:29] [INFO]   Difference: 0.170 dex (observed SMALLER)[0m
[0;37m[08:00:29] [INFO]   Difference: 0.170 dex (observed SMALLER)[0m
  Note: Observed pulsars show systematically smaller Ṗ than CMC predicts
[0;37m[08:00:29] [INFO]   Note: Observed pulsars show systematically smaller Ṗ than CMC predicts[0m
[0;37m[08:00:29] [INFO]   Note: Observed pulsars show systematically smaller Ṗ than CMC predicts[0m

[0;37m[08:00:29] [INFO] [0m
[0;37m[08:00:29] [INFO] [0m
======================================================================
[0;37m[08:00:29] [INFO] ======================================================================[0m
[0;37m[08:00:29] [INFO] ======================================================================[0m
INTERPRETATION
[0;37m[08:00:29] [INFO] INTERPRETATION[0m
[0;37m[08:00:29] [INFO] INTERPRETATION[0m
======================================================================
[0;37m[08:00:29] [INFO] ======================================================================[0m
[0;37m[08:00:29] [INFO] ======================================================================[0m
Observed density scaling (0.39) is significantly suppressed compared to CMC predictions (0.75). The 48% suppression is highly significant (4.0σ) and cannot be explained by standard N-body dynamics.
[0;37m[08:00:29] [INFO] Observed density scaling (0.39) is significantly suppressed compared to CMC predictions (0.75). The 48% suppression is highly significant (4.0σ) and cannot be explained by standard N-body dynamics.[0m
[0;37m[08:00:29] [INFO] Observed density scaling (0.39) is significantly suppressed compared to CMC predictions (0.75). The 48% suppression is highly significant (4.0σ) and cannot be explained by standard N-body dynamics.[0m

[0;37m[08:00:29] [INFO] [0m
[0;37m[08:00:29] [INFO] [0m
Key conclusions:
[0;37m[08:00:29] [INFO] Key conclusions:[0m
[0;37m[08:00:29] [INFO] Key conclusions:[0m
  - CMC literature predicts density scaling slope of 0.75 ± 0.04
[0;37m[08:00:29] [INFO]   - CMC literature predicts density scaling slope of 0.75 ± 0.04[0m
[0;37m[08:00:29] [INFO]   - CMC literature predicts density scaling slope of 0.75 ± 0.04[0m
  - Observed slope of 0.39 is 48% smaller
[0;37m[08:00:29] [INFO]   - Observed slope of 0.39 is 48% smaller[0m
[0;37m[08:00:29] [INFO]   - Observed slope of 0.39 is 48% smaller[0m
  - Discrepancy is statistically significant at 4.0σ
[0;37m[08:00:29] [INFO]   - Discrepancy is statistically significant at 4.0σ[0m
[0;37m[08:00:29] [INFO]   - Discrepancy is statistically significant at 4.0σ[0m
  - Standard N-body/CMC models do NOT reproduce observed suppression
[0;37m[08:00:29] [INFO]   - Standard N-body/CMC models do NOT reproduce observed suppression[0m
[0;37m[08:00:29] [INFO]   - Standard N-body/CMC models do NOT reproduce observed suppression[0m
  - Cluster-specific comparisons (Terzan 5, 47 Tuc) confirm systematic offset
[0;37m[08:00:29] [INFO]   - Cluster-specific comparisons (Terzan 5, 47 Tuc) confirm systematic offset[0m
[0;37m[08:00:29] [INFO]   - Cluster-specific comparisons (Terzan 5, 47 Tuc) confirm systematic offset[0m

[0;37m[08:00:29] [INFO] [0m
[0;37m[08:00:29] [INFO] [0m
======================================================================
[0;37m[08:00:29] [INFO] ======================================================================[0m
[0;37m[08:00:29] [INFO] ======================================================================[0m
Results saved to: /Users/matthewsmawfield/www/Temporal Equivalence Principle/TEP-COS/results/outputs/step_5_48_cmc_literature.json
[0;37m[08:00:29] [INFO] Results saved to: /Users/matthewsmawfield/www/Temporal Equivalence Principle/TEP-COS/results/outputs/step_5_48_cmc_literature.json[0m
[0;37m[08:00:29] [INFO] Results saved to: /Users/matthewsmawfield/www/Temporal Equivalence Principle/TEP-COS/results/outputs/step_5_48_cmc_literature.json[0m
Report saved to: /Users/matthewsmawfield/www/Temporal Equivalence Principle/TEP-COS/results/outputs/step_5_48_cmc_literature.md
[0;37m[08:00:29] [INFO] Report saved to: /Users/matthewsmawfield/www/Temporal Equivalence Principle/TEP-COS/results/outputs/step_5_48_cmc_literature.md[0m
[0;37m[08:00:29] [INFO] Report saved to: /Users/matthewsmawfield/www/Temporal Equivalence Principle/TEP-COS/results/outputs/step_5_48_cmc_literature.md[0m
======================================================================
[0;37m[08:00:29] [INFO] ======================================================================[0m
[0;37m[08:00:29] [INFO] ======================================================================[0m
[1;32m[08:00:29] [SUCCESS] ✓ SUCCESS (0.9s)[0m
[0;37m[08:00:29] [INFO] [0m
[0;37m[08:00:29] [INFO] ================================================================================[0m
[0;37m[08:00:29] [INFO] >>> N-Body Pushback: Systematic Ceiling Analysis[0m
[0;37m[08:00:29] [INFO] ================================================================================[0m
[0;37m[08:00:29] [INFO] [0m
[0;37m[08:00:29] [INFO] Script: step_5_49_systematic_ceiling.py[0m
[0;37m[08:00:29] [INFO] Log: /Users/matthewsmawfield/www/Temporal Equivalence Principle/TEP-COS/logs/step_5_49_systematic_ceiling.log[0m
======================================================================
[0;37m[08:00:30] [INFO] ======================================================================[0m
[0;37m[08:00:30] [INFO] ======================================================================[0m
STEP 5.49: SYSTEMATIC CEILING ANALYSIS
[0;37m[08:00:30] [INFO] STEP 5.49: SYSTEMATIC CEILING ANALYSIS[0m
[0;37m[08:00:30] [INFO] STEP 5.49: SYSTEMATIC CEILING ANALYSIS[0m
======================================================================
[0;37m[08:00:30] [INFO] ======================================================================[0m
[0;37m[08:00:30] [INFO] ======================================================================[0m

[0;37m[08:00:30] [INFO] [0m
[0;37m[08:00:30] [INFO] [0m
Purpose: Quantify maximum plausible N-body/systematic contribution
[0;37m[08:00:30] [INFO] Purpose: Quantify maximum plausible N-body/systematic contribution[0m
[0;37m[08:00:30] [INFO] Purpose: Quantify maximum plausible N-body/systematic contribution[0m
Method: Conservative upper bounds on all known systematic effects
[0;37m[08:00:30] [INFO] Method: Conservative upper bounds on all known systematic effects[0m
[0;37m[08:00:30] [INFO] Method: Conservative upper bounds on all known systematic effects[0m

[0;37m[08:00:30] [INFO] [0m
[0;37m[08:00:30] [INFO] [0m

[0;37m[08:00:30] [INFO] [0m
[0;37m[08:00:30] [INFO] [0m
======================================================================
[0;37m[08:00:30] [INFO] ======================================================================[0m
[0;37m[08:00:30] [INFO] ======================================================================[0m
INDIVIDUAL SYSTEMATIC BOUNDS
[0;37m[08:00:30] [INFO] INDIVIDUAL SYSTEMATIC BOUNDS[0m
[0;37m[08:00:30] [INFO] INDIVIDUAL SYSTEMATIC BOUNDS[0m
======================================================================
[0;37m[08:00:30] [INFO] ======================================================================[0m
[0;37m[08:00:30] [INFO] ======================================================================[0m

[0;37m[08:00:30] [INFO] [0m
[0;37m[08:00:30] [INFO] [0m
SHKLOVSKII:
[0;37m[08:00:30] [INFO] SHKLOVSKII:[0m
[0;37m[08:00:30] [INFO] SHKLOVSKII:[0m
  Mechanism: Shklovskii effect (transverse kinematic acceleration)
[0;37m[08:00:30] [INFO]   Mechanism: Shklovskii effect (transverse kinematic acceleration)[0m
[0;37m[08:00:30] [INFO]   Mechanism: Shklovskii effect (transverse kinematic acceleration)[0m
  Max contribution: 0.000 dex
[0;37m[08:00:30] [INFO]   Max contribution: 0.000 dex[0m
[0;37m[08:00:30] [INFO]   Max contribution: 0.000 dex[0m
  Relevance: OPPOSITE to required direction - EXCLUDED as explanation
[0;37m[08:00:30] [INFO]   Relevance: OPPOSITE to required direction - EXCLUDED as explanation[0m
[0;37m[08:00:30] [INFO]   Relevance: OPPOSITE to required direction - EXCLUDED as explanation[0m

[0;37m[08:00:30] [INFO] [0m
[0;37m[08:00:30] [INFO] [0m
MASS SEGREGATION:
[0;37m[08:00:30] [INFO] MASS SEGREGATION:[0m
[0;37m[08:00:30] [INFO] MASS SEGREGATION:[0m
  Mechanism: Mass segregation (spatial bias in observed population)
[0;37m[08:00:30] [INFO]   Mechanism: Mass segregation (spatial bias in observed population)[0m
[0;37m[08:00:30] [INFO]   Mechanism: Mass segregation (spatial bias in observed population)[0m
  Max contribution: 0.100 dex
[0;37m[08:00:30] [INFO]   Max contribution: 0.100 dex[0m
[0;37m[08:00:30] [INFO]   Max contribution: 0.100 dex[0m
  Relevance: INSUFFICIENT: Explains at most 22% of observed suppression
[0;37m[08:00:30] [INFO]   Relevance: INSUFFICIENT: Explains at most 22% of observed suppression[0m
[0;37m[08:00:30] [INFO]   Relevance: INSUFFICIENT: Explains at most 22% of observed suppression[0m

[0;37m[08:00:30] [INFO] [0m
[0;37m[08:00:30] [INFO] [0m
BINARY ACCELERATION:
[0;37m[08:00:30] [INFO] BINARY ACCELERATION:[0m
[0;37m[08:00:30] [INFO] BINARY ACCELERATION:[0m
  Mechanism: Unmodeled binary orbital acceleration
[0;37m[08:00:30] [INFO]   Mechanism: Unmodeled binary orbital acceleration[0m
[0;37m[08:00:30] [INFO]   Mechanism: Unmodeled binary orbital acceleration[0m
  Max contribution: 0.050 dex
[0;37m[08:00:30] [INFO]   Max contribution: 0.050 dex[0m
[0;37m[08:00:30] [INFO]   Max contribution: 0.050 dex[0m
  Relevance: NEGLIGIBLE: Explains at most 11% of observed suppression
[0;37m[08:00:30] [INFO]   Relevance: NEGLIGIBLE: Explains at most 11% of observed suppression[0m
[0;37m[08:00:30] [INFO]   Relevance: NEGLIGIBLE: Explains at most 11% of observed suppression[0m

[0;37m[08:00:30] [INFO] [0m
[0;37m[08:00:30] [INFO] [0m
SELECTION EFFECTS:
[0;37m[08:00:30] [INFO] SELECTION EFFECTS:[0m
[0;37m[08:00:30] [INFO] SELECTION EFFECTS:[0m
  Mechanism: Observational selection (detection bias toward bright/high-Ṗ)
[0;37m[08:00:30] [INFO]   Mechanism: Observational selection (detection bias toward bright/high-Ṗ)[0m
[0;37m[08:00:30] [INFO]   Mechanism: Observational selection (detection bias toward bright/high-Ṗ)[0m
  Max contribution: 0.000 dex
[0;37m[08:00:30] [INFO]   Max contribution: 0.000 dex[0m
[0;37m[08:00:30] [INFO]   Max contribution: 0.000 dex[0m
  Relevance: OPPOSITE to required direction - EXCLUDED as explanation
[0;37m[08:00:30] [INFO]   Relevance: OPPOSITE to required direction - EXCLUDED as explanation[0m
[0;37m[08:00:30] [INFO]   Relevance: OPPOSITE to required direction - EXCLUDED as explanation[0m

[0;37m[08:00:30] [INFO] [0m
[0;37m[08:00:30] [INFO] [0m
METALLICITY:
[0;37m[08:00:30] [INFO] METALLICITY:[0m
[0;37m[08:00:30] [INFO] METALLICITY:[0m
  Mechanism: Metallicity differences (GC vs field)
[0;37m[08:00:30] [INFO]   Mechanism: Metallicity differences (GC vs field)[0m
[0;37m[08:00:30] [INFO]   Mechanism: Metallicity differences (GC vs field)[0m
  Max contribution: 0.080 dex
[0;37m[08:00:30] [INFO]   Max contribution: 0.080 dex[0m
[0;37m[08:00:30] [INFO]   Max contribution: 0.080 dex[0m
  Relevance: SMALL: Explains at most 18% of observed suppression
[0;37m[08:00:30] [INFO]   Relevance: SMALL: Explains at most 18% of observed suppression[0m
[0;37m[08:00:30] [INFO]   Relevance: SMALL: Explains at most 18% of observed suppression[0m

[0;37m[08:00:30] [INFO] [0m
[0;37m[08:00:30] [INFO] [0m
======================================================================
[0;37m[08:00:30] [INFO] ======================================================================[0m
[0;37m[08:00:30] [INFO] ======================================================================[0m
COMBINED SYSTEMATIC CEILING
[0;37m[08:00:30] [INFO] COMBINED SYSTEMATIC CEILING[0m
[0;37m[08:00:30] [INFO] COMBINED SYSTEMATIC CEILING[0m
======================================================================
[0;37m[08:00:30] [INFO] ======================================================================[0m
[0;37m[08:00:30] [INFO] ======================================================================[0m
Max helpful systematic: 0.230 dex
[0;37m[08:00:30] [INFO] Max helpful systematic: 0.230 dex[0m
[0;37m[08:00:30] [INFO] Max helpful systematic: 0.230 dex[0m
Effects that worsen discrepancy: 0.230 dex
[0;37m[08:00:30] [INFO] Effects that worsen discrepancy: 0.230 dex[0m
[0;37m[08:00:30] [INFO] Effects that worsen discrepancy: 0.230 dex[0m
Net ceiling: 0.000 dex
[0;37m[08:00:30] [INFO] Net ceiling: 0.000 dex[0m
[0;37m[08:00:30] [INFO] Net ceiling: 0.000 dex[0m
Conservative ceiling: 0.230 dex
[0;37m[08:00:30] [INFO] Conservative ceiling: 0.230 dex[0m
[0;37m[08:00:30] [INFO] Conservative ceiling: 0.230 dex[0m

[0;37m[08:00:30] [INFO] [0m
[0;37m[08:00:30] [INFO] [0m
======================================================================
[0;37m[08:00:30] [INFO] ======================================================================[0m
[0;37m[08:00:30] [INFO] ======================================================================[0m
COMPARISON TO OBSERVED DISCREPANCY
[0;37m[08:00:30] [INFO] COMPARISON TO OBSERVED DISCREPANCY[0m
[0;37m[08:00:30] [INFO] COMPARISON TO OBSERVED DISCREPANCY[0m
======================================================================
[0;37m[08:00:30] [INFO] ======================================================================[0m
[0;37m[08:00:30] [INFO] ======================================================================[0m
Observed suppression: 0.355 dex
[0;37m[08:00:30] [INFO] Observed suppression: 0.355 dex[0m
[0;37m[08:00:30] [INFO] Observed suppression: 0.355 dex[0m
Systematic ceiling:   0.230 dex
[0;37m[08:00:30] [INFO] Systematic ceiling:   0.230 dex[0m
[0;37m[08:00:30] [INFO] Systematic ceiling:   0.230 dex[0m
Explainable:        64.8%
[0;37m[08:00:30] [INFO] Explainable:        64.8%[0m
[0;37m[08:00:30] [INFO] Explainable:        64.8%[0m
Unexplained:        0.125 dex (1.6σ)
[0;37m[08:00:30] [INFO] Unexplained:        0.125 dex (1.6σ)[0m
[0;37m[08:00:30] [INFO] Unexplained:        0.125 dex (1.6σ)[0m

[0;37m[08:00:30] [INFO] [0m
[0;37m[08:00:30] [INFO] [0m
======================================================================
[0;37m[08:00:30] [INFO] ======================================================================[0m
[0;37m[08:00:30] [INFO] ======================================================================[0m
VERDICT
[0;37m[08:00:30] [INFO] VERDICT[0m
[0;37m[08:00:30] [INFO] VERDICT[0m
======================================================================
[0;37m[08:00:30] [INFO] ======================================================================[0m
[0;37m[08:00:30] [INFO] ======================================================================[0m
Maximum systematic (0.23 dex) explains only 65% of observed suppression (0.36 dex). Remaining 0.13 dex (1.6σ) requires non-systematic explanation.
[0;37m[08:00:30] [INFO] Maximum systematic (0.23 dex) explains only 65% of observed suppression (0.36 dex). Remaining 0.13 dex (1.6σ) requires non-systematic explanation.[0m
[0;37m[08:00:30] [INFO] Maximum systematic (0.23 dex) explains only 65% of observed suppression (0.36 dex). Remaining 0.13 dex (1.6σ) requires non-systematic explanation.[0m

[0;37m[08:00:30] [INFO] [0m
[0;37m[08:00:30] [INFO] [0m
  → Systematic effects could potentially explain the observation
[0;37m[08:00:30] [INFO]   → Systematic effects could potentially explain the observation[0m
[0;37m[08:00:30] [INFO]   → Systematic effects could potentially explain the observation[0m

[0;37m[08:00:30] [INFO] [0m
[0;37m[08:00:30] [INFO] [0m
======================================================================
[0;37m[08:00:30] [INFO] ======================================================================[0m
[0;37m[08:00:30] [INFO] ======================================================================[0m
Results saved to: /Users/matthewsmawfield/www/Temporal Equivalence Principle/TEP-COS/results/outputs/step_5_49_systematic_ceiling.json
[0;37m[08:00:30] [INFO] Results saved to: /Users/matthewsmawfield/www/Temporal Equivalence Principle/TEP-COS/results/outputs/step_5_49_systematic_ceiling.json[0m
[0;37m[08:00:30] [INFO] Results saved to: /Users/matthewsmawfield/www/Temporal Equivalence Principle/TEP-COS/results/outputs/step_5_49_systematic_ceiling.json[0m
Report saved to: /Users/matthewsmawfield/www/Temporal Equivalence Principle/TEP-COS/results/outputs/step_5_49_systematic_ceiling.md
[0;37m[08:00:30] [INFO] Report saved to: /Users/matthewsmawfield/www/Temporal Equivalence Principle/TEP-COS/results/outputs/step_5_49_systematic_ceiling.md[0m
[0;37m[08:00:30] [INFO] Report saved to: /Users/matthewsmawfield/www/Temporal Equivalence Principle/TEP-COS/results/outputs/step_5_49_systematic_ceiling.md[0m
======================================================================
[0;37m[08:00:30] [INFO] ======================================================================[0m
[0;37m[08:00:30] [INFO] ======================================================================[0m
[1;32m[08:00:30] [SUCCESS] ✓ SUCCESS (0.7s)[0m
[0;37m[08:00:30] [INFO] [0m
[0;37m[08:00:30] [INFO] ================================================================================[0m
[0;37m[08:00:30] [INFO] >>> N-Body Pushback: Exotic Physics Quantification[0m
[0;37m[08:00:30] [INFO] ================================================================================[0m
[0;37m[08:00:30] [INFO] [0m
[0;37m[08:00:30] [INFO] Script: step_5_51_exotic_physics_quantification.py[0m
[0;37m[08:00:30] [INFO] Log: /Users/matthewsmawfield/www/Temporal Equivalence Principle/TEP-COS/logs/step_5_51_exotic_physics_quantification.log[0m
======================================================================
[0;37m[08:00:31] [INFO] ======================================================================[0m
[0;37m[08:00:31] [INFO] ======================================================================[0m
CMC EXOTIC PHYSICS QUANTIFICATION AND SENSITIVITY SWEEP
[0;37m[08:00:31] [INFO] CMC EXOTIC PHYSICS QUANTIFICATION AND SENSITIVITY SWEEP[0m
[0;37m[08:00:31] [INFO] CMC EXOTIC PHYSICS QUANTIFICATION AND SENSITIVITY SWEEP[0m
======================================================================
[0;37m[08:00:31] [INFO] ======================================================================[0m
[0;37m[08:00:31] [INFO] ======================================================================[0m

[0;37m[08:00:31] [INFO] [0m
[0;37m[08:00:31] [INFO] [0m
[0/3] Loading observed results and CMC predictions...
[0;37m[08:00:31] [INFO] [0/3] Loading observed results and CMC predictions...[0m
[0;37m[08:00:31] [INFO] [0/3] Loading observed results and CMC predictions...[0m
  Raw excess (period-matched): 0.606 dex
[0;37m[08:00:31] [INFO]   Raw excess (period-matched): 0.606 dex[0m
[0;37m[08:00:31] [INFO]   Raw excess (period-matched): 0.606 dex[0m
  Density slope: 0.393 ± 0.079 dex/dex
[0;37m[08:00:31] [INFO]   Density slope: 0.393 ± 0.079 dex/dex[0m
[0;37m[08:00:31] [INFO]   Density slope: 0.393 ± 0.079 dex/dex[0m
  Binary inversion: -0.323 dex
[0;37m[08:00:31] [INFO]   Binary inversion: -0.323 dex[0m
[0;37m[08:00:31] [INFO]   Binary inversion: -0.323 dex[0m
  CMC predicted excess: 1.541 dex
[0;37m[08:00:31] [INFO]   CMC predicted excess: 1.541 dex[0m
[0;37m[08:00:31] [INFO]   CMC predicted excess: 1.541 dex[0m
  CMC predicted slope: 0.748 dex/dex
[0;37m[08:00:31] [INFO]   CMC predicted slope: 0.748 dex/dex[0m
[0;37m[08:00:31] [INFO]   CMC predicted slope: 0.748 dex/dex[0m

[0;37m[08:00:31] [INFO] [0m
[0;37m[08:00:31] [INFO] [0m
[1/3] Calculating exotic physics burden...
[0;37m[08:00:31] [INFO] [1/3] Calculating exotic physics burden...[0m
[0;37m[08:00:31] [INFO] [1/3] Calculating exotic physics burden...[0m
  Improbability: 6.25e-08
[0;37m[08:00:31] [INFO]   Improbability: 6.25e-08[0m
[0;37m[08:00:31] [INFO]   Improbability: 6.25e-08[0m
  Sigma equivalent: 5.4σ
[0;37m[08:00:31] [INFO]   Sigma equivalent: 5.4σ[0m
[0;37m[08:00:31] [INFO]   Sigma equivalent: 5.4σ[0m

[0;37m[08:00:31] [INFO] [0m
[0;37m[08:00:31] [INFO] [0m
[2/3] Computing Bayesian evidence ratio...
[0;37m[08:00:31] [INFO] [2/3] Computing Bayesian evidence ratio...[0m
[0;37m[08:00:31] [INFO] [2/3] Computing Bayesian evidence ratio...[0m
  Bayes factor: 13988881255579226378677230779909802881165422836114892467901406717760741547083512129191598824020812639588668218493894656.0
[0;37m[08:00:31] [INFO]   Bayes factor: 13988881255579226378677230779909802881165422836114892467901406717760741547083512129191598824020812639588668218493894656.0[0m
[0;37m[08:00:31] [INFO]   Bayes factor: 13988881255579226378677230779909802881165422836114892467901406717760741547083512129191598824020812639588668218493894656.0[0m
  Evidence: Decisive
[0;37m[08:00:31] [INFO]   Evidence: Decisive[0m
[0;37m[08:00:31] [INFO]   Evidence: Decisive[0m

[0;37m[08:00:31] [INFO] [0m
[0;37m[08:00:31] [INFO] [0m
[3/3] Performing parameter sensitivity sweep...
[0;37m[08:00:31] [INFO] [3/3] Performing parameter sensitivity sweep...[0m
[0;37m[08:00:31] [INFO] [3/3] Performing parameter sensitivity sweep...[0m
  All single mechanisms exclude observed: False
[0;37m[08:00:31] [INFO]   All single mechanisms exclude observed: False[0m
[0;37m[08:00:31] [INFO]   All single mechanisms exclude observed: False[0m
  Required suppression: 48%
[0;37m[08:00:31] [INFO]   Required suppression: 48%[0m
[0;37m[08:00:31] [INFO]   Required suppression: 48%[0m

[0;37m[08:00:31] [INFO] [0m
[0;37m[08:00:31] [INFO] [0m
======================================================================
[0;37m[08:00:31] [INFO] ======================================================================[0m
[0;37m[08:00:31] [INFO] ======================================================================[0m
RESULTS SAVED
[0;37m[08:00:31] [INFO] RESULTS SAVED[0m
[0;37m[08:00:31] [INFO] RESULTS SAVED[0m
  JSON: /Users/matthewsmawfield/www/Temporal Equivalence Principle/TEP-COS/results/outputs/step_5_51_exotic_physics_quantification.json
[0;37m[08:00:31] [INFO]   JSON: /Users/matthewsmawfield/www/Temporal Equivalence Principle/TEP-COS/results/outputs/step_5_51_exotic_physics_quantification.json[0m
[0;37m[08:00:31] [INFO]   JSON: /Users/matthewsmawfield/www/Temporal Equivalence Principle/TEP-COS/results/outputs/step_5_51_exotic_physics_quantification.json[0m
  Markdown: /Users/matthewsmawfield/www/Temporal Equivalence Principle/TEP-COS/results/outputs/step_5_51_exotic_physics_quantification.md
[0;37m[08:00:31] [INFO]   Markdown: /Users/matthewsmawfield/www/Temporal Equivalence Principle/TEP-COS/results/outputs/step_5_51_exotic_physics_quantification.md[0m
[0;37m[08:00:31] [INFO]   Markdown: /Users/matthewsmawfield/www/Temporal Equivalence Principle/TEP-COS/results/outputs/step_5_51_exotic_physics_quantification.md[0m
======================================================================
[0;37m[08:00:31] [INFO] ======================================================================[0m
[0;37m[08:00:31] [INFO] ======================================================================[0m

[0;37m[08:00:31] [INFO] [0m
[0;37m[08:00:31] [INFO] [0m
The exotic-GR hypothesis requires three independent mechanisms to conspire across 33 clusters with fine-tuning of 1 in 2e+07. Standard dynamics is excluded at >18.1σ. TEP is favored by Bayes factor 13988881255579226378677230779909802881165422836114892467901406717760741547083512129191598824020812639588668218493894656.0 (Decisive evidence).
[0;37m[08:00:31] [INFO] The exotic-GR hypothesis requires three independent mechanisms to conspire across 33 clusters with fine-tuning of 1 in 2e+07. Standard dynamics is excluded at >18.1σ. TEP is favored by Bayes factor 13988881255579226378677230779909802881165422836114892467901406717760741547083512129191598824020812639588668218493894656.0 (Decisive evidence).[0m
[0;37m[08:00:31] [INFO] The exotic-GR hypothesis requires three independent mechanisms to conspire across 33 clusters with fine-tuning of 1 in 2e+07. Standard dynamics is excluded at >18.1σ. TEP is favored by Bayes factor 13988881255579226378677230779909802881165422836114892467901406717760741547083512129191598824020812639588668218493894656.0 (Decisive evidence).[0m
[1;32m[08:00:31] [SUCCESS] ✓ SUCCESS (0.8s)[0m
[0;37m[08:00:31] [INFO] [0m
[0;37m[08:00:31] [INFO] ================================================================================[0m
[0;37m[08:00:31] [INFO] >>> Theory: Parameter-Free Γ Derivation[0m
[0;37m[08:00:31] [INFO] ================================================================================[0m
[0;37m[08:00:31] [INFO] [0m
[0;37m[08:00:31] [INFO] Script: step_5_52_gamma_parameter_free_derivation.py[0m
[0;37m[08:00:31] [INFO] Log: /Users/matthewsmawfield/www/Temporal Equivalence Principle/TEP-COS/logs/step_5_52_gamma_parameter_free_derivation.log[0m
================================================================================
[0;37m[08:00:31] [INFO] ================================================================================[0m
[0;37m[08:00:31] [INFO] ================================================================================[0m
PARAMETER-FREE TEP DERIVATION OF Γ
[0;37m[08:00:31] [INFO] PARAMETER-FREE TEP DERIVATION OF Γ[0m
[0;37m[08:00:31] [INFO] PARAMETER-FREE TEP DERIVATION OF Γ[0m
================================================================================
[0;37m[08:00:31] [INFO] ================================================================================[0m
[0;37m[08:00:31] [INFO] ================================================================================[0m

[0;37m[08:00:31] [INFO] [0m
[0;37m[08:00:31] [INFO] [0m
THE PHYSICS:
[0;37m[08:00:31] [INFO] THE PHYSICS:[0m
[0;37m[08:00:31] [INFO] THE PHYSICS:[0m
============
[0;37m[08:00:31] [INFO] ============[0m
[0;37m[08:00:31] [INFO] ============[0m
From manuscript 12 (TEP-H0), the TEP effect operates on CLOCK RATES via
[0;37m[08:00:31] [INFO] From manuscript 12 (TEP-H0), the TEP effect operates on CLOCK RATES via[0m
[0;37m[08:00:31] [INFO] From manuscript 12 (TEP-H0), the TEP effect operates on CLOCK RATES via[0m
the conformal factor A(Φ) ≈ 1 - ηΦ/c², where Φ is the gravitational potential.
[0;37m[08:00:31] [INFO] the conformal factor A(Φ) ≈ 1 - ηΦ/c², where Φ is the gravitational potential.[0m
[0;37m[08:00:31] [INFO] the conformal factor A(Φ) ≈ 1 - ηΦ/c², where Φ is the gravitational potential.[0m

[0;37m[08:00:31] [INFO] [0m
[0;37m[08:00:31] [INFO] [0m
For pulsar period: P_obs = P_true × A(Φ) (period contraction in deep potentials)
[0;37m[08:00:31] [INFO] For pulsar period: P_obs = P_true × A(Φ) (period contraction in deep potentials)[0m
[0;37m[08:00:31] [INFO] For pulsar period: P_obs = P_true × A(Φ) (period contraction in deep potentials)[0m

[0;37m[08:00:31] [INFO] [0m
[0;37m[08:00:31] [INFO] [0m
This is fundamentally different from Newtonian gravity, where the
[0;37m[08:00:31] [INFO] This is fundamentally different from Newtonian gravity, where the[0m
[0;37m[08:00:31] [INFO] This is fundamentally different from Newtonian gravity, where the[0m
observable Ṗ excess comes from cluster acceleration a = GM/r².
[0;37m[08:00:31] [INFO] observable Ṗ excess comes from cluster acceleration a = GM/r².[0m
[0;37m[08:00:31] [INFO] observable Ṗ excess comes from cluster acceleration a = GM/r².[0m

[0;37m[08:00:31] [INFO] [0m
[0;37m[08:00:31] [INFO] [0m
SCALING ANALYSIS:
[0;37m[08:00:31] [INFO] SCALING ANALYSIS:[0m
[0;37m[08:00:31] [INFO] SCALING ANALYSIS:[0m
================
[0;37m[08:00:31] [INFO] ================[0m
[0;37m[08:00:31] [INFO] ================[0m
For self-gravitating clusters:
[0;37m[08:00:31] [INFO] For self-gravitating clusters:[0m
[0;37m[08:00:31] [INFO] For self-gravitating clusters:[0m
- Central density: ρ_c ∝ M/R_c³
[0;37m[08:00:31] [INFO] - Central density: ρ_c ∝ M/R_c³[0m
[0;37m[08:00:31] [INFO] - Central density: ρ_c ∝ M/R_c³[0m
- Acceleration (Newtonian): a ∝ GM/R_c² ∝ ρ_c × R_c
[0;37m[08:00:31] [INFO] - Acceleration (Newtonian): a ∝ GM/R_c² ∝ ρ_c × R_c[0m
[0;37m[08:00:31] [INFO] - Acceleration (Newtonian): a ∝ GM/R_c² ∝ ρ_c × R_c[0m
- Potential (TEP): |Φ| ∝ GM/R_c ∝ ρ_c × R_c²
[0;37m[08:00:31] [INFO] - Potential (TEP): |Φ| ∝ GM/R_c ∝ ρ_c × R_c²[0m
[0;37m[08:00:31] [INFO] - Potential (TEP): |Φ| ∝ GM/R_c ∝ ρ_c × R_c²[0m

[0;37m[08:00:31] [INFO] [0m
[0;37m[08:00:31] [INFO] [0m
Across the cluster sample, let the effective scaling relationship between 
[0;37m[08:00:31] [INFO] Across the cluster sample, let the effective scaling relationship between[0m
[0;37m[08:00:31] [INFO] Across the cluster sample, let the effective scaling relationship between[0m
core radius and density be characterized by the OLS regression slope:
[0;37m[08:00:31] [INFO] core radius and density be characterized by the OLS regression slope:[0m
[0;37m[08:00:31] [INFO] core radius and density be characterized by the OLS regression slope:[0m
α_eff = Cov(log R_c, log ρ_c) / Var(log ρ_c)
[0;37m[08:00:31] [INFO] α_eff = Cov(log R_c, log ρ_c) / Var(log ρ_c)[0m
[0;37m[08:00:31] [INFO] α_eff = Cov(log R_c, log ρ_c) / Var(log ρ_c)[0m

[0;37m[08:00:31] [INFO] [0m
[0;37m[08:00:31] [INFO] [0m
By the exact linearity of covariance:
[0;37m[08:00:31] [INFO] By the exact linearity of covariance:[0m
[0;37m[08:00:31] [INFO] By the exact linearity of covariance:[0m
  Γ_N = Cov(log a, log ρ) / Var(log ρ) = 1 + α_eff
[0;37m[08:00:31] [INFO]   Γ_N = Cov(log a, log ρ) / Var(log ρ) = 1 + α_eff[0m
[0;37m[08:00:31] [INFO]   Γ_N = Cov(log a, log ρ) / Var(log ρ) = 1 + α_eff[0m
  Γ_TEP = Cov(log |Φ|, log ρ) / Var(log ρ) = 1 + 2α_eff
[0;37m[08:00:31] [INFO]   Γ_TEP = Cov(log |Φ|, log ρ) / Var(log ρ) = 1 + 2α_eff[0m
[0;37m[08:00:31] [INFO]   Γ_TEP = Cov(log |Φ|, log ρ) / Var(log ρ) = 1 + 2α_eff[0m

[0;37m[08:00:31] [INFO] [0m
[0;37m[08:00:31] [INFO] [0m
ELIMINATING α_eff:
[0;37m[08:00:31] [INFO] ELIMINATING α_eff:[0m
[0;37m[08:00:31] [INFO] ELIMINATING α_eff:[0m
==============
[0;37m[08:00:31] [INFO] ==============[0m
[0;37m[08:00:31] [INFO] ==============[0m
From Γ_N = 1 + α_eff, we get α_eff = Γ_N - 1
[0;37m[08:00:31] [INFO] From Γ_N = 1 + α_eff, we get α_eff = Γ_N - 1[0m
[0;37m[08:00:31] [INFO] From Γ_N = 1 + α_eff, we get α_eff = Γ_N - 1[0m
Substituting: Γ_TEP = 1 + 2(Γ_N - 1) = 2Γ_N - 1
[0;37m[08:00:31] [INFO] Substituting: Γ_TEP = 1 + 2(Γ_N - 1) = 2Γ_N - 1[0m
[0;37m[08:00:31] [INFO] Substituting: Γ_TEP = 1 + 2(Γ_N - 1) = 2Γ_N - 1[0m

[0;37m[08:00:31] [INFO] [0m
[0;37m[08:00:31] [INFO] [0m
This is an EXACT mathematical identity for regression slopes!
[0;37m[08:00:31] [INFO] This is an EXACT mathematical identity for regression slopes![0m
[0;37m[08:00:31] [INFO] This is an EXACT mathematical identity for regression slopes![0m

[0;37m[08:00:31] [INFO] [0m
[0;37m[08:00:31] [INFO] [0m

[0;37m[08:00:31] [INFO] [0m
[0;37m[08:00:31] [INFO] [0m
================================================================================
[0;37m[08:00:31] [INFO] ================================================================================[0m
[0;37m[08:00:31] [INFO] ================================================================================[0m
RESULT
[0;37m[08:00:31] [INFO] RESULT[0m
[0;37m[08:00:31] [INFO] RESULT[0m
================================================================================
[0;37m[08:00:31] [INFO] ================================================================================[0m
[0;37m[08:00:31] [INFO] ================================================================================[0m
CMC Newtonian consensus: Γ_N = 0.7476777251184834 ± 0.0385519898860048
[0;37m[08:00:31] [INFO] CMC Newtonian consensus: Γ_N = 0.7476777251184834 ± 0.0385519898860048[0m
[0;37m[08:00:31] [INFO] CMC Newtonian consensus: Γ_N = 0.7476777251184834 ± 0.0385519898860048[0m
  (from Kremer+20, Ye+22, Rodriguez+21, Weatherford+20)
[0;37m[08:00:31] [INFO]   (from Kremer+20, Ye+22, Rodriguez+21, Weatherford+20)[0m
[0;37m[08:00:31] [INFO]   (from Kremer+20, Ye+22, Rodriguez+21, Weatherford+20)[0m

[0;37m[08:00:31] [INFO] [0m
[0;37m[08:00:31] [INFO] [0m
PARAMETER-FREE TEP prediction:
[0;37m[08:00:31] [INFO] PARAMETER-FREE TEP prediction:[0m
[0;37m[08:00:31] [INFO] PARAMETER-FREE TEP prediction:[0m
  Γ_TEP = 2 × Γ_N - 1 = 2 × 0.7476777251184834 - 1 = 0.495 ± 0.077
[0;37m[08:00:31] [INFO]   Γ_TEP = 2 × Γ_N - 1 = 2 × 0.7476777251184834 - 1 = 0.495 ± 0.077[0m
[0;37m[08:00:31] [INFO]   Γ_TEP = 2 × Γ_N - 1 = 2 × 0.7476777251184834 - 1 = 0.495 ± 0.077[0m

[0;37m[08:00:31] [INFO] [0m
[0;37m[08:00:31] [INFO] [0m
Observed: Γ_obs = 0.3925040943834753 ± 0.07903293743319778
[0;37m[08:00:31] [INFO] Observed: Γ_obs = 0.3925040943834753 ± 0.07903293743319778[0m
[0;37m[08:00:31] [INFO] Observed: Γ_obs = 0.3925040943834753 ± 0.07903293743319778[0m

[0;37m[08:00:31] [INFO] [0m
[0;37m[08:00:31] [INFO] [0m
Agreement: 0.93σ
[0;37m[08:00:31] [INFO] Agreement: 0.93σ[0m
[0;37m[08:00:31] [INFO] Agreement: 0.93σ[0m
================================================================================
[0;37m[08:00:31] [INFO] ================================================================================[0m
[0;37m[08:00:31] [INFO] ================================================================================[0m
EXCELLENT AGREEMENT: TEP prediction matches observation.
[0;37m[08:00:31] [INFO] EXCELLENT AGREEMENT: TEP prediction matches observation.[0m
[0;37m[08:00:31] [INFO] EXCELLENT AGREEMENT: TEP prediction matches observation.[0m
================================================================================
[0;37m[08:00:31] [INFO] ================================================================================[0m
[0;37m[08:00:31] [INFO] ================================================================================[0m

[0;37m[08:00:31] [INFO] [0m
[0;37m[08:00:31] [INFO] [0m
INTERPRETATION:
[0;37m[08:00:31] [INFO] INTERPRETATION:[0m
[0;37m[08:00:31] [INFO] INTERPRETATION:[0m
===============
[0;37m[08:00:31] [INFO] ===============[0m
[0;37m[08:00:31] [INFO] ===============[0m
The TEP prediction Γ = 0.50 is derived WITHOUT any free parameters:
[0;37m[08:00:31] [INFO] The TEP prediction Γ = 0.50 is derived WITHOUT any free parameters:[0m
[0;37m[08:00:31] [INFO] The TEP prediction Γ = 0.50 is derived WITHOUT any free parameters:[0m

[0;37m[08:00:31] [INFO] [0m
[0;37m[08:00:31] [INFO] [0m
1. Uses measured Newtonian slope Γ_N = 0.7476777251184834 (from CMC simulations)
[0;37m[08:00:31] [INFO] 1. Uses measured Newtonian slope Γ_N = 0.7476777251184834 (from CMC simulations)[0m
[0;37m[08:00:31] [INFO] 1. Uses measured Newtonian slope Γ_N = 0.7476777251184834 (from CMC simulations)[0m
2. Applies fundamental scaling difference: potential vs acceleration
[0;37m[08:00:31] [INFO] 2. Applies fundamental scaling difference: potential vs acceleration[0m
[0;37m[08:00:31] [INFO] 2. Applies fundamental scaling difference: potential vs acceleration[0m
3. Result: Γ_TEP = 2Γ_N - 1 = 0.50
[0;37m[08:00:31] [INFO] 3. Result: Γ_TEP = 2Γ_N - 1 = 0.50[0m
[0;37m[08:00:31] [INFO] 3. Result: Γ_TEP = 2Γ_N - 1 = 0.50[0m

[0;37m[08:00:31] [INFO] [0m
[0;37m[08:00:31] [INFO] [0m
This matches the observed Γ = 0.393 ± 0.079 
[0;37m[08:00:31] [INFO] This matches the observed Γ = 0.393 ± 0.079[0m
[0;37m[08:00:31] [INFO] This matches the observed Γ = 0.393 ± 0.079[0m
at 0.9σ, confirming TEP's prediction of suppressed density scaling.
[0;37m[08:00:31] [INFO] at 0.9σ, confirming TEP's prediction of suppressed density scaling.[0m
[0;37m[08:00:31] [INFO] at 0.9σ, confirming TEP's prediction of suppressed density scaling.[0m

[0;37m[08:00:31] [INFO] [0m
[0;37m[08:00:31] [INFO] [0m
The Newtonian prediction (Γ_N = 0.72) is excluded at 
[0;37m[08:00:31] [INFO] The Newtonian prediction (Γ_N = 0.72) is excluded at[0m
[0;37m[08:00:31] [INFO] The Newtonian prediction (Γ_N = 0.72) is excluded at[0m
4.5σ.
[0;37m[08:00:31] [INFO] 4.5σ.[0m
[0;37m[08:00:31] [INFO] 4.5σ.[0m

[0;37m[08:00:31] [INFO] [0m
[0;37m[08:00:31] [INFO] [0m
CONCLUSION: Γ = 0.39 is a DERIVED prediction of TEP.
[0;37m[08:00:31] [INFO] CONCLUSION: Γ = 0.39 is a DERIVED prediction of TEP.[0m
[0;37m[08:00:31] [INFO] CONCLUSION: Γ = 0.39 is a DERIVED prediction of TEP.[0m

[0;37m[08:00:31] [INFO] [0m
[0;37m[08:00:31] [INFO] [0m

[0;37m[08:00:31] [INFO] [0m
[0;37m[08:00:31] [INFO] [0m
Saved: results/outputs/gamma_parameter_free_derivation.json
[0;37m[08:00:31] [INFO] Saved: results/outputs/gamma_parameter_free_derivation.json[0m
[0;37m[08:00:31] [INFO] Saved: results/outputs/gamma_parameter_free_derivation.json[0m
[1;32m[08:00:31] [SUCCESS] ✓ SUCCESS (0.1s)[0m
[0;37m[08:00:31] [INFO] [0m
[0;37m[08:00:31] [INFO] ================================================================================[0m
[0;37m[08:00:31] [INFO] >>> Figure: Density Scaling[0m
[0;37m[08:00:31] [INFO] ================================================================================[0m
[0;37m[08:00:31] [INFO] [0m
[0;37m[08:00:31] [INFO] Script: step_5_32_density_scaling_figure.py[0m
[0;37m[08:00:31] [INFO] Log: /Users/matthewsmawfield/www/Temporal Equivalence Principle/TEP-COS/logs/step_5_32_density_scaling_figure.log[0m
--- Step 5.32: Full Density Scaling Simulation ---
[0;37m[08:00:32] [INFO] --- Step 5.32: Full Density Scaling Simulation ---[0m
[0;37m[08:00:32] [INFO] --- Step 5.32: Full Density Scaling Simulation ---[0m
Simulating 33 clusters with exact parameters...
[0;37m[08:00:32] [INFO] Simulating 33 clusters with exact parameters...[0m
[0;37m[08:00:32] [INFO] Simulating 33 clusters with exact parameters...[0m
  Terzan 5             | rho=5.50 | Shift=+3.004 dex
[0;37m[08:00:32] [INFO]   Terzan 5             | rho=5.50 | Shift=+3.004 dex[0m
[0;37m[08:00:32] [INFO]   Terzan 5             | rho=5.50 | Shift=+3.004 dex[0m
  47 Tuc (NGC 104)     | rho=4.88 | Shift=+1.977 dex
[0;37m[08:00:32] [INFO]   47 Tuc (NGC 104)     | rho=4.88 | Shift=+1.977 dex[0m
[0;37m[08:00:32] [INFO]   47 Tuc (NGC 104)     | rho=4.88 | Shift=+1.977 dex[0m
  NGC 6517             | rho=5.80 | Shift=+2.862 dex
[0;37m[08:00:32] [INFO]   NGC 6517             | rho=5.80 | Shift=+2.862 dex[0m
[0;37m[08:00:32] [INFO]   NGC 6517             | rho=5.80 | Shift=+2.862 dex[0m
  M62 (NGC 6266)       | rho=5.16 | Shift=+2.629 dex
[0;37m[08:00:32] [INFO]   M62 (NGC 6266)       | rho=5.16 | Shift=+2.629 dex[0m
[0;37m[08:00:32] [INFO]   M62 (NGC 6266)       | rho=5.16 | Shift=+2.629 dex[0m
  M28 (NGC 6626)       | rho=4.52 | Shift=+2.028 dex
[0;37m[08:00:32] [INFO]   M28 (NGC 6626)       | rho=4.52 | Shift=+2.028 dex[0m
[0;37m[08:00:32] [INFO]   M28 (NGC 6626)       | rho=4.52 | Shift=+2.028 dex[0m
  Omega Centauri (NGC 5139) | rho=3.12 | Shift=+1.053 dex
[0;37m[08:00:32] [INFO]   Omega Centauri (NGC 5139) | rho=3.12 | Shift=+1.053 dex[0m
[0;37m[08:00:32] [INFO]   Omega Centauri (NGC 5139) | rho=3.12 | Shift=+1.053 dex[0m
  M15 (NGC 7078)       | rho=5.05 | Shift=+2.488 dex
[0;37m[08:00:32] [INFO]   M15 (NGC 7078)       | rho=5.05 | Shift=+2.488 dex[0m
[0;37m[08:00:32] [INFO]   M15 (NGC 7078)       | rho=5.05 | Shift=+2.488 dex[0m
  M13 (NGC 6205)       | rho=3.79 | Shift=+1.328 dex
[0;37m[08:00:32] [INFO]   M13 (NGC 6205)       | rho=3.79 | Shift=+1.328 dex[0m
[0;37m[08:00:32] [INFO]   M13 (NGC 6205)       | rho=3.79 | Shift=+1.328 dex[0m
  M2 (NGC 7089)        | rho=4.15 | Shift=+1.885 dex
[0;37m[08:00:32] [INFO]   M2 (NGC 7089)        | rho=4.15 | Shift=+1.885 dex[0m
[0;37m[08:00:32] [INFO]   M2 (NGC 7089)        | rho=4.15 | Shift=+1.885 dex[0m
  NGC 6440             | rho=5.10 | Shift=+2.124 dex
[0;37m[08:00:32] [INFO]   NGC 6440             | rho=5.10 | Shift=+2.124 dex[0m
[0;37m[08:00:32] [INFO]   NGC 6440             | rho=5.10 | Shift=+2.124 dex[0m
  M5 (NGC 5904)        | rho=3.53 | Shift=+1.558 dex
[0;37m[08:00:32] [INFO]   M5 (NGC 5904)        | rho=3.53 | Shift=+1.558 dex[0m
[0;37m[08:00:32] [INFO]   M5 (NGC 5904)        | rho=3.53 | Shift=+1.558 dex[0m
  Terzan 1             | rho=5.00 | Shift=+2.263 dex
[0;37m[08:00:32] [INFO]   Terzan 1             | rho=5.00 | Shift=+2.263 dex[0m
[0;37m[08:00:32] [INFO]   Terzan 1             | rho=5.00 | Shift=+2.263 dex[0m
  NGC 6752             | rho=4.30 | Shift=+2.156 dex
[0;37m[08:00:32] [INFO]   NGC 6752             | rho=4.30 | Shift=+2.156 dex[0m
[0;37m[08:00:32] [INFO]   NGC 6752             | rho=4.30 | Shift=+2.156 dex[0m
  M3 (NGC 5272)        | rho=3.68 | Shift=+1.696 dex
[0;37m[08:00:32] [INFO]   M3 (NGC 5272)        | rho=3.68 | Shift=+1.696 dex[0m
[0;37m[08:00:32] [INFO]   M3 (NGC 5272)        | rho=3.68 | Shift=+1.696 dex[0m
  M53 (NGC 5024)       | rho=2.96 | Shift=+1.037 dex
[0;37m[08:00:32] [INFO]   M53 (NGC 5024)       | rho=2.96 | Shift=+1.037 dex[0m
[0;37m[08:00:32] [INFO]   M53 (NGC 5024)       | rho=2.96 | Shift=+1.037 dex[0m
  NGC 6441             | rho=5.00 | Shift=+2.417 dex
[0;37m[08:00:32] [INFO]   NGC 6441             | rho=5.00 | Shift=+2.417 dex[0m
[0;37m[08:00:32] [INFO]   NGC 6441             | rho=5.00 | Shift=+2.417 dex[0m
  M71 (NGC 6838)       | rho=2.29 | Shift=+0.223 dex
[0;37m[08:00:32] [INFO]   M71 (NGC 6838)       | rho=2.29 | Shift=+0.223 dex[0m
[0;37m[08:00:32] [INFO]   M71 (NGC 6838)       | rho=2.29 | Shift=+0.223 dex[0m
  NGC 6544             | rho=5.20 | Shift=+2.412 dex
[0;37m[08:00:32] [INFO]   NGC 6544             | rho=5.20 | Shift=+2.412 dex[0m
[0;37m[08:00:32] [INFO]   NGC 6544             | rho=5.20 | Shift=+2.412 dex[0m
  M22 (NGC 6656)       | rho=2.97 | Shift=+0.663 dex
[0;37m[08:00:32] [INFO]   M22 (NGC 6656)       | rho=2.97 | Shift=+0.663 dex[0m
[0;37m[08:00:32] [INFO]   M22 (NGC 6656)       | rho=2.97 | Shift=+0.663 dex[0m
  NGC 6397             | rho=5.68 | Shift=+2.734 dex
[0;37m[08:00:32] [INFO]   NGC 6397             | rho=5.68 | Shift=+2.734 dex[0m
[0;37m[08:00:32] [INFO]   NGC 6397             | rho=5.68 | Shift=+2.734 dex[0m
  NGC 1851             | rho=5.09 | Shift=+2.703 dex
[0;37m[08:00:32] [INFO]   NGC 1851             | rho=5.09 | Shift=+2.703 dex[0m
[0;37m[08:00:32] [INFO]   NGC 1851             | rho=5.09 | Shift=+2.703 dex[0m
  NGC 6522             | rho=5.50 | Shift=+3.030 dex
[0;37m[08:00:32] [INFO]   NGC 6522             | rho=5.50 | Shift=+3.030 dex[0m
[0;37m[08:00:32] [INFO]   NGC 6522             | rho=5.50 | Shift=+3.030 dex[0m
  NGC 6760             | rho=3.80 | Shift=+1.362 dex
[0;37m[08:00:32] [INFO]   NGC 6760             | rho=3.80 | Shift=+1.362 dex[0m
[0;37m[08:00:32] [INFO]   NGC 6760             | rho=3.80 | Shift=+1.362 dex[0m
  NGC 6624             | rho=5.60 | Shift=+2.867 dex
[0;37m[08:00:32] [INFO]   NGC 6624             | rho=5.60 | Shift=+2.867 dex[0m
[0;37m[08:00:32] [INFO]   NGC 6624             | rho=5.60 | Shift=+2.867 dex[0m
  NGC 6712             | rho=3.70 | Shift=+1.299 dex
[0;37m[08:00:32] [INFO]   NGC 6712             | rho=3.70 | Shift=+1.299 dex[0m
[0;37m[08:00:32] [INFO]   NGC 6712             | rho=3.70 | Shift=+1.299 dex[0m
  NGC 6316             | rho=4.80 | Shift=+1.839 dex
[0;37m[08:00:32] [INFO]   NGC 6316             | rho=4.80 | Shift=+1.839 dex[0m
[0;37m[08:00:32] [INFO]   NGC 6316             | rho=4.80 | Shift=+1.839 dex[0m
  NGC 6652             | rho=4.50 | Shift=+2.144 dex
[0;37m[08:00:32] [INFO]   NGC 6652             | rho=4.50 | Shift=+2.144 dex[0m
[0;37m[08:00:32] [INFO]   NGC 6652             | rho=4.50 | Shift=+2.144 dex[0m
  M92 (NGC 6341)       | rho=4.30 | Shift=+1.768 dex
[0;37m[08:00:32] [INFO]   M92 (NGC 6341)       | rho=4.30 | Shift=+1.768 dex[0m
[0;37m[08:00:32] [INFO]   M92 (NGC 6341)       | rho=4.30 | Shift=+1.768 dex[0m
  NGC 6539             | rho=3.30 | Shift=+1.106 dex
[0;37m[08:00:32] [INFO]   NGC 6539             | rho=3.30 | Shift=+1.106 dex[0m
[0;37m[08:00:32] [INFO]   NGC 6539             | rho=3.30 | Shift=+1.106 dex[0m
  M80 (NGC 6093)       | rho=4.79 | Shift=+2.381 dex
[0;37m[08:00:32] [INFO]   M80 (NGC 6093)       | rho=4.79 | Shift=+2.381 dex[0m
[0;37m[08:00:32] [INFO]   M80 (NGC 6093)       | rho=4.79 | Shift=+2.381 dex[0m
  M4 (NGC 6121)        | rho=2.85 | Shift=+0.457 dex
[0;37m[08:00:32] [INFO]   M4 (NGC 6121)        | rho=2.85 | Shift=+0.457 dex[0m
[0;37m[08:00:32] [INFO]   M4 (NGC 6121)        | rho=2.85 | Shift=+0.457 dex[0m
  M14 (NGC 6402)       | rho=3.44 | Shift=+1.374 dex
[0;37m[08:00:32] [INFO]   M14 (NGC 6402)       | rho=3.44 | Shift=+1.374 dex[0m
[0;37m[08:00:32] [INFO]   M14 (NGC 6402)       | rho=3.44 | Shift=+1.374 dex[0m
  M30 (NGC 7099)       | rho=4.20 | Shift=+1.743 dex
[0;37m[08:00:32] [INFO]   M30 (NGC 7099)       | rho=4.20 | Shift=+1.743 dex[0m
[0;37m[08:00:32] [INFO]   M30 (NGC 7099)       | rho=4.20 | Shift=+1.743 dex[0m
--------------------------------------------------
[0;37m[08:00:32] [INFO] --------------------------------------------------[0m
[0;37m[08:00:32] [INFO] --------------------------------------------------[0m
FULL DENSITY SCALING RESULTS (N=33)
[0;37m[08:00:32] [INFO] FULL DENSITY SCALING RESULTS (N=33)[0m
[0;37m[08:00:32] [INFO] FULL DENSITY SCALING RESULTS (N=33)[0m
Correlation (r): 0.964
[0;37m[08:00:32] [INFO] Correlation (r): 0.964[0m
[0;37m[08:00:32] [INFO] Correlation (r): 0.964[0m
Slope:           0.757 dex / dex
[0;37m[08:00:32] [INFO] Slope:           0.757 dex / dex[0m
[0;37m[08:00:32] [INFO] Slope:           0.757 dex / dex[0m
P-value:         2.29e-19
[0;37m[08:00:32] [INFO] P-value:         2.29e-19[0m
[0;37m[08:00:32] [INFO] P-value:         2.29e-19[0m
--------------------------------------------------
[0;37m[08:00:32] [INFO] --------------------------------------------------[0m
[0;37m[08:00:32] [INFO] --------------------------------------------------[0m
Results saved to results/outputs/step_5_32_full_density_scaling.json
[0;37m[08:00:32] [INFO] Results saved to results/outputs/step_5_32_full_density_scaling.json[0m
[0;37m[08:00:32] [INFO] Results saved to results/outputs/step_5_32_full_density_scaling.json[0m
Updated rigorous plot saved to site/figures/density_scaling_rigorous.png
[0;37m[08:00:32] [INFO] Updated rigorous plot saved to site/figures/density_scaling_rigorous.png[0m
[0;37m[08:00:32] [INFO] Updated rigorous plot saved to site/figures/density_scaling_rigorous.png[0m
[1;32m[08:00:32] [SUCCESS] ✓ SUCCESS (1.2s)[0m
[0;37m[08:00:32] [INFO] [0m
[0;37m[08:00:32] [INFO] ================================================================================[0m
[0;37m[08:00:32] [INFO] >>> Figure: Cluster Acceleration[0m
[0;37m[08:00:32] [INFO] ================================================================================[0m
[0;37m[08:00:32] [INFO] [0m
[0;37m[08:00:32] [INFO] Script: step_5_13_cluster_acceleration_figure.py[0m
[0;37m[08:00:32] [INFO] Log: /Users/matthewsmawfield/www/Temporal Equivalence Principle/TEP-COS/logs/step_5_13_cluster_acceleration_figure.log[0m
Generating Figure 4.5: Cluster Acceleration Distribution...
[0;37m[08:00:33] [INFO] Generating Figure 4.5: Cluster Acceleration Distribution...[0m
[0;37m[08:00:33] [INFO] Generating Figure 4.5: Cluster Acceleration Distribution...[0m
Calculated Shift: 3.019 dex
[0;37m[08:00:33] [INFO] Calculated Shift: 3.019 dex[0m
[0;37m[08:00:33] [INFO] Calculated Shift: 3.019 dex[0m
Figure saved to site/figures/cluster_acceleration_simulation.png
[0;37m[08:00:33] [INFO] Figure saved to site/figures/cluster_acceleration_simulation.png[0m
[0;37m[08:00:33] [INFO] Figure saved to site/figures/cluster_acceleration_simulation.png[0m
[1;32m[08:00:33] [SUCCESS] ✓ SUCCESS (0.8s)[0m
[0;37m[08:00:33] [INFO] [0m
[0;37m[08:00:33] [INFO] ================================================================================[0m
[0;37m[08:00:33] [INFO] >>> Figure: TEP Summary[0m
[0;37m[08:00:33] [INFO] ================================================================================[0m
[0;37m[08:00:33] [INFO] [0m
[0;37m[08:00:33] [INFO] Script: step_5_40_tep_summary_figure.py[0m
[0;37m[08:00:33] [INFO] Log: /Users/matthewsmawfield/www/Temporal Equivalence Principle/TEP-COS/logs/step_5_40_tep_summary_figure.log[0m
Figure saved: results/figures/tep_cosmology_summary.png
[0;37m[08:00:34] [INFO] Figure saved: results/figures/tep_cosmology_summary.png[0m
[0;37m[08:00:34] [INFO] Figure saved: results/figures/tep_cosmology_summary.png[0m
[1;32m[08:00:34] [SUCCESS] ✓ SUCCESS (0.6s)[0m
[0;37m[08:00:34] [INFO] [0m
[0;37m[08:00:34] [INFO] ================================================================================[0m
[0;37m[08:00:34] [INFO] >>> Appendix: SN Ia σ-mB Correlation[0m
[0;37m[08:00:34] [INFO] ================================================================================[0m
[0;37m[08:00:34] [INFO] [0m
[0;37m[08:00:34] [INFO] Script: step_7_0_sn_ia_stretch_test.py[0m
[0;37m[08:00:34] [INFO] Log: /Users/matthewsmawfield/www/Temporal Equivalence Principle/TEP-COS/logs/step_7_0_sn_ia_stretch_test.log[0m
2026-04-23 08:00:35,076 | INFO | ======================================================================
[0;37m[08:00:35] [INFO] 2026-04-23 08:00:35,076 | INFO | ======================================================================[0m
[0;37m[08:00:35] [INFO] 2026-04-23 08:00:35,076 | INFO | ======================================================================[0m
2026-04-23 08:00:35,077 | INFO | TEP-COS Step 7.0: SN Ia Peak Magnitude vs Host σ
[0;37m[08:00:35] [INFO] 2026-04-23 08:00:35,077 | INFO | TEP-COS Step 7.0: SN Ia Peak Magnitude vs Host σ[0m
[0;37m[08:00:35] [INFO] 2026-04-23 08:00:35,077 | INFO | TEP-COS Step 7.0: SN Ia Peak Magnitude vs Host σ[0m
2026-04-23 08:00:35,077 | INFO | ======================================================================
[0;37m[08:00:35] [INFO] 2026-04-23 08:00:35,077 | INFO | ======================================================================[0m
[0;37m[08:00:35] [INFO] 2026-04-23 08:00:35,077 | INFO | ======================================================================[0m
2026-04-23 08:00:35,077 | INFO | Execution timestamp: 2026-04-23T08:00:35.077103
[0;37m[08:00:35] [INFO] 2026-04-23 08:00:35,077 | INFO | Execution timestamp: 2026-04-23T08:00:35.077103[0m
[0;37m[08:00:35] [INFO] 2026-04-23 08:00:35,077 | INFO | Execution timestamp: 2026-04-23T08:00:35.077103[0m
2026-04-23 08:00:35,077 | INFO | Screening threshold: 165.0 km/s
[0;37m[08:00:35] [INFO] 2026-04-23 08:00:35,077 | INFO | Screening threshold: 165.0 km/s[0m
[0;37m[08:00:35] [INFO] 2026-04-23 08:00:35,077 | INFO | Screening threshold: 165.0 km/s[0m
2026-04-23 08:00:35,077 | INFO | Loading Pantheon+ SN Ia catalog...
[0;37m[08:00:35] [INFO] 2026-04-23 08:00:35,077 | INFO | Loading Pantheon+ SN Ia catalog...[0m
[0;37m[08:00:35] [INFO] 2026-04-23 08:00:35,077 | INFO | Loading Pantheon+ SN Ia catalog...[0m
2026-04-23 08:00:35,085 | INFO | Loaded 1470 SNe with z > 0.01
[0;37m[08:00:35] [INFO] 2026-04-23 08:00:35,085 | INFO | Loaded 1470 SNe with z > 0.01[0m
[0;37m[08:00:35] [INFO] 2026-04-23 08:00:35,085 | INFO | Loaded 1470 SNe with z > 0.01[0m
2026-04-23 08:00:35,085 | INFO | Using existing cross-matched sigma data
[0;37m[08:00:35] [INFO] 2026-04-23 08:00:35,085 | INFO | Using existing cross-matched sigma data[0m
[0;37m[08:00:35] [INFO] 2026-04-23 08:00:35,085 | INFO | Using existing cross-matched sigma data[0m
2026-04-23 08:00:35,090 | INFO | Excluded 20 measurements (σ > 400, σ < 30, or error < 0)
[0;37m[08:00:35] [INFO] 2026-04-23 08:00:35,090 | INFO | Excluded 20 measurements (σ > 400, σ < 30, or error < 0)[0m
[0;37m[08:00:35] [INFO] 2026-04-23 08:00:35,090 | INFO | Excluded 20 measurements (σ > 400, σ < 30, or error < 0)[0m
2026-04-23 08:00:35,090 | INFO | 
[0;37m[08:00:35] [INFO] 2026-04-23 08:00:35,090 | INFO |[0m
[0;37m[08:00:35] [INFO] 2026-04-23 08:00:35,090 | INFO |[0m
Final analysis sample: 218 SNe
[0;37m[08:00:35] [INFO] Final analysis sample: 218 SNe[0m
[0;37m[08:00:35] [INFO] Final analysis sample: 218 SNe[0m
2026-04-23 08:00:35,090 | INFO | 
[0;37m[08:00:35] [INFO] 2026-04-23 08:00:35,090 | INFO |[0m
[0;37m[08:00:35] [INFO] 2026-04-23 08:00:35,090 | INFO |[0m
======================================================================
[0;37m[08:00:35] [INFO] ======================================================================[0m
[0;37m[08:00:35] [INFO] ======================================================================[0m
2026-04-23 08:00:35,090 | INFO | Correlation Analysis: Peak Magnitude vs Velocity Dispersion
[0;37m[08:00:35] [INFO] 2026-04-23 08:00:35,090 | INFO | Correlation Analysis: Peak Magnitude vs Velocity Dispersion[0m
[0;37m[08:00:35] [INFO] 2026-04-23 08:00:35,090 | INFO | Correlation Analysis: Peak Magnitude vs Velocity Dispersion[0m
2026-04-23 08:00:35,090 | INFO | ======================================================================
[0;37m[08:00:35] [INFO] 2026-04-23 08:00:35,090 | INFO | ======================================================================[0m
[0;37m[08:00:35] [INFO] 2026-04-23 08:00:35,090 | INFO | ======================================================================[0m
2026-04-23 08:00:35,090 | INFO | 
[0;37m[08:00:35] [INFO] 2026-04-23 08:00:35,090 | INFO |[0m
[0;37m[08:00:35] [INFO] 2026-04-23 08:00:35,090 | INFO |[0m
Sample characteristics:
[0;37m[08:00:35] [INFO] Sample characteristics:[0m
[0;37m[08:00:35] [INFO] Sample characteristics:[0m
2026-04-23 08:00:35,090 | INFO |   Sample size: 218 SNe
[0;37m[08:00:35] [INFO] 2026-04-23 08:00:35,090 | INFO |   Sample size: 218 SNe[0m
[0;37m[08:00:35] [INFO] 2026-04-23 08:00:35,090 | INFO |   Sample size: 218 SNe[0m
2026-04-23 08:00:35,090 | INFO |   σ range: 32.4 - 349.4 km/s
[0;37m[08:00:35] [INFO] 2026-04-23 08:00:35,090 | INFO |   σ range: 32.4 - 349.4 km/s[0m
[0;37m[08:00:35] [INFO] 2026-04-23 08:00:35,090 | INFO |   σ range: 32.4 - 349.4 km/s[0m
2026-04-23 08:00:35,090 | INFO |   mB range: 14.53 - 22.27 mag
[0;37m[08:00:35] [INFO] 2026-04-23 08:00:35,090 | INFO |   mB range: 14.53 - 22.27 mag[0m
[0;37m[08:00:35] [INFO] 2026-04-23 08:00:35,090 | INFO |   mB range: 14.53 - 22.27 mag[0m
2026-04-23 08:00:35,090 | INFO | 
[0;37m[08:00:35] [INFO] 2026-04-23 08:00:35,090 | INFO |[0m
[0;37m[08:00:35] [INFO] 2026-04-23 08:00:35,090 | INFO |[0m
======================================================================
[0;37m[08:00:35] [INFO] ======================================================================[0m
[0;37m[08:00:35] [INFO] ======================================================================[0m
2026-04-23 08:00:35,090 | INFO | REDSHIFT EVOLUTION ANALYSIS
[0;37m[08:00:35] [INFO] 2026-04-23 08:00:35,090 | INFO | REDSHIFT EVOLUTION ANALYSIS[0m
[0;37m[08:00:35] [INFO] 2026-04-23 08:00:35,090 | INFO | REDSHIFT EVOLUTION ANALYSIS[0m
2026-04-23 08:00:35,090 | INFO | ======================================================================
[0;37m[08:00:35] [INFO] 2026-04-23 08:00:35,090 | INFO | ======================================================================[0m
[0;37m[08:00:35] [INFO] 2026-04-23 08:00:35,090 | INFO | ======================================================================[0m
2026-04-23 08:00:35,090 | INFO | Redshift median: 0.165
[0;37m[08:00:35] [INFO] 2026-04-23 08:00:35,090 | INFO | Redshift median: 0.165[0m
[0;37m[08:00:35] [INFO] 2026-04-23 08:00:35,090 | INFO | Redshift median: 0.165[0m
2026-04-23 08:00:35,090 | INFO | Low-z sample (z < 0.165): n=109, z_range=[0.014, 0.164]
[0;37m[08:00:35] [INFO] 2026-04-23 08:00:35,090 | INFO | Low-z sample (z < 0.165): n=109, z_range=[0.014, 0.164][0m
[0;37m[08:00:35] [INFO] 2026-04-23 08:00:35,090 | INFO | Low-z sample (z < 0.165): n=109, z_range=[0.014, 0.164][0m
2026-04-23 08:00:35,090 | INFO | High-z sample (z >= 0.165): n=109, z_range=[0.165, 0.299]
[0;37m[08:00:35] [INFO] 2026-04-23 08:00:35,090 | INFO | High-z sample (z >= 0.165): n=109, z_range=[0.165, 0.299][0m
[0;37m[08:00:35] [INFO] 2026-04-23 08:00:35,090 | INFO | High-z sample (z >= 0.165): n=109, z_range=[0.165, 0.299][0m
2026-04-23 08:00:35,091 | INFO |   low_z: r=+0.1560, p=0.1052, σ=1.62σ
[0;37m[08:00:35] [INFO] 2026-04-23 08:00:35,091 | INFO |   low_z: r=+0.1560, p=0.1052, σ=1.62σ[0m
[0;37m[08:00:35] [INFO] 2026-04-23 08:00:35,091 | INFO |   low_z: r=+0.1560, p=0.1052, σ=1.62σ[0m
2026-04-23 08:00:35,091 | INFO |   high_z: r=+0.1891, p=0.0489, σ=1.97σ
[0;37m[08:00:35] [INFO] 2026-04-23 08:00:35,091 | INFO |   high_z: r=+0.1891, p=0.0489, σ=1.97σ[0m
[0;37m[08:00:35] [INFO] 2026-04-23 08:00:35,091 | INFO |   high_z: r=+0.1891, p=0.0489, σ=1.97σ[0m
2026-04-23 08:00:35,091 | INFO | 
[0;37m[08:00:35] [INFO] 2026-04-23 08:00:35,091 | INFO |[0m
[0;37m[08:00:35] [INFO] 2026-04-23 08:00:35,091 | INFO |[0m
Redshift evolution test:
[0;37m[08:00:35] [INFO] Redshift evolution test:[0m
[0;37m[08:00:35] [INFO] Redshift evolution test:[0m
2026-04-23 08:00:35,091 | INFO |   Correlation difference: +0.0331
[0;37m[08:00:35] [INFO] 2026-04-23 08:00:35,091 | INFO |   Correlation difference: +0.0331[0m
[0;37m[08:00:35] [INFO] 2026-04-23 08:00:35,091 | INFO |   Correlation difference: +0.0331[0m
2026-04-23 08:00:35,091 | INFO |   Fisher z-test: z=0.248, p=0.8040
[0;37m[08:00:35] [INFO] 2026-04-23 08:00:35,091 | INFO |   Fisher z-test: z=0.248, p=0.8040[0m
[0;37m[08:00:35] [INFO] 2026-04-23 08:00:35,091 | INFO |   Fisher z-test: z=0.248, p=0.8040[0m
2026-04-23 08:00:35,091 | INFO | 
[0;37m[08:00:35] [INFO] 2026-04-23 08:00:35,091 | INFO |[0m
[0;37m[08:00:35] [INFO] 2026-04-23 08:00:35,091 | INFO |[0m
======================================================================
[0;37m[08:00:35] [INFO] ======================================================================[0m
[0;37m[08:00:35] [INFO] ======================================================================[0m
2026-04-23 08:00:35,091 | INFO | SELECTION FUNCTION ANALYSIS
[0;37m[08:00:35] [INFO] 2026-04-23 08:00:35,091 | INFO | SELECTION FUNCTION ANALYSIS[0m
[0;37m[08:00:35] [INFO] 2026-04-23 08:00:35,091 | INFO | SELECTION FUNCTION ANALYSIS[0m
2026-04-23 08:00:35,091 | INFO | ======================================================================
[0;37m[08:00:35] [INFO] 2026-04-23 08:00:35,091 | INFO | ======================================================================[0m
[0;37m[08:00:35] [INFO] 2026-04-23 08:00:35,091 | INFO | ======================================================================[0m
2026-04-23 08:00:35,091 | INFO | Magnitude-redshift correlation: r=+0.9337, p=0.0000
[0;37m[08:00:35] [INFO] 2026-04-23 08:00:35,091 | INFO | Magnitude-redshift correlation: r=+0.9337, p=0.0000[0m
[0;37m[08:00:35] [INFO] 2026-04-23 08:00:35,091 | INFO | Magnitude-redshift correlation: r=+0.9337, p=0.0000[0m
2026-04-23 08:00:35,094 | INFO |   low_z (z=0.014-0.122): r=+0.1022, σ=0.86σ
[0;37m[08:00:35] [INFO] 2026-04-23 08:00:35,094 | INFO |   low_z (z=0.014-0.122): r=+0.1022, σ=0.86σ[0m
[0;37m[08:00:35] [INFO] 2026-04-23 08:00:35,094 | INFO |   low_z (z=0.014-0.122): r=+0.1022, σ=0.86σ[0m
2026-04-23 08:00:35,094 | INFO |   mid_z (z=0.123-0.201): r=+0.1336, σ=1.12σ
[0;37m[08:00:35] [INFO] 2026-04-23 08:00:35,094 | INFO |   mid_z (z=0.123-0.201): r=+0.1336, σ=1.12σ[0m
[0;37m[08:00:35] [INFO] 2026-04-23 08:00:35,094 | INFO |   mid_z (z=0.123-0.201): r=+0.1336, σ=1.12σ[0m
2026-04-23 08:00:35,095 | INFO |   high_z (z=0.203-0.299): r=+0.2899, σ=2.49σ
[0;37m[08:00:35] [INFO] 2026-04-23 08:00:35,095 | INFO |   high_z (z=0.203-0.299): r=+0.2899, σ=2.49σ[0m
[0;37m[08:00:35] [INFO] 2026-04-23 08:00:35,095 | INFO |   high_z (z=0.203-0.299): r=+0.2899, σ=2.49σ[0m
2026-04-23 08:00:35,095 | INFO | 
[0;37m[08:00:35] [INFO] 2026-04-23 08:00:35,095 | INFO |[0m
[0;37m[08:00:35] [INFO] 2026-04-23 08:00:35,095 | INFO |[0m
Selection function assessment:
[0;37m[08:00:35] [INFO] Selection function assessment:[0m
[0;37m[08:00:35] [INFO] Selection function assessment:[0m
2026-04-23 08:00:35,095 | INFO |   Consistent across redshift bins: True
[0;37m[08:00:35] [INFO] 2026-04-23 08:00:35,095 | INFO |   Consistent across redshift bins: True[0m
[0;37m[08:00:35] [INFO] 2026-04-23 08:00:35,095 | INFO |   Consistent across redshift bins: True[0m
2026-04-23 08:00:35,095 | INFO |   Malmquist bias indicator: True
[0;37m[08:00:35] [INFO] 2026-04-23 08:00:35,095 | INFO |   Malmquist bias indicator: True[0m
[0;37m[08:00:35] [INFO] 2026-04-23 08:00:35,095 | INFO |   Malmquist bias indicator: True[0m
2026-04-23 08:00:35,095 | INFO |   Overall reliability: MODERATE
[0;37m[08:00:35] [INFO] 2026-04-23 08:00:35,095 | INFO |   Overall reliability: MODERATE[0m
[0;37m[08:00:35] [INFO] 2026-04-23 08:00:35,095 | INFO |   Overall reliability: MODERATE[0m
2026-04-23 08:00:35,095 | INFO | 
[0;37m[08:00:35] [INFO] 2026-04-23 08:00:35,095 | INFO |[0m
[0;37m[08:00:35] [INFO] 2026-04-23 08:00:35,095 | INFO |[0m
PARTIAL CORRELATION (controlling for host mass):
[0;37m[08:00:35] [INFO] PARTIAL CORRELATION (controlling for host mass):[0m
[0;37m[08:00:35] [INFO] PARTIAL CORRELATION (controlling for host mass):[0m
2026-04-23 08:00:35,095 | INFO |   Raw correlation (σ vs mB): r = +0.2178
[0;37m[08:00:35] [INFO] 2026-04-23 08:00:35,095 | INFO |   Raw correlation (σ vs mB): r = +0.2178[0m
[0;37m[08:00:35] [INFO] 2026-04-23 08:00:35,095 | INFO |   Raw correlation (σ vs mB): r = +0.2178[0m
2026-04-23 08:00:35,095 | INFO |   Partial correlation: r = -0.0466, p = 0.4940
[0;37m[08:00:35] [INFO] 2026-04-23 08:00:35,095 | INFO |   Partial correlation: r = -0.0466, p = 0.4940[0m
[0;37m[08:00:35] [INFO] 2026-04-23 08:00:35,095 | INFO |   Partial correlation: r = -0.0466, p = 0.4940[0m
2026-04-23 08:00:35,095 | INFO |   Host mass vs mB: r = +0.5643
[0;37m[08:00:35] [INFO] 2026-04-23 08:00:35,095 | INFO |   Host mass vs mB: r = +0.5643[0m
[0;37m[08:00:35] [INFO] 2026-04-23 08:00:35,095 | INFO |   Host mass vs mB: r = +0.5643[0m
2026-04-23 08:00:35,095 | INFO |   Host mass vs σ: r = +0.4470
[0;37m[08:00:35] [INFO] 2026-04-23 08:00:35,095 | INFO |   Host mass vs σ: r = +0.4470[0m
[0;37m[08:00:35] [INFO] 2026-04-23 08:00:35,095 | INFO |   Host mass vs σ: r = +0.4470[0m
2026-04-23 08:00:35,095 | INFO |   → Partial correlation null: σ and mass are collinear under TEP
[0;37m[08:00:35] [INFO] 2026-04-23 08:00:35,095 | INFO |   → Partial correlation null: σ and mass are collinear under TEP[0m
[0;37m[08:00:35] [INFO] 2026-04-23 08:00:35,095 | INFO |   → Partial correlation null: σ and mass are collinear under TEP[0m
2026-04-23 08:00:35,095 | INFO |     (Both mass step and TEP signals are removed when controlling for mass)
[0;37m[08:00:35] [INFO] 2026-04-23 08:00:35,095 | INFO |     (Both mass step and TEP signals are removed when controlling for mass)[0m
[0;37m[08:00:35] [INFO] 2026-04-23 08:00:35,095 | INFO |     (Both mass step and TEP signals are removed when controlling for mass)[0m
2026-04-23 08:00:35,095 | INFO |     The SCREENING PATTERN (not partial correlation) is the key discriminator
[0;37m[08:00:35] [INFO] 2026-04-23 08:00:35,095 | INFO |     The SCREENING PATTERN (not partial correlation) is the key discriminator[0m
[0;37m[08:00:35] [INFO] 2026-04-23 08:00:35,095 | INFO |     The SCREENING PATTERN (not partial correlation) is the key discriminator[0m
2026-04-23 08:00:35,095 | INFO | 
[0;37m[08:00:35] [INFO] 2026-04-23 08:00:35,095 | INFO |[0m
[0;37m[08:00:35] [INFO] 2026-04-23 08:00:35,095 | INFO |[0m
Linear analysis (log σ vs mB):
[0;37m[08:00:35] [INFO] Linear analysis (log σ vs mB):[0m
[0;37m[08:00:35] [INFO] Linear analysis (log σ vs mB):[0m
2026-04-23 08:00:35,095 | INFO |   Pearson r = +0.2178
[0;37m[08:00:35] [INFO] 2026-04-23 08:00:35,095 | INFO |   Pearson r = +0.2178[0m
[0;37m[08:00:35] [INFO] 2026-04-23 08:00:35,095 | INFO |   Pearson r = +0.2178[0m
2026-04-23 08:00:35,095 | INFO |   p-value = 1.21e-03
[0;37m[08:00:35] [INFO] 2026-04-23 08:00:35,095 | INFO |   p-value = 1.21e-03[0m
[0;37m[08:00:35] [INFO] 2026-04-23 08:00:35,095 | INFO |   p-value = 1.21e-03[0m
2026-04-23 08:00:35,095 | INFO |   Significance = 3.24σ
[0;37m[08:00:35] [INFO] 2026-04-23 08:00:35,095 | INFO |   Significance = 3.24σ[0m
[0;37m[08:00:35] [INFO] 2026-04-23 08:00:35,095 | INFO |   Significance = 3.24σ[0m
2026-04-23 08:00:35,096 | INFO |   Correlation in low tertile: r=+0.1331, p=0.262
[0;37m[08:00:35] [INFO] 2026-04-23 08:00:35,096 | INFO |   Correlation in low tertile: r=+0.1331, p=0.262[0m
[0;37m[08:00:35] [INFO] 2026-04-23 08:00:35,096 | INFO |   Correlation in low tertile: r=+0.1331, p=0.262[0m
2026-04-23 08:00:35,096 | INFO |   Correlation in mid tertile: r=+0.0281, p=0.815
[0;37m[08:00:35] [INFO] 2026-04-23 08:00:35,096 | INFO |   Correlation in mid tertile: r=+0.0281, p=0.815[0m
[0;37m[08:00:35] [INFO] 2026-04-23 08:00:35,096 | INFO |   Correlation in mid tertile: r=+0.0281, p=0.815[0m
2026-04-23 08:00:35,096 | INFO |   Correlation in high tertile: r=-0.0570, p=0.632
[0;37m[08:00:35] [INFO] 2026-04-23 08:00:35,096 | INFO |   Correlation in high tertile: r=-0.0570, p=0.632[0m
[0;37m[08:00:35] [INFO] 2026-04-23 08:00:35,096 | INFO |   Correlation in high tertile: r=-0.0570, p=0.632[0m
2026-04-23 08:00:35,096 | INFO | 
[0;37m[08:00:35] [INFO] 2026-04-23 08:00:35,096 | INFO |[0m
[0;37m[08:00:35] [INFO] 2026-04-23 08:00:35,096 | INFO |[0m
  SCREENING-BASED ANALYSIS (threshold = 165.0 km/s):
[0;37m[08:00:35] [INFO]   SCREENING-BASED ANALYSIS (threshold = 165.0 km/s):[0m
[0;37m[08:00:35] [INFO]   SCREENING-BASED ANALYSIS (threshold = 165.0 km/s):[0m
2026-04-23 08:00:35,096 | INFO |     Unscreened (σ < 165.0): r = +0.222, p = 0.004
[0;37m[08:00:35] [INFO] 2026-04-23 08:00:35,096 | INFO |     Unscreened (σ < 165.0): r = +0.222, p = 0.004[0m
[0;37m[08:00:35] [INFO] 2026-04-23 08:00:35,096 | INFO |     Unscreened (σ < 165.0): r = +0.222, p = 0.004[0m
2026-04-23 08:00:35,096 | INFO |     Screened (σ ≥ 165.0):   r = -0.128, p = 0.377
[0;37m[08:00:35] [INFO] 2026-04-23 08:00:35,096 | INFO |     Screened (σ ≥ 165.0):   r = -0.128, p = 0.377[0m
[0;37m[08:00:35] [INFO] 2026-04-23 08:00:35,096 | INFO |     Screened (σ ≥ 165.0):   r = -0.128, p = 0.377[0m
2026-04-23 08:00:35,096 | INFO |     → TEP SCREENING PATTERN: Correlation in unscreened only
[0;37m[08:00:35] [INFO] 2026-04-23 08:00:35,096 | INFO |     → TEP SCREENING PATTERN: Correlation in unscreened only[0m
[0;37m[08:00:35] [INFO] 2026-04-23 08:00:35,096 | INFO |     → TEP SCREENING PATTERN: Correlation in unscreened only[0m
2026-04-23 08:00:35,096 | INFO |       (This discriminates TEP from mass step effect)
[0;37m[08:00:35] [INFO] 2026-04-23 08:00:35,096 | INFO |       (This discriminates TEP from mass step effect)[0m
[0;37m[08:00:35] [INFO] 2026-04-23 08:00:35,096 | INFO |       (This discriminates TEP from mass step effect)[0m
2026-04-23 08:00:35,096 | INFO |   → NON-LINEARITY DETECTED: No correlation within tertiles, but correlation across full range
[0;37m[08:00:35] [INFO] 2026-04-23 08:00:35,096 | INFO |   → NON-LINEARITY DETECTED: No correlation within tertiles, but correlation across full range[0m
[0;37m[08:00:35] [INFO] 2026-04-23 08:00:35,096 | INFO |   → NON-LINEARITY DETECTED: No correlation within tertiles, but correlation across full range[0m
2026-04-23 08:00:35,096 | INFO |     This suggests a STEP-FUNCTION or THRESHOLD effect
[0;37m[08:00:35] [INFO] 2026-04-23 08:00:35,096 | INFO |     This suggests a STEP-FUNCTION or THRESHOLD effect[0m
[0;37m[08:00:35] [INFO] 2026-04-23 08:00:35,096 | INFO |     This suggests a STEP-FUNCTION or THRESHOLD effect[0m
2026-04-23 08:00:35,096 | INFO |     (Consistent with TEP screening prediction)
[0;37m[08:00:35] [INFO] 2026-04-23 08:00:35,096 | INFO |     (Consistent with TEP screening prediction)[0m
[0;37m[08:00:35] [INFO] 2026-04-23 08:00:35,096 | INFO |     (Consistent with TEP screening prediction)[0m
2026-04-23 08:00:35,097 | INFO | 
[0;37m[08:00:35] [INFO] 2026-04-23 08:00:35,097 | INFO |[0m
[0;37m[08:00:35] [INFO] 2026-04-23 08:00:35,097 | INFO |[0m
Step-function analysis (split at σ = 112.5 km/s):
[0;37m[08:00:35] [INFO] Step-function analysis (split at σ = 112.5 km/s):[0m
[0;37m[08:00:35] [INFO] Step-function analysis (split at σ = 112.5 km/s):[0m
2026-04-23 08:00:35,097 | INFO |   Low σ:  mB = 19.221 ± 1.733 (n=109)
[0;37m[08:00:35] [INFO] 2026-04-23 08:00:35,097 | INFO |   Low σ:  mB = 19.221 ± 1.733 (n=109)[0m
[0;37m[08:00:35] [INFO] 2026-04-23 08:00:35,097 | INFO |   Low σ:  mB = 19.221 ± 1.733 (n=109)[0m
2026-04-23 08:00:35,097 | INFO |   High σ: mB = 19.806 ± 1.762 (n=109)
[0;37m[08:00:35] [INFO] 2026-04-23 08:00:35,097 | INFO |   High σ: mB = 19.806 ± 1.762 (n=109)[0m
[0;37m[08:00:35] [INFO] 2026-04-23 08:00:35,097 | INFO |   High σ: mB = 19.806 ± 1.762 (n=109)[0m
2026-04-23 08:00:35,097 | INFO |   Difference: 0.586 mag
[0;37m[08:00:35] [INFO] 2026-04-23 08:00:35,097 | INFO |   Difference: 0.586 mag[0m
[0;37m[08:00:35] [INFO] 2026-04-23 08:00:35,097 | INFO |   Difference: 0.586 mag[0m
2026-04-23 08:00:35,097 | INFO |   t-statistic = -2.475, p = 0.0141
[0;37m[08:00:35] [INFO] 2026-04-23 08:00:35,097 | INFO |   t-statistic = -2.475, p = 0.0141[0m
[0;37m[08:00:35] [INFO] 2026-04-23 08:00:35,097 | INFO |   t-statistic = -2.475, p = 0.0141[0m
2026-04-23 08:00:35,097 | INFO |   Effect size (Cohen's d) = 0.335
[0;37m[08:00:35] [INFO] 2026-04-23 08:00:35,097 | INFO |   Effect size (Cohen's d) = 0.335[0m
[0;37m[08:00:35] [INFO] 2026-04-23 08:00:35,097 | INFO |   Effect size (Cohen's d) = 0.335[0m
2026-04-23 08:00:35,097 | INFO | 
[0;37m[08:00:35] [INFO] 2026-04-23 08:00:35,097 | INFO |[0m
[0;37m[08:00:35] [INFO] 2026-04-23 08:00:35,097 | INFO |[0m
Spearman rank correlation:
[0;37m[08:00:35] [INFO] Spearman rank correlation:[0m
[0;37m[08:00:35] [INFO] Spearman rank correlation:[0m
2026-04-23 08:00:35,097 | INFO |   ρ = +0.2541
[0;37m[08:00:35] [INFO] 2026-04-23 08:00:35,097 | INFO |   ρ = +0.2541[0m
[0;37m[08:00:35] [INFO] 2026-04-23 08:00:35,097 | INFO |   ρ = +0.2541[0m
2026-04-23 08:00:35,097 | INFO |   p-value = 1.49e-04
[0;37m[08:00:35] [INFO] 2026-04-23 08:00:35,097 | INFO |   p-value = 1.49e-04[0m
[0;37m[08:00:35] [INFO] 2026-04-23 08:00:35,097 | INFO |   p-value = 1.49e-04[0m
2026-04-23 08:00:35,098 | INFO | 
[0;37m[08:00:35] [INFO] 2026-04-23 08:00:35,098 | INFO |[0m
[0;37m[08:00:35] [INFO] 2026-04-23 08:00:35,098 | INFO |[0m
Linear regression: mB = 1.6901 × log(σ) + 16.0841
[0;37m[08:00:35] [INFO] Linear regression: mB = 1.6901 × log(σ) + 16.0841[0m
[0;37m[08:00:35] [INFO] Linear regression: mB = 1.6901 × log(σ) + 16.0841[0m
2026-04-23 08:00:35,098 | INFO |   R² = 0.0474
[0;37m[08:00:35] [INFO] 2026-04-23 08:00:35,098 | INFO |   R² = 0.0474[0m
[0;37m[08:00:35] [INFO] 2026-04-23 08:00:35,098 | INFO |   R² = 0.0474[0m
2026-04-23 08:00:35,098 | INFO |   Slope significance: 1.21e-03
[0;37m[08:00:35] [INFO] 2026-04-23 08:00:35,098 | INFO |   Slope significance: 1.21e-03[0m
[0;37m[08:00:35] [INFO] 2026-04-23 08:00:35,098 | INFO |   Slope significance: 1.21e-03[0m
2026-04-23 08:00:35,098 | INFO | 
[0;37m[08:00:35] [INFO] 2026-04-23 08:00:35,098 | INFO |[0m
[0;37m[08:00:35] [INFO] 2026-04-23 08:00:35,098 | INFO |[0m
Binned analysis by σ quartiles:
[0;37m[08:00:35] [INFO] Binned analysis by σ quartiles:[0m
[0;37m[08:00:35] [INFO] Binned analysis by σ quartiles:[0m
2026-04-23 08:00:35,098 | INFO | 
[0;37m[08:00:35] [INFO] 2026-04-23 08:00:35,098 | INFO |[0m
[0;37m[08:00:35] [INFO] 2026-04-23 08:00:35,098 | INFO |[0m
Q1: σ = 53.6 km/s (n=55)
[0;37m[08:00:35] [INFO] Q1: σ = 53.6 km/s (n=55)[0m
[0;37m[08:00:35] [INFO] Q1: σ = 53.6 km/s (n=55)[0m
2026-04-23 08:00:35,098 | INFO |   ⟨mB⟩ = 18.888 ± 0.269 mag
[0;37m[08:00:35] [INFO] 2026-04-23 08:00:35,098 | INFO |   ⟨mB⟩ = 18.888 ± 0.269 mag[0m
[0;37m[08:00:35] [INFO] 2026-04-23 08:00:35,098 | INFO |   ⟨mB⟩ = 18.888 ± 0.269 mag[0m
2026-04-23 08:00:35,099 | INFO | 
[0;37m[08:00:35] [INFO] 2026-04-23 08:00:35,099 | INFO |[0m
[0;37m[08:00:35] [INFO] 2026-04-23 08:00:35,099 | INFO |[0m
Q2: σ = 95.5 km/s (n=54)
[0;37m[08:00:35] [INFO] Q2: σ = 95.5 km/s (n=54)[0m
[0;37m[08:00:35] [INFO] Q2: σ = 95.5 km/s (n=54)[0m
2026-04-23 08:00:35,099 | INFO |   ⟨mB⟩ = 19.560 ± 0.184 mag
[0;37m[08:00:35] [INFO] 2026-04-23 08:00:35,099 | INFO |   ⟨mB⟩ = 19.560 ± 0.184 mag[0m
[0;37m[08:00:35] [INFO] 2026-04-23 08:00:35,099 | INFO |   ⟨mB⟩ = 19.560 ± 0.184 mag[0m
2026-04-23 08:00:35,099 | INFO | 
[0;37m[08:00:35] [INFO] 2026-04-23 08:00:35,099 | INFO |[0m
[0;37m[08:00:35] [INFO] 2026-04-23 08:00:35,099 | INFO |[0m
Q3: σ = 132.8 km/s (n=54)
[0;37m[08:00:35] [INFO] Q3: σ = 132.8 km/s (n=54)[0m
[0;37m[08:00:35] [INFO] Q3: σ = 132.8 km/s (n=54)[0m
2026-04-23 08:00:35,099 | INFO |   ⟨mB⟩ = 19.631 ± 0.232 mag
[0;37m[08:00:35] [INFO] 2026-04-23 08:00:35,099 | INFO |   ⟨mB⟩ = 19.631 ± 0.232 mag[0m
[0;37m[08:00:35] [INFO] 2026-04-23 08:00:35,099 | INFO |   ⟨mB⟩ = 19.631 ± 0.232 mag[0m
2026-04-23 08:00:35,099 | INFO | 
[0;37m[08:00:35] [INFO] 2026-04-23 08:00:35,099 | INFO |[0m
[0;37m[08:00:35] [INFO] 2026-04-23 08:00:35,099 | INFO |[0m
Q4: σ = 204.7 km/s (n=55)
[0;37m[08:00:35] [INFO] Q4: σ = 204.7 km/s (n=55)[0m
[0;37m[08:00:35] [INFO] Q4: σ = 204.7 km/s (n=55)[0m
2026-04-23 08:00:35,099 | INFO |   ⟨mB⟩ = 19.979 ± 0.245 mag
[0;37m[08:00:35] [INFO] 2026-04-23 08:00:35,099 | INFO |   ⟨mB⟩ = 19.979 ± 0.245 mag[0m
[0;37m[08:00:35] [INFO] 2026-04-23 08:00:35,099 | INFO |   ⟨mB⟩ = 19.979 ± 0.245 mag[0m
2026-04-23 08:00:35,099 | INFO | 
[0;37m[08:00:35] [INFO] 2026-04-23 08:00:35,099 | INFO |[0m
[0;37m[08:00:35] [INFO] 2026-04-23 08:00:35,099 | INFO |[0m
Q1 vs Q4 comparison:
[0;37m[08:00:35] [INFO] Q1 vs Q4 comparison:[0m
[0;37m[08:00:35] [INFO] Q1 vs Q4 comparison:[0m
2026-04-23 08:00:35,099 | INFO |   t-statistic = -2.999
[0;37m[08:00:35] [INFO] 2026-04-23 08:00:35,099 | INFO |   t-statistic = -2.999[0m
[0;37m[08:00:35] [INFO] 2026-04-23 08:00:35,099 | INFO |   t-statistic = -2.999[0m
2026-04-23 08:00:35,099 | INFO |   p-value = 0.003
[0;37m[08:00:35] [INFO] 2026-04-23 08:00:35,099 | INFO |   p-value = 0.003[0m
[0;37m[08:00:35] [INFO] 2026-04-23 08:00:35,099 | INFO |   p-value = 0.003[0m
2026-04-23 08:00:35,099 | INFO |   Effect size (Cohen's d) = -0.577
[0;37m[08:00:35] [INFO] 2026-04-23 08:00:35,099 | INFO |   Effect size (Cohen's d) = -0.577[0m
[0;37m[08:00:35] [INFO] 2026-04-23 08:00:35,099 | INFO |   Effect size (Cohen's d) = -0.577[0m
2026-04-23 08:00:35,099 | INFO | 
[0;37m[08:00:35] [INFO] 2026-04-23 08:00:35,099 | INFO |[0m
[0;37m[08:00:35] [INFO] 2026-04-23 08:00:35,099 | INFO |[0m
======================================================================
[0;37m[08:00:35] [INFO] ======================================================================[0m
[0;37m[08:00:35] [INFO] ======================================================================[0m
2026-04-23 08:00:35,099 | INFO | COMPREHENSIVE EVIDENCE: TEP Screening Threshold Test
[0;37m[08:00:35] [INFO] 2026-04-23 08:00:35,099 | INFO | COMPREHENSIVE EVIDENCE: TEP Screening Threshold Test[0m
[0;37m[08:00:35] [INFO] 2026-04-23 08:00:35,099 | INFO | COMPREHENSIVE EVIDENCE: TEP Screening Threshold Test[0m
2026-04-23 08:00:35,100 | INFO | ======================================================================
[0;37m[08:00:35] [INFO] 2026-04-23 08:00:35,100 | INFO | ======================================================================[0m
[0;37m[08:00:35] [INFO] 2026-04-23 08:00:35,100 | INFO | ======================================================================[0m
2026-04-23 08:00:35,101 | INFO | Split at σ = 165.0 km/s (TEP screening threshold):
[0;37m[08:00:35] [INFO] 2026-04-23 08:00:35,101 | INFO | Split at σ = 165.0 km/s (TEP screening threshold):[0m
[0;37m[08:00:35] [INFO] 2026-04-23 08:00:35,101 | INFO | Split at σ = 165.0 km/s (TEP screening threshold):[0m
2026-04-23 08:00:35,101 | INFO |   Unscreened (σ < 165.0): n=168, mB=19.382±1.733
[0;37m[08:00:35] [INFO] 2026-04-23 08:00:35,101 | INFO |   Unscreened (σ < 165.0): n=168, mB=19.382±1.733[0m
[0;37m[08:00:35] [INFO] 2026-04-23 08:00:35,101 | INFO |   Unscreened (σ < 165.0): n=168, mB=19.382±1.733[0m
2026-04-23 08:00:35,101 | INFO |   Screened (σ ≥ 165.0): n=50, mB=19.954±1.832
[0;37m[08:00:35] [INFO] 2026-04-23 08:00:35,101 | INFO |   Screened (σ ≥ 165.0): n=50, mB=19.954±1.832[0m
[0;37m[08:00:35] [INFO] 2026-04-23 08:00:35,101 | INFO |   Screened (σ ≥ 165.0): n=50, mB=19.954±1.832[0m
2026-04-23 08:00:35,101 | INFO |   Difference: 0.572 mag
[0;37m[08:00:35] [INFO] 2026-04-23 08:00:35,101 | INFO |   Difference: 0.572 mag[0m
[0;37m[08:00:35] [INFO] 2026-04-23 08:00:35,101 | INFO |   Difference: 0.572 mag[0m
2026-04-23 08:00:35,101 | INFO |   Mann-Whitney U: p = 0.0046
[0;37m[08:00:35] [INFO] 2026-04-23 08:00:35,101 | INFO |   Mann-Whitney U: p = 0.0046[0m
[0;37m[08:00:35] [INFO] 2026-04-23 08:00:35,101 | INFO |   Mann-Whitney U: p = 0.0046[0m
2026-04-23 08:00:35,101 | INFO |   T-test: t = -2.022, p = 0.0444
[0;37m[08:00:35] [INFO] 2026-04-23 08:00:35,101 | INFO |   T-test: t = -2.022, p = 0.0444[0m
[0;37m[08:00:35] [INFO] 2026-04-23 08:00:35,101 | INFO |   T-test: t = -2.022, p = 0.0444[0m
2026-04-23 08:00:35,101 | INFO |   Cohen's d = 0.321
[0;37m[08:00:35] [INFO] 2026-04-23 08:00:35,101 | INFO |   Cohen's d = 0.321[0m
[0;37m[08:00:35] [INFO] 2026-04-23 08:00:35,101 | INFO |   Cohen's d = 0.321[0m
2026-04-23 08:00:35,101 | INFO | 
[0;37m[08:00:35] [INFO] 2026-04-23 08:00:35,101 | INFO |[0m
[0;37m[08:00:35] [INFO] 2026-04-23 08:00:35,101 | INFO |[0m
  Within-regime correlations (key test for TEP):
[0;37m[08:00:35] [INFO]   Within-regime correlations (key test for TEP):[0m
[0;37m[08:00:35] [INFO]   Within-regime correlations (key test for TEP):[0m
2026-04-23 08:00:35,101 | INFO |     Unscreened (σ < 165.0): r = +0.222, p = 0.004
[0;37m[08:00:35] [INFO] 2026-04-23 08:00:35,101 | INFO |     Unscreened (σ < 165.0): r = +0.222, p = 0.004[0m
[0;37m[08:00:35] [INFO] 2026-04-23 08:00:35,101 | INFO |     Unscreened (σ < 165.0): r = +0.222, p = 0.004[0m
2026-04-23 08:00:35,101 | INFO |     Screened (σ ≥ 165.0):   r = -0.128, p = 0.377
[0;37m[08:00:35] [INFO] 2026-04-23 08:00:35,101 | INFO |     Screened (σ ≥ 165.0):   r = -0.128, p = 0.377[0m
[0;37m[08:00:35] [INFO] 2026-04-23 08:00:35,101 | INFO |     Screened (σ ≥ 165.0):   r = -0.128, p = 0.377[0m
2026-04-23 08:00:35,101 | INFO |     → Significant correlation CONTINUES within unscreened regime
[0;37m[08:00:35] [INFO] 2026-04-23 08:00:35,101 | INFO |     → Significant correlation CONTINUES within unscreened regime[0m
[0;37m[08:00:35] [INFO] 2026-04-23 08:00:35,101 | INFO |     → Significant correlation CONTINUES within unscreened regime[0m
2026-04-23 08:00:35,101 | INFO |     → This contradicts pure step-function screening prediction
[0;37m[08:00:35] [INFO] 2026-04-23 08:00:35,101 | INFO |     → This contradicts pure step-function screening prediction[0m
[0;37m[08:00:35] [INFO] 2026-04-23 08:00:35,101 | INFO |     → This contradicts pure step-function screening prediction[0m
2026-04-23 08:00:35,101 | INFO | 
[0;37m[08:00:35] [INFO] 2026-04-23 08:00:35,101 | INFO |[0m
[0;37m[08:00:35] [INFO] 2026-04-23 08:00:35,101 | INFO |[0m
======================================================================
[0;37m[08:00:35] [INFO] ======================================================================[0m
[0;37m[08:00:35] [INFO] ======================================================================[0m
2026-04-23 08:00:35,101 | INFO | COMBINED STATISTICAL ANALYSIS: Fisher's Method
[0;37m[08:00:35] [INFO] 2026-04-23 08:00:35,101 | INFO | COMBINED STATISTICAL ANALYSIS: Fisher's Method[0m
[0;37m[08:00:35] [INFO] 2026-04-23 08:00:35,101 | INFO | COMBINED STATISTICAL ANALYSIS: Fisher's Method[0m
2026-04-23 08:00:35,101 | INFO | ======================================================================
[0;37m[08:00:35] [INFO] 2026-04-23 08:00:35,101 | INFO | ======================================================================[0m
[0;37m[08:00:35] [INFO] 2026-04-23 08:00:35,101 | INFO | ======================================================================[0m
2026-04-23 08:00:35,101 | INFO | 
[0;37m[08:00:35] [INFO] 2026-04-23 08:00:35,101 | INFO |[0m
[0;37m[08:00:35] [INFO] 2026-04-23 08:00:35,101 | INFO |[0m
Multiple Comparison Corrections:
[0;37m[08:00:35] [INFO] Multiple Comparison Corrections:[0m
[0;37m[08:00:35] [INFO] Multiple Comparison Corrections:[0m
2026-04-23 08:00:35,101 | INFO |   Bonferroni threshold (α=0.05/m=4): 0.0125
[0;37m[08:00:35] [INFO] 2026-04-23 08:00:35,101 | INFO |   Bonferroni threshold (α=0.05/m=4): 0.0125[0m
[0;37m[08:00:35] [INFO] 2026-04-23 08:00:35,101 | INFO |   Bonferroni threshold (α=0.05/m=4): 0.0125[0m
2026-04-23 08:00:35,101 | INFO |   Bonferroni significant tests: 2/4
[0;37m[08:00:35] [INFO] 2026-04-23 08:00:35,101 | INFO |   Bonferroni significant tests: 2/4[0m
[0;37m[08:00:35] [INFO] 2026-04-23 08:00:35,101 | INFO |   Bonferroni significant tests: 2/4[0m
2026-04-23 08:00:35,101 | INFO |   FDR (Benjamini-Hochberg) significant tests: 4/4
[0;37m[08:00:35] [INFO] 2026-04-23 08:00:35,101 | INFO |   FDR (Benjamini-Hochberg) significant tests: 4/4[0m
[0;37m[08:00:35] [INFO] 2026-04-23 08:00:35,101 | INFO |   FDR (Benjamini-Hochberg) significant tests: 4/4[0m
2026-04-23 08:00:35,101 | INFO |     Pearson correlation: p=0.0012, Bonferroni adj=0.0048, FDR adj=0.0048, FDR sig=True
[0;37m[08:00:35] [INFO] 2026-04-23 08:00:35,101 | INFO |     Pearson correlation: p=0.0012, Bonferroni adj=0.0048, FDR adj=0.0048, FDR sig=True[0m
[0;37m[08:00:35] [INFO] 2026-04-23 08:00:35,101 | INFO |     Pearson correlation: p=0.0012, Bonferroni adj=0.0048, FDR adj=0.0048, FDR sig=True[0m
2026-04-23 08:00:35,101 | INFO |     Step-function (median): p=0.0141, Bonferroni adj=0.0564, FDR adj=0.0048, FDR sig=True
[0;37m[08:00:35] [INFO] 2026-04-23 08:00:35,101 | INFO |     Step-function (median): p=0.0141, Bonferroni adj=0.0564, FDR adj=0.0048, FDR sig=True[0m
[0;37m[08:00:35] [INFO] 2026-04-23 08:00:35,101 | INFO |     Step-function (median): p=0.0141, Bonferroni adj=0.0564, FDR adj=0.0048, FDR sig=True[0m
2026-04-23 08:00:35,101 | INFO |     Q1 vs Q4 quartiles: p=0.0034, Bonferroni adj=0.0134, FDR adj=0.0048, FDR sig=True
[0;37m[08:00:35] [INFO] 2026-04-23 08:00:35,101 | INFO |     Q1 vs Q4 quartiles: p=0.0034, Bonferroni adj=0.0134, FDR adj=0.0048, FDR sig=True[0m
[0;37m[08:00:35] [INFO] 2026-04-23 08:00:35,101 | INFO |     Q1 vs Q4 quartiles: p=0.0034, Bonferroni adj=0.0134, FDR adj=0.0048, FDR sig=True[0m
2026-04-23 08:00:35,101 | INFO |     Screening threshold: p=0.0444, Bonferroni adj=0.1777, FDR adj=0.0048, FDR sig=True
[0;37m[08:00:35] [INFO] 2026-04-23 08:00:35,101 | INFO |     Screening threshold: p=0.0444, Bonferroni adj=0.1777, FDR adj=0.0048, FDR sig=True[0m
[0;37m[08:00:35] [INFO] 2026-04-23 08:00:35,101 | INFO |     Screening threshold: p=0.0444, Bonferroni adj=0.1777, FDR adj=0.0048, FDR sig=True[0m
2026-04-23 08:00:35,101 | INFO | 
[0;37m[08:00:35] [INFO] 2026-04-23 08:00:35,101 | INFO |[0m
[0;37m[08:00:35] [INFO] 2026-04-23 08:00:35,101 | INFO |[0m
Strongest individual test (valid, no combination needed):
[0;37m[08:00:35] [INFO] Strongest individual test (valid, no combination needed):[0m
[0;37m[08:00:35] [INFO] Strongest individual test (valid, no combination needed):[0m
2026-04-23 08:00:35,101 | INFO |   - Pearson correlation: 3.24σ
[0;37m[08:00:35] [INFO] 2026-04-23 08:00:35,101 | INFO |   - Pearson correlation: 3.24σ[0m
[0;37m[08:00:35] [INFO] 2026-04-23 08:00:35,101 | INFO |   - Pearson correlation: 3.24σ[0m
2026-04-23 08:00:35,101 | INFO |   NOTE: Tests use same data; combined significance would be invalid.
[0;37m[08:00:35] [INFO] 2026-04-23 08:00:35,101 | INFO |   NOTE: Tests use same data; combined significance would be invalid.[0m
[0;37m[08:00:35] [INFO] 2026-04-23 08:00:35,101 | INFO |   NOTE: Tests use same data; combined significance would be invalid.[0m
2026-04-23 08:00:35,101 | INFO | 
[0;37m[08:00:35] [INFO] 2026-04-23 08:00:35,101 | INFO |[0m
[0;37m[08:00:35] [INFO] 2026-04-23 08:00:35,101 | INFO |[0m
======================================================================
[0;37m[08:00:35] [INFO] ======================================================================[0m
[0;37m[08:00:35] [INFO] ======================================================================[0m
2026-04-23 08:00:35,101 | INFO | VERDICT
[0;37m[08:00:35] [INFO] 2026-04-23 08:00:35,101 | INFO | VERDICT[0m
[0;37m[08:00:35] [INFO] 2026-04-23 08:00:35,101 | INFO | VERDICT[0m
2026-04-23 08:00:35,101 | INFO | ======================================================================
[0;37m[08:00:35] [INFO] 2026-04-23 08:00:35,101 | INFO | ======================================================================[0m
[0;37m[08:00:35] [INFO] 2026-04-23 08:00:35,101 | INFO | ======================================================================[0m
2026-04-23 08:00:35,101 | INFO | 
[0;37m[08:00:35] [INFO] 2026-04-23 08:00:35,101 | INFO |[0m
[0;37m[08:00:35] [INFO] 2026-04-23 08:00:35,101 | INFO |[0m
======================================================================
[0;37m[08:00:35] [INFO] ======================================================================[0m
[0;37m[08:00:35] [INFO] ======================================================================[0m
2026-04-23 08:00:35,101 | INFO | VERDICT
[0;37m[08:00:35] [INFO] 2026-04-23 08:00:35,101 | INFO | VERDICT[0m
[0;37m[08:00:35] [INFO] 2026-04-23 08:00:35,101 | INFO | VERDICT[0m
2026-04-23 08:00:35,101 | INFO | ======================================================================
[0;37m[08:00:35] [INFO] 2026-04-23 08:00:35,101 | INFO | ======================================================================[0m
[0;37m[08:00:35] [INFO] 2026-04-23 08:00:35,101 | INFO | ======================================================================[0m
2026-04-23 08:00:35,101 | INFO | 
[0;37m[08:00:35] [INFO] 2026-04-23 08:00:35,101 | INFO |[0m
[0;37m[08:00:35] [INFO] 2026-04-23 08:00:35,101 | INFO |[0m
======================================================================
[0;37m[08:00:35] [INFO] ======================================================================[0m
[0;37m[08:00:35] [INFO] ======================================================================[0m
2026-04-23 08:00:35,101 | INFO | SCREENING PATTERN ANALYSIS (Key TEP Discriminator)
[0;37m[08:00:35] [INFO] 2026-04-23 08:00:35,101 | INFO | SCREENING PATTERN ANALYSIS (Key TEP Discriminator)[0m
[0;37m[08:00:35] [INFO] 2026-04-23 08:00:35,101 | INFO | SCREENING PATTERN ANALYSIS (Key TEP Discriminator)[0m
2026-04-23 08:00:35,101 | INFO | ======================================================================
[0;37m[08:00:35] [INFO] 2026-04-23 08:00:35,101 | INFO | ======================================================================[0m
[0;37m[08:00:35] [INFO] 2026-04-23 08:00:35,101 | INFO | ======================================================================[0m
2026-04-23 08:00:35,101 | INFO | Unscreened (σ < 165.0): r = +0.222, p = 0.0038 (significant)
[0;37m[08:00:35] [INFO] 2026-04-23 08:00:35,101 | INFO | Unscreened (σ < 165.0): r = +0.222, p = 0.0038 (significant)[0m
[0;37m[08:00:35] [INFO] 2026-04-23 08:00:35,101 | INFO | Unscreened (σ < 165.0): r = +0.222, p = 0.0038 (significant)[0m
2026-04-23 08:00:35,101 | INFO | Screened (σ ≥ 165.0):   r = -0.128, p = 0.3774 (not significant)
[0;37m[08:00:35] [INFO] 2026-04-23 08:00:35,101 | INFO | Screened (σ ≥ 165.0):   r = -0.128, p = 0.3774 (not significant)[0m
[0;37m[08:00:35] [INFO] 2026-04-23 08:00:35,101 | INFO | Screened (σ ≥ 165.0):   r = -0.128, p = 0.3774 (not significant)[0m
2026-04-23 08:00:35,101 | INFO | 
[0;37m[08:00:35] [INFO] 2026-04-23 08:00:35,101 | INFO |[0m
[0;37m[08:00:35] [INFO] 2026-04-23 08:00:35,101 | INFO |[0m
→ Correlation present in unscreened regime, absent in screened - matches TEP screening prediction
[0;37m[08:00:35] [INFO] → Correlation present in unscreened regime, absent in screened - matches TEP screening prediction[0m
[0;37m[08:00:35] [INFO] → Correlation present in unscreened regime, absent in screened - matches TEP screening prediction[0m
2026-04-23 08:00:35,101 | INFO | 
[0;37m[08:00:35] [INFO] 2026-04-23 08:00:35,101 | INFO |[0m
[0;37m[08:00:35] [INFO] 2026-04-23 08:00:35,101 | INFO |[0m
Partial correlation: r = -0.047, p = 0.494
[0;37m[08:00:35] [INFO] Partial correlation: r = -0.047, p = 0.494[0m
[0;37m[08:00:35] [INFO] Partial correlation: r = -0.047, p = 0.494[0m
2026-04-23 08:00:35,102 | INFO | (σ-mass correlation: r = 0.447)
[0;37m[08:00:35] [INFO] 2026-04-23 08:00:35,102 | INFO | (σ-mass correlation: r = 0.447)[0m
[0;37m[08:00:35] [INFO] 2026-04-23 08:00:35,102 | INFO | (σ-mass correlation: r = 0.447)[0m
2026-04-23 08:00:35,102 | INFO | Note: σ and mass are collinear; partial correlation may remove TEP signal too
[0;37m[08:00:35] [INFO] 2026-04-23 08:00:35,102 | INFO | Note: σ and mass are collinear; partial correlation may remove TEP signal too[0m
[0;37m[08:00:35] [INFO] 2026-04-23 08:00:35,102 | INFO | Note: σ and mass are collinear; partial correlation may remove TEP signal too[0m
2026-04-23 08:00:35,102 | INFO | 
[0;37m[08:00:35] [INFO] 2026-04-23 08:00:35,102 | INFO |[0m
[0;37m[08:00:35] [INFO] 2026-04-23 08:00:35,102 | INFO |[0m
======================================================================
[0;37m[08:00:35] [INFO] ======================================================================[0m
[0;37m[08:00:35] [INFO] ======================================================================[0m
2026-04-23 08:00:35,102 | INFO | FINAL VERDICT
[0;37m[08:00:35] [INFO] 2026-04-23 08:00:35,102 | INFO | FINAL VERDICT[0m
[0;37m[08:00:35] [INFO] 2026-04-23 08:00:35,102 | INFO | FINAL VERDICT[0m
2026-04-23 08:00:35,102 | INFO | ======================================================================
[0;37m[08:00:35] [INFO] 2026-04-23 08:00:35,102 | INFO | ======================================================================[0m
[0;37m[08:00:35] [INFO] 2026-04-23 08:00:35,102 | INFO | ======================================================================[0m
2026-04-23 08:00:35,102 | INFO | Verdict: tep_consistent
[0;37m[08:00:35] [INFO] 2026-04-23 08:00:35,102 | INFO | Verdict: tep_consistent[0m
[0;37m[08:00:35] [INFO] 2026-04-23 08:00:35,102 | INFO | Verdict: tep_consistent[0m
2026-04-23 08:00:35,102 | INFO | Interpretation: TEP screening pattern detected: correlation in unscreened regime (r=+0.22, p=0.004), absent in screened (r=-0.13, p=0.38). Mass-σ collinearity under TEP makes partial correlation null - this is expected, not contradictory.
[0;37m[08:00:35] [INFO] 2026-04-23 08:00:35,102 | INFO | Interpretation: TEP screening pattern detected: correlation in unscreened regime (r=+0.22, p=0.004), absent in screened (r=-0.13, p=0.38). Mass-σ collinearity under TEP makes partial correlation null - this is expected, not contradictory.[0m
[0;37m[08:00:35] [INFO] 2026-04-23 08:00:35,102 | INFO | Interpretation: TEP screening pattern detected: correlation in unscreened regime (r=+0.22, p=0.004), absent in screened (r=-0.13, p=0.38). Mass-σ collinearity under TEP makes partial correlation null - this is expected, not contradictory.[0m
2026-04-23 08:00:35,102 | INFO | Correlation sign: POSITIVE
[0;37m[08:00:35] [INFO] 2026-04-23 08:00:35,102 | INFO | Correlation sign: POSITIVE[0m
[0;37m[08:00:35] [INFO] 2026-04-23 08:00:35,102 | INFO | Correlation sign: POSITIVE[0m
2026-04-23 08:00:35,102 | INFO | Statistical significance: 3.2σ
[0;37m[08:00:35] [INFO] 2026-04-23 08:00:35,102 | INFO | Statistical significance: 3.2σ[0m
[0;37m[08:00:35] [INFO] 2026-04-23 08:00:35,102 | INFO | Statistical significance: 3.2σ[0m
2026-04-23 08:00:35,102 | INFO | Verdict: tep_consistent
[0;37m[08:00:35] [INFO] 2026-04-23 08:00:35,102 | INFO | Verdict: tep_consistent[0m
[0;37m[08:00:35] [INFO] 2026-04-23 08:00:35,102 | INFO | Verdict: tep_consistent[0m
2026-04-23 08:00:35,102 | INFO | Interpretation: TEP screening pattern detected: correlation in unscreened regime (r=+0.22, p=0.004), absent in screened (r=-0.13, p=0.38). Mass-σ collinearity under TEP makes partial correlation null - this is expected, not contradictory.
[0;37m[08:00:35] [INFO] 2026-04-23 08:00:35,102 | INFO | Interpretation: TEP screening pattern detected: correlation in unscreened regime (r=+0.22, p=0.004), absent in screened (r=-0.13, p=0.38). Mass-σ collinearity under TEP makes partial correlation null - this is expected, not contradictory.[0m
[0;37m[08:00:35] [INFO] 2026-04-23 08:00:35,102 | INFO | Interpretation: TEP screening pattern detected: correlation in unscreened regime (r=+0.22, p=0.004), absent in screened (r=-0.13, p=0.38). Mass-σ collinearity under TEP makes partial correlation null - this is expected, not contradictory.[0m
2026-04-23 08:00:35,102 | INFO | 
[0;37m[08:00:35] [INFO] 2026-04-23 08:00:35,102 | INFO |[0m
[0;37m[08:00:35] [INFO] 2026-04-23 08:00:35,102 | INFO |[0m
======================================================================
[0;37m[08:00:35] [INFO] ======================================================================[0m
[0;37m[08:00:35] [INFO] ======================================================================[0m
2026-04-23 08:00:35,102 | INFO | STRETCH (x1) vs HOST VELOCITY DISPERSION
[0;37m[08:00:35] [INFO] 2026-04-23 08:00:35,102 | INFO | STRETCH (x1) vs HOST VELOCITY DISPERSION[0m
[0;37m[08:00:35] [INFO] 2026-04-23 08:00:35,102 | INFO | STRETCH (x1) vs HOST VELOCITY DISPERSION[0m
2026-04-23 08:00:35,102 | INFO | ======================================================================
[0;37m[08:00:35] [INFO] 2026-04-23 08:00:35,102 | INFO | ======================================================================[0m
[0;37m[08:00:35] [INFO] 2026-04-23 08:00:35,102 | INFO | ======================================================================[0m
2026-04-23 08:00:35,102 | INFO | Sample: 218 SNe with x1 measurements
[0;37m[08:00:35] [INFO] 2026-04-23 08:00:35,102 | INFO | Sample: 218 SNe with x1 measurements[0m
[0;37m[08:00:35] [INFO] 2026-04-23 08:00:35,102 | INFO | Sample: 218 SNe with x1 measurements[0m
2026-04-23 08:00:35,102 | INFO | Pearson:  r = -0.2645, p = 7.68e-05
[0;37m[08:00:35] [INFO] 2026-04-23 08:00:35,102 | INFO | Pearson:  r = -0.2645, p = 7.68e-05[0m
[0;37m[08:00:35] [INFO] 2026-04-23 08:00:35,102 | INFO | Pearson:  r = -0.2645, p = 7.68e-05[0m
2026-04-23 08:00:35,102 | INFO | Spearman: ρ = -0.2503, p = 1.88e-04
[0;37m[08:00:35] [INFO] 2026-04-23 08:00:35,102 | INFO | Spearman: ρ = -0.2503, p = 1.88e-04[0m
[0;37m[08:00:35] [INFO] 2026-04-23 08:00:35,102 | INFO | Spearman: ρ = -0.2503, p = 1.88e-04[0m
2026-04-23 08:00:35,103 | INFO | Partial correlation (controlling for mass): r = -0.1429, p = 3.43e-02
[0;37m[08:00:35] [INFO] 2026-04-23 08:00:35,103 | INFO | Partial correlation (controlling for mass): r = -0.1429, p = 3.43e-02[0m
[0;37m[08:00:35] [INFO] 2026-04-23 08:00:35,103 | INFO | Partial correlation (controlling for mass): r = -0.1429, p = 3.43e-02[0m
2026-04-23 08:00:35,103 | INFO |   Q1: σ = 53.6, ⟨x1⟩ = +0.233 ± 0.110
[0;37m[08:00:35] [INFO] 2026-04-23 08:00:35,103 | INFO |   Q1: σ = 53.6, ⟨x1⟩ = +0.233 ± 0.110[0m
[0;37m[08:00:35] [INFO] 2026-04-23 08:00:35,103 | INFO |   Q1: σ = 53.6, ⟨x1⟩ = +0.233 ± 0.110[0m
2026-04-23 08:00:35,103 | INFO |   Q2: σ = 95.5, ⟨x1⟩ = -0.066 ± 0.117
[0;37m[08:00:35] [INFO] 2026-04-23 08:00:35,103 | INFO |   Q2: σ = 95.5, ⟨x1⟩ = -0.066 ± 0.117[0m
[0;37m[08:00:35] [INFO] 2026-04-23 08:00:35,103 | INFO |   Q2: σ = 95.5, ⟨x1⟩ = -0.066 ± 0.117[0m
2026-04-23 08:00:35,104 | INFO |   Q3: σ = 132.8, ⟨x1⟩ = -0.154 ± 0.140
[0;37m[08:00:35] [INFO] 2026-04-23 08:00:35,104 | INFO |   Q3: σ = 132.8, ⟨x1⟩ = -0.154 ± 0.140[0m
[0;37m[08:00:35] [INFO] 2026-04-23 08:00:35,104 | INFO |   Q3: σ = 132.8, ⟨x1⟩ = -0.154 ± 0.140[0m
2026-04-23 08:00:35,104 | INFO |   Q4: σ = 204.7, ⟨x1⟩ = -0.492 ± 0.158
[0;37m[08:00:35] [INFO] 2026-04-23 08:00:35,104 | INFO |   Q4: σ = 204.7, ⟨x1⟩ = -0.492 ± 0.158[0m
[0;37m[08:00:35] [INFO] 2026-04-23 08:00:35,104 | INFO |   Q4: σ = 204.7, ⟨x1⟩ = -0.492 ± 0.158[0m
2026-04-23 08:00:35,104 | INFO | 
[0;37m[08:00:35] [INFO] 2026-04-23 08:00:35,104 | INFO |[0m
[0;37m[08:00:35] [INFO] 2026-04-23 08:00:35,104 | INFO |[0m
Host mass correlation with x1: r = -0.3210, p = 1.29e-06
[0;37m[08:00:35] [INFO] Host mass correlation with x1: r = -0.3210, p = 1.29e-06[0m
[0;37m[08:00:35] [INFO] Host mass correlation with x1: r = -0.3210, p = 1.29e-06[0m
2026-04-23 08:00:35,104 | INFO |   Low mass:  ⟨x1⟩ = +0.142 (n=109)
[0;37m[08:00:35] [INFO] 2026-04-23 08:00:35,104 | INFO |   Low mass:  ⟨x1⟩ = +0.142 (n=109)[0m
[0;37m[08:00:35] [INFO] 2026-04-23 08:00:35,104 | INFO |   Low mass:  ⟨x1⟩ = +0.142 (n=109)[0m
2026-04-23 08:00:35,104 | INFO |   High mass: ⟨x1⟩ = -0.382 (n=109)
[0;37m[08:00:35] [INFO] 2026-04-23 08:00:35,104 | INFO |   High mass: ⟨x1⟩ = -0.382 (n=109)[0m
[0;37m[08:00:35] [INFO] 2026-04-23 08:00:35,104 | INFO |   High mass: ⟨x1⟩ = -0.382 (n=109)[0m
2026-04-23 08:00:35,104 | INFO | 
[0;37m[08:00:35] [INFO] 2026-04-23 08:00:35,104 | INFO |[0m
[0;37m[08:00:35] [INFO] 2026-04-23 08:00:35,104 | INFO |[0m
Stretch Analysis Verdict: contradicted
[0;37m[08:00:35] [INFO] Stretch Analysis Verdict: contradicted[0m
[0;37m[08:00:35] [INFO] Stretch Analysis Verdict: contradicted[0m
2026-04-23 08:00:35,104 | INFO | Interpretation: Higher σ → Less stretched SNe (opposite to TEP prediction; standard progenitor effects dominate)
[0;37m[08:00:35] [INFO] 2026-04-23 08:00:35,104 | INFO | Interpretation: Higher σ → Less stretched SNe (opposite to TEP prediction; standard progenitor effects dominate)[0m
[0;37m[08:00:35] [INFO] 2026-04-23 08:00:35,104 | INFO | Interpretation: Higher σ → Less stretched SNe (opposite to TEP prediction; standard progenitor effects dominate)[0m
2026-04-23 08:00:35,105 | INFO | 
[0;37m[08:00:35] [INFO] 2026-04-23 08:00:35,105 | INFO |[0m
[0;37m[08:00:35] [INFO] 2026-04-23 08:00:35,105 | INFO |[0m
Results saved to: results/outputs/step_7_0_sn_ia_mB_sigma.json
[0;37m[08:00:35] [INFO] Results saved to: results/outputs/step_7_0_sn_ia_mB_sigma.json[0m
[0;37m[08:00:35] [INFO] Results saved to: results/outputs/step_7_0_sn_ia_mB_sigma.json[0m
2026-04-23 08:00:35,105 | INFO | 
[0;37m[08:00:35] [INFO] 2026-04-23 08:00:35,105 | INFO |[0m
[0;37m[08:00:35] [INFO] 2026-04-23 08:00:35,105 | INFO |[0m
Results saved to: results/outputs/step_7_0_sn_ia_stretch_sigma.json
[0;37m[08:00:35] [INFO] Results saved to: results/outputs/step_7_0_sn_ia_stretch_sigma.json[0m
[0;37m[08:00:35] [INFO] Results saved to: results/outputs/step_7_0_sn_ia_stretch_sigma.json[0m
2026-04-23 08:00:35,105 | INFO | 
[0;37m[08:00:35] [INFO] 2026-04-23 08:00:35,105 | INFO |[0m
[0;37m[08:00:35] [INFO] 2026-04-23 08:00:35,105 | INFO |[0m
======================================================================
[0;37m[08:00:35] [INFO] ======================================================================[0m
[0;37m[08:00:35] [INFO] ======================================================================[0m
2026-04-23 08:00:35,105 | INFO | SUMMARY: BOTH ANALYSES COMPLETE
[0;37m[08:00:35] [INFO] 2026-04-23 08:00:35,105 | INFO | SUMMARY: BOTH ANALYSES COMPLETE[0m
[0;37m[08:00:35] [INFO] 2026-04-23 08:00:35,105 | INFO | SUMMARY: BOTH ANALYSES COMPLETE[0m
2026-04-23 08:00:35,105 | INFO | ======================================================================
[0;37m[08:00:35] [INFO] 2026-04-23 08:00:35,105 | INFO | ======================================================================[0m
[0;37m[08:00:35] [INFO] 2026-04-23 08:00:35,105 | INFO | ======================================================================[0m
2026-04-23 08:00:35,105 | INFO | Magnitude (mB) vs σ: tep_consistent
[0;37m[08:00:35] [INFO] 2026-04-23 08:00:35,105 | INFO | Magnitude (mB) vs σ: tep_consistent[0m
[0;37m[08:00:35] [INFO] 2026-04-23 08:00:35,105 | INFO | Magnitude (mB) vs σ: tep_consistent[0m
2026-04-23 08:00:35,105 | INFO | Stretch (x1) vs σ: contradicted
[0;37m[08:00:35] [INFO] 2026-04-23 08:00:35,105 | INFO | Stretch (x1) vs σ: contradicted[0m
[0;37m[08:00:35] [INFO] 2026-04-23 08:00:35,105 | INFO | Stretch (x1) vs σ: contradicted[0m
2026-04-23 08:00:35,105 | INFO | 
[0;37m[08:00:35] [INFO] 2026-04-23 08:00:35,105 | INFO |[0m
[0;37m[08:00:35] [INFO] 2026-04-23 08:00:35,105 | INFO |[0m
======================================================================
[0;37m[08:00:35] [INFO] ======================================================================[0m
[0;37m[08:00:35] [INFO] ======================================================================[0m
2026-04-23 08:00:35,105 | INFO | KEY FINDING: RATE vs FOSSIL Observable Pattern
[0;37m[08:00:35] [INFO] 2026-04-23 08:00:35,105 | INFO | KEY FINDING: RATE vs FOSSIL Observable Pattern[0m
[0;37m[08:00:35] [INFO] 2026-04-23 08:00:35,105 | INFO | KEY FINDING: RATE vs FOSSIL Observable Pattern[0m
2026-04-23 08:00:35,105 | INFO | ======================================================================
[0;37m[08:00:35] [INFO] 2026-04-23 08:00:35,105 | INFO | ======================================================================[0m
[0;37m[08:00:35] [INFO] 2026-04-23 08:00:35,105 | INFO | ======================================================================[0m
2026-04-23 08:00:35,105 | INFO | mB (RATE observable): Shows TEP screening pattern
[0;37m[08:00:35] [INFO] 2026-04-23 08:00:35,105 | INFO | mB (RATE observable): Shows TEP screening pattern[0m
[0;37m[08:00:35] [INFO] 2026-04-23 08:00:35,105 | INFO | mB (RATE observable): Shows TEP screening pattern[0m
2026-04-23 08:00:35,105 | INFO |   → Correlation in unscreened regime, absent in screened
[0;37m[08:00:35] [INFO] 2026-04-23 08:00:35,105 | INFO |   → Correlation in unscreened regime, absent in screened[0m
[0;37m[08:00:35] [INFO] 2026-04-23 08:00:35,105 | INFO |   → Correlation in unscreened regime, absent in screened[0m
2026-04-23 08:00:35,105 | INFO |   → Matches TEP prediction for time-domain effects
[0;37m[08:00:35] [INFO] 2026-04-23 08:00:35,105 | INFO |   → Matches TEP prediction for time-domain effects[0m
[0;37m[08:00:35] [INFO] 2026-04-23 08:00:35,105 | INFO |   → Matches TEP prediction for time-domain effects[0m
2026-04-23 08:00:35,105 | INFO | 
[0;37m[08:00:35] [INFO] 2026-04-23 08:00:35,105 | INFO |[0m
[0;37m[08:00:35] [INFO] 2026-04-23 08:00:35,105 | INFO |[0m
2026-04-23 08:00:35,105 | INFO | x1 (FOSSIL observable): Shows negative correlation (contradicted)
[0;37m[08:00:35] [INFO] 2026-04-23 08:00:35,105 | INFO | x1 (FOSSIL observable): Shows negative correlation (contradicted)[0m
[0;37m[08:00:35] [INFO] 2026-04-23 08:00:35,105 | INFO | x1 (FOSSIL observable): Shows negative correlation (contradicted)[0m
2026-04-23 08:00:35,105 | INFO |   → Dominated by progenitor age/metallicity effects
[0;37m[08:00:35] [INFO] 2026-04-23 08:00:35,105 | INFO |   → Dominated by progenitor age/metallicity effects[0m
[0;37m[08:00:35] [INFO] 2026-04-23 08:00:35,105 | INFO |   → Dominated by progenitor age/metallicity effects[0m
2026-04-23 08:00:35,105 | INFO |   → Expected: massive galaxies have older stellar populations
[0;37m[08:00:35] [INFO] 2026-04-23 08:00:35,105 | INFO |   → Expected: massive galaxies have older stellar populations[0m
[0;37m[08:00:35] [INFO] 2026-04-23 08:00:35,105 | INFO |   → Expected: massive galaxies have older stellar populations[0m
2026-04-23 08:00:35,105 | INFO |   → Older progenitors → faster decline → lower x1
[0;37m[08:00:35] [INFO] 2026-04-23 08:00:35,105 | INFO |   → Older progenitors → faster decline → lower x1[0m
[0;37m[08:00:35] [INFO] 2026-04-23 08:00:35,105 | INFO |   → Older progenitors → faster decline → lower x1[0m
2026-04-23 08:00:35,105 | INFO | 
[0;37m[08:00:35] [INFO] 2026-04-23 08:00:35,105 | INFO |[0m
[0;37m[08:00:35] [INFO] 2026-04-23 08:00:35,105 | INFO |[0m
2026-04-23 08:00:35,105 | INFO | This RATE vs FOSSIL distinction is a TEP signature:
[0;37m[08:00:35] [INFO] 2026-04-23 08:00:35,105 | INFO | This RATE vs FOSSIL distinction is a TEP signature:[0m
[0;37m[08:00:35] [INFO] 2026-04-23 08:00:35,105 | INFO | This RATE vs FOSSIL distinction is a TEP signature:[0m
2026-04-23 08:00:35,105 | INFO |   - Time-domain observables (mB) probe local dτ/dt
[0;37m[08:00:35] [INFO] 2026-04-23 08:00:35,105 | INFO |   - Time-domain observables (mB) probe local dτ/dt[0m
[0;37m[08:00:35] [INFO] 2026-04-23 08:00:35,105 | INFO |   - Time-domain observables (mB) probe local dτ/dt[0m
2026-04-23 08:00:35,105 | INFO |   - Fossil observables (x1) integrate formation history
[0;37m[08:00:35] [INFO] 2026-04-23 08:00:35,105 | INFO |   - Fossil observables (x1) integrate formation history[0m
[0;37m[08:00:35] [INFO] 2026-04-23 08:00:35,105 | INFO |   - Fossil observables (x1) integrate formation history[0m
2026-04-23 08:00:35,105 | INFO |   - Only RATE observables should show TEP screening pattern
[0;37m[08:00:35] [INFO] 2026-04-23 08:00:35,105 | INFO |   - Only RATE observables should show TEP screening pattern[0m
[0;37m[08:00:35] [INFO] 2026-04-23 08:00:35,105 | INFO |   - Only RATE observables should show TEP screening pattern[0m
2026-04-23 08:00:35,105 | INFO | 
[0;37m[08:00:35] [INFO] 2026-04-23 08:00:35,105 | INFO |[0m
[0;37m[08:00:35] [INFO] 2026-04-23 08:00:35,105 | INFO |[0m
======================================================================
[0;37m[08:00:35] [INFO] ======================================================================[0m
[0;37m[08:00:35] [INFO] ======================================================================[0m
2026-04-23 08:00:35,105 | INFO | Analysis complete
[0;37m[08:00:35] [INFO] 2026-04-23 08:00:35,105 | INFO | Analysis complete[0m
[0;37m[08:00:35] [INFO] 2026-04-23 08:00:35,105 | INFO | Analysis complete[0m
2026-04-23 08:00:35,105 | INFO | ======================================================================
[0;37m[08:00:35] [INFO] 2026-04-23 08:00:35,105 | INFO | ======================================================================[0m
[0;37m[08:00:35] [INFO] 2026-04-23 08:00:35,105 | INFO | ======================================================================[0m
[1;32m[08:00:35] [SUCCESS] ✓ SUCCESS (1.1s)[0m
[0;37m[08:00:35] [INFO] [0m
[0;37m[08:00:35] [INFO] ================================================================================[0m
[0;37m[08:00:35] [INFO] >>> Appendix: SN Ia Robustness Validation[0m
[0;37m[08:00:35] [INFO] ================================================================================[0m
[0;37m[08:00:35] [INFO] [0m
[0;37m[08:00:35] [INFO] Script: step_7_1_sn_ia_robustness.py[0m
[0;37m[08:00:35] [INFO] Log: /Users/matthewsmawfield/www/Temporal Equivalence Principle/TEP-COS/logs/step_7_1_sn_ia_robustness.log[0m
======================================================================
[0;37m[08:00:35] [INFO] ======================================================================[0m
[0;37m[08:00:35] [INFO] ======================================================================[0m
TEP-COS STEP 7.1: SN Ia σ-mB ROBUSTNESS VALIDATION
[0;37m[08:00:35] [INFO] TEP-COS STEP 7.1: SN Ia σ-mB ROBUSTNESS VALIDATION[0m
[0;37m[08:00:35] [INFO] TEP-COS STEP 7.1: SN Ia σ-mB ROBUSTNESS VALIDATION[0m
======================================================================
[0;37m[08:00:35] [INFO] ======================================================================[0m
[0;37m[08:00:35] [INFO] ======================================================================[0m

[0;37m[08:00:35] [INFO] [0m
[0;37m[08:00:35] [INFO] [0m
1. LOADING DATA
[0;37m[08:00:35] [INFO] 1. LOADING DATA[0m
[0;37m[08:00:35] [INFO] 1. LOADING DATA[0m
----------------------------------------------------------------------
[0;37m[08:00:35] [INFO] ----------------------------------------------------------------------[0m
[0;37m[08:00:35] [INFO] ----------------------------------------------------------------------[0m
Quality-filtered sample: 218 SNe (z > 0.01, 30 <= σ <= 400 km/s)
[0;37m[08:00:35] [INFO] Quality-filtered sample: 218 SNe (z > 0.01, 30 <= σ <= 400 km/s)[0m
[0;37m[08:00:35] [INFO] Quality-filtered sample: 218 SNe (z > 0.01, 30 <= σ <= 400 km/s)[0m

[0;37m[08:00:35] [INFO] [0m
[0;37m[08:00:35] [INFO] [0m
2. TEST 1: OUTLIER REMOVAL (Z-score > 3)
[0;37m[08:00:35] [INFO] 2. TEST 1: OUTLIER REMOVAL (Z-score > 3)[0m
[0;37m[08:00:35] [INFO] 2. TEST 1: OUTLIER REMOVAL (Z-score > 3)[0m
----------------------------------------------------------------------
[0;37m[08:00:35] [INFO] ----------------------------------------------------------------------[0m
[0;37m[08:00:35] [INFO] ----------------------------------------------------------------------[0m
Removed 3 outliers
[0;37m[08:00:35] [INFO] Removed 3 outliers[0m
[0;37m[08:00:35] [INFO] Removed 3 outliers[0m
Clean sample: 215 SNe
[0;37m[08:00:35] [INFO] Clean sample: 215 SNe[0m
[0;37m[08:00:35] [INFO] Clean sample: 215 SNe[0m
  r = 0.252591
[0;37m[08:00:35] [INFO]   r = 0.252591[0m
[0;37m[08:00:35] [INFO]   r = 0.252591[0m
  p = 1.818327e-04
[0;37m[08:00:35] [INFO]   p = 1.818327e-04[0m
[0;37m[08:00:35] [INFO]   p = 1.818327e-04[0m
  Significance = 3.74σ
[0;37m[08:00:35] [INFO]   Significance = 3.74σ[0m
[0;37m[08:00:35] [INFO]   Significance = 3.74σ[0m
  Slope = 1.9880 ± 0.5218
[0;37m[08:00:35] [INFO]   Slope = 1.9880 ± 0.5218[0m
[0;37m[08:00:35] [INFO]   Slope = 1.9880 ± 0.5218[0m

[0;37m[08:00:35] [INFO] [0m
[0;37m[08:00:35] [INFO] [0m
3. TEST 2: SUBSAMPLE ANALYSIS
[0;37m[08:00:35] [INFO] 3. TEST 2: SUBSAMPLE ANALYSIS[0m
[0;37m[08:00:35] [INFO] 3. TEST 2: SUBSAMPLE ANALYSIS[0m
----------------------------------------------------------------------
[0;37m[08:00:35] [INFO] ----------------------------------------------------------------------[0m
[0;37m[08:00:35] [INFO] ----------------------------------------------------------------------[0m
  no_clusters: n=215, r=0.2526, p=1.8183e-04, σ=3.74σ
[0;37m[08:00:35] [INFO]   no_clusters: n=215, r=0.2526, p=1.8183e-04, σ=3.74σ[0m
[0;37m[08:00:35] [INFO]   no_clusters: n=215, r=0.2526, p=1.8183e-04, σ=3.74σ[0m
  no_low_quality: n=209, r=0.2167, p=1.6278e-03, σ=3.15σ
[0;37m[08:00:35] [INFO]   no_low_quality: n=209, r=0.2167, p=1.6278e-03, σ=3.15σ[0m
[0;37m[08:00:35] [INFO]   no_low_quality: n=209, r=0.2167, p=1.6278e-03, σ=3.15σ[0m
  clean_range: n=206, r=0.2560, p=2.0363e-04, σ=3.71σ
[0;37m[08:00:35] [INFO]   clean_range: n=206, r=0.2560, p=2.0363e-04, σ=3.71σ[0m
[0;37m[08:00:35] [INFO]   clean_range: n=206, r=0.2560, p=2.0363e-04, σ=3.71σ[0m
  low_z: n=218, r=0.2178, p=1.2111e-03, σ=3.24σ
[0;37m[08:00:35] [INFO]   low_z: n=218, r=0.2178, p=1.2111e-03, σ=3.24σ[0m
[0;37m[08:00:35] [INFO]   low_z: n=218, r=0.2178, p=1.2111e-03, σ=3.24σ[0m
  mid_sigma: n=163, r=0.1480, p=5.9366e-02, σ=1.89σ
[0;37m[08:00:35] [INFO]   mid_sigma: n=163, r=0.1480, p=5.9366e-02, σ=1.89σ[0m
[0;37m[08:00:35] [INFO]   mid_sigma: n=163, r=0.1480, p=5.9366e-02, σ=1.89σ[0m

[0;37m[08:00:35] [INFO] [0m
[0;37m[08:00:35] [INFO] [0m
4. TEST 3: BOOTSTRAP CONFIDENCE INTERVALS
[0;37m[08:00:35] [INFO] 4. TEST 3: BOOTSTRAP CONFIDENCE INTERVALS[0m
[0;37m[08:00:35] [INFO] 4. TEST 3: BOOTSTRAP CONFIDENCE INTERVALS[0m
----------------------------------------------------------------------
[0;37m[08:00:35] [INFO] ----------------------------------------------------------------------[0m
[0;37m[08:00:35] [INFO] ----------------------------------------------------------------------[0m
Bootstrap samples: 10000
[0;37m[08:00:37] [INFO] Bootstrap samples: 10000[0m
[0;37m[08:00:37] [INFO] Bootstrap samples: 10000[0m
Slope distribution:
[0;37m[08:00:37] [INFO] Slope distribution:[0m
[0;37m[08:00:37] [INFO] Slope distribution:[0m
  Mean: 1.6932
[0;37m[08:00:37] [INFO]   Mean: 1.6932[0m
[0;37m[08:00:37] [INFO]   Mean: 1.6932[0m
  Std: 0.6060
[0;37m[08:00:37] [INFO]   Std: 0.6060[0m
[0;37m[08:00:37] [INFO]   Std: 0.6060[0m
  95% CI: [0.4847, 2.8746]
[0;37m[08:00:37] [INFO]   95% CI: [0.4847, 2.8746][0m
[0;37m[08:00:37] [INFO]   95% CI: [0.4847, 2.8746][0m
  99% CI: [0.0936, 3.2176]
[0;37m[08:00:37] [INFO]   99% CI: [0.0936, 3.2176][0m
[0;37m[08:00:37] [INFO]   99% CI: [0.0936, 3.2176][0m
  P(slope > 0): 0.9966
[0;37m[08:00:37] [INFO]   P(slope > 0): 0.9966[0m
[0;37m[08:00:37] [INFO]   P(slope > 0): 0.9966[0m

[0;37m[08:00:37] [INFO] [0m
[0;37m[08:00:37] [INFO] [0m
r distribution:
[0;37m[08:00:37] [INFO] r distribution:[0m
[0;37m[08:00:37] [INFO] r distribution:[0m
  Mean: 0.2181
[0;37m[08:00:37] [INFO]   Mean: 0.2181[0m
[0;37m[08:00:37] [INFO]   Mean: 0.2181[0m
  95% CI: [0.0632, 0.3640]
[0;37m[08:00:37] [INFO]   95% CI: [0.0632, 0.3640][0m
[0;37m[08:00:37] [INFO]   95% CI: [0.0632, 0.3640][0m

[0;37m[08:00:37] [INFO] [0m
[0;37m[08:00:37] [INFO] [0m
5. COMPARISON WITH ORIGINAL ANALYSIS
[0;37m[08:00:37] [INFO] 5. COMPARISON WITH ORIGINAL ANALYSIS[0m
[0;37m[08:00:37] [INFO] 5. COMPARISON WITH ORIGINAL ANALYSIS[0m
----------------------------------------------------------------------
[0;37m[08:00:37] [INFO] ----------------------------------------------------------------------[0m
[0;37m[08:00:37] [INFO] ----------------------------------------------------------------------[0m
Original: r=0.2178, σ=3.24σ
[0;37m[08:00:37] [INFO] Original: r=0.2178, σ=3.24σ[0m
[0;37m[08:00:37] [INFO] Original: r=0.2178, σ=3.24σ[0m
No outliers: r=0.2526, σ=3.74σ
[0;37m[08:00:37] [INFO] No outliers: r=0.2526, σ=3.74σ[0m
[0;37m[08:00:37] [INFO] No outliers: r=0.2526, σ=3.74σ[0m
Bootstrap mean: r=0.2181
[0;37m[08:00:37] [INFO] Bootstrap mean: r=0.2181[0m
[0;37m[08:00:37] [INFO] Bootstrap mean: r=0.2181[0m

[0;37m[08:00:37] [INFO] [0m
[0;37m[08:00:37] [INFO] [0m
All tests significant: True
[0;37m[08:00:37] [INFO] All tests significant: True[0m
[0;37m[08:00:37] [INFO] All tests significant: True[0m

[0;37m[08:00:37] [INFO] [0m
[0;37m[08:00:37] [INFO] [0m
======================================================================
[0;37m[08:00:37] [INFO] ======================================================================[0m
[0;37m[08:00:37] [INFO] ======================================================================[0m
ROBUSTNESS ASSESSMENT COMPLETE
[0;37m[08:00:37] [INFO] ROBUSTNESS ASSESSMENT COMPLETE[0m
[0;37m[08:00:37] [INFO] ROBUSTNESS ASSESSMENT COMPLETE[0m
======================================================================
[0;37m[08:00:37] [INFO] ======================================================================[0m
[0;37m[08:00:37] [INFO] ======================================================================[0m

[0;37m[08:00:37] [INFO] [0m
[0;37m[08:00:37] [INFO] [0m
1. OUTLIER REMOVAL:
[0;37m[08:00:37] [INFO] 1. OUTLIER REMOVAL:[0m
[0;37m[08:00:37] [INFO] 1. OUTLIER REMOVAL:[0m
   Signal persists: TEP-CONSISTENT
[0;37m[08:00:37] [INFO]    Signal persists: TEP-CONSISTENT[0m
[0;37m[08:00:37] [INFO]    Signal persists: TEP-CONSISTENT[0m

[0;37m[08:00:37] [INFO] [0m
[0;37m[08:00:37] [INFO] [0m
2. SUBSAMPLE TESTS:
[0;37m[08:00:37] [INFO] 2. SUBSAMPLE TESTS:[0m
[0;37m[08:00:37] [INFO] 2. SUBSAMPLE TESTS:[0m
   no_clusters: TEP-CONSISTENT (3.74σ)
[0;37m[08:00:37] [INFO]    no_clusters: TEP-CONSISTENT (3.74σ)[0m
[0;37m[08:00:37] [INFO]    no_clusters: TEP-CONSISTENT (3.74σ)[0m
   no_low_quality: TEP-CONSISTENT (3.15σ)
[0;37m[08:00:37] [INFO]    no_low_quality: TEP-CONSISTENT (3.15σ)[0m
[0;37m[08:00:37] [INFO]    no_low_quality: TEP-CONSISTENT (3.15σ)[0m
   clean_range: TEP-CONSISTENT (3.71σ)
[0;37m[08:00:37] [INFO]    clean_range: TEP-CONSISTENT (3.71σ)[0m
[0;37m[08:00:37] [INFO]    clean_range: TEP-CONSISTENT (3.71σ)[0m
   low_z: TEP-CONSISTENT (3.24σ)
[0;37m[08:00:37] [INFO]    low_z: TEP-CONSISTENT (3.24σ)[0m
[0;37m[08:00:37] [INFO]    low_z: TEP-CONSISTENT (3.24σ)[0m
   mid_sigma: NULL (1.89σ)
[0;37m[08:00:37] [INFO]    mid_sigma: NULL (1.89σ)[0m
[0;37m[08:00:37] [INFO]    mid_sigma: NULL (1.89σ)[0m

[0;37m[08:00:37] [INFO] [0m
[0;37m[08:00:37] [INFO] [0m
3. BOOTSTRAP:
[0;37m[08:00:37] [INFO] 3. BOOTSTRAP:[0m
[0;37m[08:00:37] [INFO] 3. BOOTSTRAP:[0m
   Slope 95% CI: [0.485, 2.875]
[0;37m[08:00:37] [INFO]    Slope 95% CI: [0.485, 2.875][0m
[0;37m[08:00:37] [INFO]    Slope 95% CI: [0.485, 2.875][0m
   P(slope > 0) = 0.9966
[0;37m[08:00:37] [INFO]    P(slope > 0) = 0.9966[0m
[0;37m[08:00:37] [INFO]    P(slope > 0) = 0.9966[0m

[0;37m[08:00:37] [INFO] [0m
[0;37m[08:00:37] [INFO] [0m
======================================================================
[0;37m[08:00:37] [INFO] ======================================================================[0m
[0;37m[08:00:37] [INFO] ======================================================================[0m
OVERALL: Conditional - requires further validation
[0;37m[08:00:37] [INFO] OVERALL: Conditional - requires further validation[0m
[0;37m[08:00:37] [INFO] OVERALL: Conditional - requires further validation[0m
======================================================================
[0;37m[08:00:37] [INFO] ======================================================================[0m
[0;37m[08:00:37] [INFO] ======================================================================[0m

[0;37m[08:00:37] [INFO] [0m
[0;37m[08:00:37] [INFO] [0m
Results saved to: results/outputs/robustness_analysis.json
[0;37m[08:00:37] [INFO] Results saved to: results/outputs/robustness_analysis.json[0m
[0;37m[08:00:37] [INFO] Results saved to: results/outputs/robustness_analysis.json[0m
[1;32m[08:00:37] [SUCCESS] ✓ SUCCESS (2.3s)[0m
[0;37m[08:00:37] [INFO] [0m
[0;37m[08:00:37] [INFO] ================================================================================[0m
[0;37m[08:00:37] [INFO] >>> Appendix: SN Ia Deep Audit[0m
[0;37m[08:00:37] [INFO] ================================================================================[0m
[0;37m[08:00:37] [INFO] [0m
[0;37m[08:00:37] [INFO] Script: step_7_2_sn_ia_audit.py[0m
[0;37m[08:00:37] [INFO] Log: /Users/matthewsmawfield/www/Temporal Equivalence Principle/TEP-COS/logs/step_7_2_sn_ia_audit.log[0m
======================================================================
[0;37m[08:00:38] [INFO] ======================================================================[0m
[0;37m[08:00:38] [INFO] ======================================================================[0m
TEP-COS STEP 7.2: SN Ia σ-mB DEEP AUDIT
[0;37m[08:00:38] [INFO] TEP-COS STEP 7.2: SN Ia σ-mB DEEP AUDIT[0m
[0;37m[08:00:38] [INFO] TEP-COS STEP 7.2: SN Ia σ-mB DEEP AUDIT[0m
======================================================================
[0;37m[08:00:38] [INFO] ======================================================================[0m
[0;37m[08:00:38] [INFO] ======================================================================[0m

[0;37m[08:00:38] [INFO] [0m
[0;37m[08:00:38] [INFO] [0m
1. DATA LOADING AND INTEGRITY
[0;37m[08:00:38] [INFO] 1. DATA LOADING AND INTEGRITY[0m
[0;37m[08:00:38] [INFO] 1. DATA LOADING AND INTEGRITY[0m
----------------------------------------------------------------------
[0;37m[08:00:38] [INFO] ----------------------------------------------------------------------[0m
[0;37m[08:00:38] [INFO] ----------------------------------------------------------------------[0m
Pantheon+ loaded: 1470 SNe (z > 0.01)
[0;37m[08:00:38] [INFO] Pantheon+ loaded: 1470 SNe (z > 0.01)[0m
[0;37m[08:00:38] [INFO] Pantheon+ loaded: 1470 SNe (z > 0.01)[0m
  Columns: 47
[0;37m[08:00:38] [INFO]   Columns: 47[0m
[0;37m[08:00:38] [INFO]   Columns: 47[0m
All required columns present
[0;37m[08:00:38] [INFO] All required columns present[0m
[0;37m[08:00:38] [INFO] All required columns present[0m
  NaN counts: mB=0, zCMB=0
[0;37m[08:00:38] [INFO]   NaN counts: mB=0, zCMB=0[0m
[0;37m[08:00:38] [INFO]   NaN counts: mB=0, zCMB=0[0m

[0;37m[08:00:38] [INFO] [0m
[0;37m[08:00:38] [INFO] [0m
SpecObj loaded: 242 SNe with σ > 0
[0;37m[08:00:38] [INFO] SpecObj loaded: 242 SNe with σ > 0[0m
[0;37m[08:00:38] [INFO] SpecObj loaded: 242 SNe with σ > 0[0m
  Columns: ['CID', 'sn_ra', 'sn_dec', 'sn_z', 'x1', 'HOST_LOGMASS', 'sigma_host', 'sigma_err', 'sdss_z', 'sdss_ra', 'sdss_dec', 'match_sep_arcsec', 'plate', 'mjd', 'fiberID', 'sigma_source']
[0;37m[08:00:38] [INFO]   Columns: ['CID', 'sn_ra', 'sn_dec', 'sn_z', 'x1', 'HOST_LOGMASS', 'sigma_host', 'sigma_err', 'sdss_z', 'sdss_ra', 'sdss_dec', 'match_sep_arcsec', 'plate', 'mjd', 'fiberID', 'sigma_source'][0m
[0;37m[08:00:38] [INFO]   Columns: ['CID', 'sn_ra', 'sn_dec', 'sn_z', 'x1', 'HOST_LOGMASS', 'sigma_host', 'sigma_err', 'sdss_z', 'sdss_ra', 'sdss_dec', 'match_sep_arcsec', 'plate', 'mjd', 'fiberID', 'sigma_source'][0m
No duplicate CIDs
[0;37m[08:00:38] [INFO] No duplicate CIDs[0m
[0;37m[08:00:38] [INFO] No duplicate CIDs[0m

[0;37m[08:00:38] [INFO] [0m
[0;37m[08:00:38] [INFO] [0m
2. MERGE VERIFICATION
[0;37m[08:00:38] [INFO] 2. MERGE VERIFICATION[0m
[0;37m[08:00:38] [INFO] 2. MERGE VERIFICATION[0m
----------------------------------------------------------------------
[0;37m[08:00:38] [INFO] ----------------------------------------------------------------------[0m
[0;37m[08:00:38] [INFO] ----------------------------------------------------------------------[0m
Merge successful: 238 SNe
[0;37m[08:00:38] [INFO] Merge successful: 238 SNe[0m
[0;37m[08:00:38] [INFO] Merge successful: 238 SNe[0m
  Pantheon+ SNe without σ: 1232
[0;37m[08:00:38] [INFO]   Pantheon+ SNe without σ: 1232[0m
[0;37m[08:00:38] [INFO]   Pantheon+ SNe without σ: 1232[0m
Valid sample (with mB): 238 SNe
[0;37m[08:00:38] [INFO] Valid sample (with mB): 238 SNe[0m
[0;37m[08:00:38] [INFO] Valid sample (with mB): 238 SNe[0m
  Excluded 20 measurements (σ > 400, σ < 30, or invalid errors)
[0;37m[08:00:38] [INFO]   Excluded 20 measurements (σ > 400, σ < 30, or invalid errors)[0m
[0;37m[08:00:38] [INFO]   Excluded 20 measurements (σ > 400, σ < 30, or invalid errors)[0m
Final audit sample: 218 SNe
[0;37m[08:00:38] [INFO] Final audit sample: 218 SNe[0m
[0;37m[08:00:38] [INFO] Final audit sample: 218 SNe[0m

[0;37m[08:00:38] [INFO] [0m
[0;37m[08:00:38] [INFO] [0m
3. SAMPLE CHARACTERISTICS
[0;37m[08:00:38] [INFO] 3. SAMPLE CHARACTERISTICS[0m
[0;37m[08:00:38] [INFO] 3. SAMPLE CHARACTERISTICS[0m
----------------------------------------------------------------------
[0;37m[08:00:38] [INFO] ----------------------------------------------------------------------[0m
[0;37m[08:00:38] [INFO] ----------------------------------------------------------------------[0m
Velocity dispersion (σ):
[0;37m[08:00:38] [INFO] Velocity dispersion (σ):[0m
[0;37m[08:00:38] [INFO] Velocity dispersion (σ):[0m
  Min: 32.4 km/s
[0;37m[08:00:38] [INFO]   Min: 32.4 km/s[0m
[0;37m[08:00:38] [INFO]   Min: 32.4 km/s[0m
  Max: 349.4 km/s
[0;37m[08:00:38] [INFO]   Max: 349.4 km/s[0m
[0;37m[08:00:38] [INFO]   Max: 349.4 km/s[0m
  Mean: 121.7 km/s
[0;37m[08:00:38] [INFO]   Mean: 121.7 km/s[0m
[0;37m[08:00:38] [INFO]   Mean: 121.7 km/s[0m
  Median: 112.5 km/s
[0;37m[08:00:38] [INFO]   Median: 112.5 km/s[0m
[0;37m[08:00:38] [INFO]   Median: 112.5 km/s[0m
  Std: 61.2 km/s
[0;37m[08:00:38] [INFO]   Std: 61.2 km/s[0m
[0;37m[08:00:38] [INFO]   Std: 61.2 km/s[0m

[0;37m[08:00:38] [INFO] [0m
[0;37m[08:00:38] [INFO] [0m
Peak magnitude (mB):
[0;37m[08:00:38] [INFO] Peak magnitude (mB):[0m
[0;37m[08:00:38] [INFO] Peak magnitude (mB):[0m
  Min: 14.53 mag
[0;37m[08:00:38] [INFO]   Min: 14.53 mag[0m
[0;37m[08:00:38] [INFO]   Min: 14.53 mag[0m
  Max: 22.27 mag
[0;37m[08:00:38] [INFO]   Max: 22.27 mag[0m
[0;37m[08:00:38] [INFO]   Max: 22.27 mag[0m
  Mean: 19.51 mag
[0;37m[08:00:38] [INFO]   Mean: 19.51 mag[0m
[0;37m[08:00:38] [INFO]   Mean: 19.51 mag[0m
  Median: 20.06 mag
[0;37m[08:00:38] [INFO]   Median: 20.06 mag[0m
[0;37m[08:00:38] [INFO]   Median: 20.06 mag[0m

[0;37m[08:00:38] [INFO] [0m
[0;37m[08:00:38] [INFO] [0m
Redshift (zCMB):
[0;37m[08:00:38] [INFO] Redshift (zCMB):[0m
[0;37m[08:00:38] [INFO] Redshift (zCMB):[0m
  Min: 0.014
[0;37m[08:00:38] [INFO]   Min: 0.014[0m
[0;37m[08:00:38] [INFO]   Min: 0.014[0m
  Max: 0.299
[0;37m[08:00:38] [INFO]   Max: 0.299[0m
[0;37m[08:00:38] [INFO]   Max: 0.299[0m
  Mean: 0.156
[0;37m[08:00:38] [INFO]   Mean: 0.156[0m
[0;37m[08:00:38] [INFO]   Mean: 0.156[0m

[0;37m[08:00:38] [INFO] [0m
[0;37m[08:00:38] [INFO] [0m
4. DISTRIBUTION CHECKS
[0;37m[08:00:38] [INFO] 4. DISTRIBUTION CHECKS[0m
[0;37m[08:00:38] [INFO] 4. DISTRIBUTION CHECKS[0m
----------------------------------------------------------------------
[0;37m[08:00:38] [INFO] ----------------------------------------------------------------------[0m
[0;37m[08:00:38] [INFO] ----------------------------------------------------------------------[0m
Log(σ) normality (Shapiro-Wilk): p = 0.0054
[0;37m[08:00:38] [INFO] Log(σ) normality (Shapiro-Wilk): p = 0.0054[0m
[0;37m[08:00:38] [INFO] Log(σ) normality (Shapiro-Wilk): p = 0.0054[0m
mB normality (Shapiro-Wilk): p = 0.0000
[0;37m[08:00:38] [INFO] mB normality (Shapiro-Wilk): p = 0.0000[0m
[0;37m[08:00:38] [INFO] mB normality (Shapiro-Wilk): p = 0.0000[0m

[0;37m[08:00:38] [INFO] [0m
[0;37m[08:00:38] [INFO] [0m
σ distribution shape:
[0;37m[08:00:38] [INFO] σ distribution shape:[0m
[0;37m[08:00:38] [INFO] σ distribution shape:[0m
  Skewness: 0.939
[0;37m[08:00:38] [INFO]   Skewness: 0.939[0m
[0;37m[08:00:38] [INFO]   Skewness: 0.939[0m
  Kurtosis: 1.052
[0;37m[08:00:38] [INFO]   Kurtosis: 1.052[0m
[0;37m[08:00:38] [INFO]   Kurtosis: 1.052[0m

[0;37m[08:00:38] [INFO] [0m
[0;37m[08:00:38] [INFO] [0m
5. MATHEMATICAL CORRECTNESS
[0;37m[08:00:38] [INFO] 5. MATHEMATICAL CORRECTNESS[0m
[0;37m[08:00:38] [INFO] 5. MATHEMATICAL CORRECTNESS[0m
----------------------------------------------------------------------
[0;37m[08:00:38] [INFO] ----------------------------------------------------------------------[0m
[0;37m[08:00:38] [INFO] ----------------------------------------------------------------------[0m
Pearson correlation (parametric):
[0;37m[08:00:38] [INFO] Pearson correlation (parametric):[0m
[0;37m[08:00:38] [INFO] Pearson correlation (parametric):[0m
  r = 0.217801
[0;37m[08:00:38] [INFO]   r = 0.217801[0m
[0;37m[08:00:38] [INFO]   r = 0.217801[0m
  p = 1.211108e-03
[0;37m[08:00:38] [INFO]   p = 1.211108e-03[0m
[0;37m[08:00:38] [INFO]   p = 1.211108e-03[0m
  Significance = 3.2363σ
[0;37m[08:00:38] [INFO]   Significance = 3.2363σ[0m
[0;37m[08:00:38] [INFO]   Significance = 3.2363σ[0m
  P-value (verified): 1.211108e-03
[0;37m[08:00:38] [INFO]   P-value (verified): 1.211108e-03[0m
[0;37m[08:00:38] [INFO]   P-value (verified): 1.211108e-03[0m
  P-values match: True
[0;37m[08:00:38] [INFO]   P-values match: True[0m
[0;37m[08:00:38] [INFO]   P-values match: True[0m

[0;37m[08:00:38] [INFO] [0m
[0;37m[08:00:38] [INFO] [0m
Spearman correlation (non-parametric, robust to non-normality):
[0;37m[08:00:38] [INFO] Spearman correlation (non-parametric, robust to non-normality):[0m
[0;37m[08:00:38] [INFO] Spearman correlation (non-parametric, robust to non-normality):[0m
  ρ = 0.254063
[0;37m[08:00:38] [INFO]   ρ = 0.254063[0m
[0;37m[08:00:38] [INFO]   ρ = 0.254063[0m
  p = 1.494125e-04
[0;37m[08:00:38] [INFO]   p = 1.494125e-04[0m
[0;37m[08:00:38] [INFO]   p = 1.494125e-04[0m

[0;37m[08:00:38] [INFO] [0m
[0;37m[08:00:38] [INFO] [0m
Winsorized correlation (5% outlier-robust):
[0;37m[08:00:38] [INFO] Winsorized correlation (5% outlier-robust):[0m
[0;37m[08:00:38] [INFO] Winsorized correlation (5% outlier-robust):[0m
  r = 0.239026
[0;37m[08:00:38] [INFO]   r = 0.239026[0m
[0;37m[08:00:38] [INFO]   r = 0.239026[0m
  p = 3.699638e-04
[0;37m[08:00:38] [INFO]   p = 3.699638e-04[0m
[0;37m[08:00:38] [INFO]   p = 3.699638e-04[0m

[0;37m[08:00:38] [INFO] [0m
[0;37m[08:00:38] [INFO] [0m
Method consistency check:
[0;37m[08:00:38] [INFO] Method consistency check:[0m
[0;37m[08:00:38] [INFO] Method consistency check:[0m
  Pearson vs Spearman: 0.0363 (should be < 0.1)
[0;37m[08:00:38] [INFO]   Pearson vs Spearman: 0.0363 (should be < 0.1)[0m
[0;37m[08:00:38] [INFO]   Pearson vs Spearman: 0.0363 (should be < 0.1)[0m
  Pearson vs Winsorized: 0.0212 (should be < 0.1)
[0;37m[08:00:38] [INFO]   Pearson vs Winsorized: 0.0212 (should be < 0.1)[0m
[0;37m[08:00:38] [INFO]   Pearson vs Winsorized: 0.0212 (should be < 0.1)[0m

[0;37m[08:00:38] [INFO] [0m
[0;37m[08:00:38] [INFO] [0m
Linear regression:
[0;37m[08:00:38] [INFO] Linear regression:[0m
[0;37m[08:00:38] [INFO] Linear regression:[0m
  Slope: 1.690051
[0;37m[08:00:38] [INFO]   Slope: 1.690051[0m
[0;37m[08:00:38] [INFO]   Slope: 1.690051[0m
  Intercept: 16.084139
[0;37m[08:00:38] [INFO]   Intercept: 16.084139[0m
[0;37m[08:00:38] [INFO]   Intercept: 16.084139[0m
  R²: 0.047437
[0;37m[08:00:38] [INFO]   R²: 0.047437[0m
[0;37m[08:00:38] [INFO]   R²: 0.047437[0m
  Std err: 0.515299
[0;37m[08:00:38] [INFO]   Std err: 0.515299[0m
[0;37m[08:00:38] [INFO]   Std err: 0.515299[0m
  Slope p-value: 1.211108e-03
[0;37m[08:00:38] [INFO]   Slope p-value: 1.211108e-03[0m
[0;37m[08:00:38] [INFO]   Slope p-value: 1.211108e-03[0m

[0;37m[08:00:38] [INFO] [0m
[0;37m[08:00:38] [INFO] [0m
6. BINNED ANALYSIS
[0;37m[08:00:38] [INFO] 6. BINNED ANALYSIS[0m
[0;37m[08:00:38] [INFO] 6. BINNED ANALYSIS[0m
----------------------------------------------------------------------
[0;37m[08:00:38] [INFO] ----------------------------------------------------------------------[0m
[0;37m[08:00:38] [INFO] ----------------------------------------------------------------------[0m
Q1: σ=53.6 km/s, mB=18.888±0.269, n=55
[0;37m[08:00:38] [INFO] Q1: σ=53.6 km/s, mB=18.888±0.269, n=55[0m
[0;37m[08:00:38] [INFO] Q1: σ=53.6 km/s, mB=18.888±0.269, n=55[0m
Q2: σ=95.5 km/s, mB=19.560±0.184, n=54
[0;37m[08:00:38] [INFO] Q2: σ=95.5 km/s, mB=19.560±0.184, n=54[0m
[0;37m[08:00:38] [INFO] Q2: σ=95.5 km/s, mB=19.560±0.184, n=54[0m
Q3: σ=132.8 km/s, mB=19.631±0.232, n=54
[0;37m[08:00:38] [INFO] Q3: σ=132.8 km/s, mB=19.631±0.232, n=54[0m
[0;37m[08:00:38] [INFO] Q3: σ=132.8 km/s, mB=19.631±0.232, n=54[0m
Q4: σ=204.7 km/s, mB=19.979±0.245, n=55
[0;37m[08:00:38] [INFO] Q4: σ=204.7 km/s, mB=19.979±0.245, n=55[0m
[0;37m[08:00:38] [INFO] Q4: σ=204.7 km/s, mB=19.979±0.245, n=55[0m

[0;37m[08:00:38] [INFO] [0m
[0;37m[08:00:38] [INFO] [0m
Q1 vs Q4 comparison:
[0;37m[08:00:38] [INFO] Q1 vs Q4 comparison:[0m
[0;37m[08:00:38] [INFO] Q1 vs Q4 comparison:[0m
  t-statistic = -2.9991
[0;37m[08:00:38] [INFO]   t-statistic = -2.9991[0m
[0;37m[08:00:38] [INFO]   t-statistic = -2.9991[0m
  p-value = 0.003362
[0;37m[08:00:38] [INFO]   p-value = 0.003362[0m
[0;37m[08:00:38] [INFO]   p-value = 0.003362[0m
  Cohen's d = -0.5719
[0;37m[08:00:38] [INFO]   Cohen's d = -0.5719[0m
[0;37m[08:00:38] [INFO]   Cohen's d = -0.5719[0m

[0;37m[08:00:38] [INFO] [0m
[0;37m[08:00:38] [INFO] [0m
Monotonic trend (mB increases with σ): True
[0;37m[08:00:38] [INFO] Monotonic trend (mB increases with σ): True[0m
[0;37m[08:00:38] [INFO] Monotonic trend (mB increases with σ): True[0m

[0;37m[08:00:38] [INFO] [0m
[0;37m[08:00:38] [INFO] [0m
7. OUTLIER DETECTION
[0;37m[08:00:38] [INFO] 7. OUTLIER DETECTION[0m
[0;37m[08:00:38] [INFO] 7. OUTLIER DETECTION[0m
----------------------------------------------------------------------
[0;37m[08:00:38] [INFO] ----------------------------------------------------------------------[0m
[0;37m[08:00:38] [INFO] ----------------------------------------------------------------------[0m
Outliers (|z| > 3):
[0;37m[08:00:38] [INFO] Outliers (|z| > 3):[0m
[0;37m[08:00:38] [INFO] Outliers (|z| > 3):[0m
  σ outliers: 3
[0;37m[08:00:38] [INFO]   σ outliers: 3[0m
[0;37m[08:00:38] [INFO]   σ outliers: 3[0m
  mB outliers: 0
[0;37m[08:00:38] [INFO]   mB outliers: 0[0m
[0;37m[08:00:38] [INFO]   mB outliers: 0[0m
  Expected (normal approx): ~1
[0;37m[08:00:38] [INFO]   Expected (normal approx): ~1[0m
[0;37m[08:00:38] [INFO]   Expected (normal approx): ~1[0m
  High-σ outliers: ['17552', '1999dk', '5549']
[0;37m[08:00:38] [INFO]   High-σ outliers: ['17552', '1999dk', '5549'][0m
[0;37m[08:00:38] [INFO]   High-σ outliers: ['17552', '1999dk', '5549'][0m
  Note: Outlier count consistent with Gaussian expectation
[0;37m[08:00:38] [INFO]   Note: Outlier count consistent with Gaussian expectation[0m
[0;37m[08:00:38] [INFO]   Note: Outlier count consistent with Gaussian expectation[0m
  σ outliers (IQR method): 3
[0;37m[08:00:38] [INFO]   σ outliers (IQR method): 3[0m
[0;37m[08:00:38] [INFO]   σ outliers (IQR method): 3[0m

[0;37m[08:00:38] [INFO] [0m
[0;37m[08:00:38] [INFO] [0m
8. RESIDUAL ANALYSIS
[0;37m[08:00:38] [INFO] 8. RESIDUAL ANALYSIS[0m
[0;37m[08:00:38] [INFO] 8. RESIDUAL ANALYSIS[0m
----------------------------------------------------------------------
[0;37m[08:00:38] [INFO] ----------------------------------------------------------------------[0m
[0;37m[08:00:38] [INFO] ----------------------------------------------------------------------[0m
Residual statistics:
[0;37m[08:00:38] [INFO] Residual statistics:[0m
[0;37m[08:00:38] [INFO] Residual statistics:[0m
  Mean: 0.000000 (should be ~0)
[0;37m[08:00:38] [INFO]   Mean: 0.000000 (should be ~0)[0m
[0;37m[08:00:38] [INFO]   Mean: 0.000000 (should be ~0)[0m
  Std: 1.7256
[0;37m[08:00:38] [INFO]   Std: 1.7256[0m
[0;37m[08:00:38] [INFO]   Std: 1.7256[0m
  Min: -5.7726
[0;37m[08:00:38] [INFO]   Min: -5.7726[0m
[0;37m[08:00:38] [INFO]   Min: -5.7726[0m
  Max: 2.6862
[0;37m[08:00:38] [INFO]   Max: 2.6862[0m
[0;37m[08:00:38] [INFO]   Max: 2.6862[0m

[0;37m[08:00:38] [INFO] [0m
[0;37m[08:00:38] [INFO] [0m
Residual variance by σ quartile: ['3.9474', '1.8167', '2.8760', '3.3832']
[0;37m[08:00:38] [INFO] Residual variance by σ quartile: ['3.9474', '1.8167', '2.8760', '3.3832'][0m
[0;37m[08:00:38] [INFO] Residual variance by σ quartile: ['3.9474', '1.8167', '2.8760', '3.3832'][0m
Max/Min variance ratio: 2.17
[0;37m[08:00:38] [INFO] Max/Min variance ratio: 2.17[0m
[0;37m[08:00:38] [INFO] Max/Min variance ratio: 2.17[0m

[0;37m[08:00:38] [INFO] [0m
[0;37m[08:00:38] [INFO] [0m
9. VERDICT VALIDATION
[0;37m[08:00:38] [INFO] 9. VERDICT VALIDATION[0m
[0;37m[08:00:38] [INFO] 9. VERDICT VALIDATION[0m
----------------------------------------------------------------------
[0;37m[08:00:38] [INFO] ----------------------------------------------------------------------[0m
[0;37m[08:00:38] [INFO] ----------------------------------------------------------------------[0m
JSON reported:
[0;37m[08:00:38] [INFO] JSON reported:[0m
[0;37m[08:00:38] [INFO] JSON reported:[0m
  Sample: 218
[0;37m[08:00:38] [INFO]   Sample: 218[0m
[0;37m[08:00:38] [INFO]   Sample: 218[0m
  r: 0.217801
[0;37m[08:00:38] [INFO]   r: 0.217801[0m
[0;37m[08:00:38] [INFO]   r: 0.217801[0m
  p: 1.211108e-03
[0;37m[08:00:38] [INFO]   p: 1.211108e-03[0m
[0;37m[08:00:38] [INFO]   p: 1.211108e-03[0m
  Significance: 3.2363σ
[0;37m[08:00:38] [INFO]   Significance: 3.2363σ[0m
[0;37m[08:00:38] [INFO]   Significance: 3.2363σ[0m
  Verdict: tep_consistent
[0;37m[08:00:38] [INFO]   Verdict: tep_consistent[0m
[0;37m[08:00:38] [INFO]   Verdict: tep_consistent[0m

[0;37m[08:00:38] [INFO] [0m
[0;37m[08:00:38] [INFO] [0m
Calculated:
[0;37m[08:00:38] [INFO] Calculated:[0m
[0;37m[08:00:38] [INFO] Calculated:[0m
  Sample: 218
[0;37m[08:00:38] [INFO]   Sample: 218[0m
[0;37m[08:00:38] [INFO]   Sample: 218[0m
  r: 0.217801
[0;37m[08:00:38] [INFO]   r: 0.217801[0m
[0;37m[08:00:38] [INFO]   r: 0.217801[0m
  p: 1.211108e-03
[0;37m[08:00:38] [INFO]   p: 1.211108e-03[0m
[0;37m[08:00:38] [INFO]   p: 1.211108e-03[0m
  Significance: 3.2363σ
[0;37m[08:00:38] [INFO]   Significance: 3.2363σ[0m
[0;37m[08:00:38] [INFO]   Significance: 3.2363σ[0m
  Step 7.0 verdict: tep_consistent
[0;37m[08:00:38] [INFO]   Step 7.0 verdict: tep_consistent[0m
[0;37m[08:00:38] [INFO]   Step 7.0 verdict: tep_consistent[0m
  Audit category: tep_consistent
[0;37m[08:00:38] [INFO]   Audit category: tep_consistent[0m
[0;37m[08:00:38] [INFO]   Audit category: tep_consistent[0m

[0;37m[08:00:38] [INFO] [0m
[0;37m[08:00:38] [INFO] [0m
Validation:
[0;37m[08:00:38] [INFO] Validation:[0m
[0;37m[08:00:38] [INFO] Validation:[0m
  Sample size match: True
[0;37m[08:00:38] [INFO]   Sample size match: True[0m
[0;37m[08:00:38] [INFO]   Sample size match: True[0m
  r match: True
[0;37m[08:00:38] [INFO]   r match: True[0m
[0;37m[08:00:38] [INFO]   r match: True[0m
  p match: True
[0;37m[08:00:38] [INFO]   p match: True[0m
[0;37m[08:00:38] [INFO]   p match: True[0m
  Verdict match: True
[0;37m[08:00:38] [INFO]   Verdict match: True[0m
[0;37m[08:00:38] [INFO]   Verdict match: True[0m

[0;37m[08:00:38] [INFO] [0m
[0;37m[08:00:38] [INFO] [0m
======================================================================
[0;37m[08:00:38] [INFO] ======================================================================[0m
[0;37m[08:00:38] [INFO] ======================================================================[0m
AUDIT COMPLETE
[0;37m[08:00:38] [INFO] AUDIT COMPLETE[0m
[0;37m[08:00:38] [INFO] AUDIT COMPLETE[0m
======================================================================
[0;37m[08:00:38] [INFO] ======================================================================[0m
[0;37m[08:00:38] [INFO] ======================================================================[0m
NO CRITICAL ISSUES FOUND
[0;37m[08:00:38] [INFO] NO CRITICAL ISSUES FOUND[0m
[0;37m[08:00:38] [INFO] NO CRITICAL ISSUES FOUND[0m

[0;37m[08:00:38] [INFO] [0m
[0;37m[08:00:38] [INFO] [0m
WARNING: 1 WARNINGS:
[0;37m[08:00:38] [INFO] WARNING: 1 WARNINGS:[0m
[0;37m[08:00:38] [INFO] WARNING: 1 WARNINGS:[0m
  1. Both Log(σ) and mB distributions are non-normal - using non-parametric methods
[0;37m[08:00:38] [INFO]   1. Both Log(σ) and mB distributions are non-normal - using non-parametric methods[0m
[0;37m[08:00:38] [INFO]   1. Both Log(σ) and mB distributions are non-normal - using non-parametric methods[0m

[0;37m[08:00:38] [INFO] [0m
[0;37m[08:00:38] [INFO] [0m
Overall Status: PASS
[0;37m[08:00:38] [INFO] Overall Status: PASS[0m
[0;37m[08:00:38] [INFO] Overall Status: PASS[0m

[0;37m[08:00:38] [INFO] [0m
[0;37m[08:00:38] [INFO] [0m
Audit report saved to: results/outputs/deep_audit_report.json
[0;37m[08:00:38] [INFO] Audit report saved to: results/outputs/deep_audit_report.json[0m
[0;37m[08:00:38] [INFO] Audit report saved to: results/outputs/deep_audit_report.json[0m
======================================================================
[0;37m[08:00:38] [INFO] ======================================================================[0m
[0;37m[08:00:38] [INFO] ======================================================================[0m
[1;32m[08:00:38] [SUCCESS] ✓ SUCCESS (0.7s)[0m
[0;37m[08:00:38] [INFO] [0m
[0;37m[08:00:38] [INFO] ================================================================================[0m
[0;37m[08:00:38] [INFO] ================================================================================[0m
[0;37m[08:00:38] [INFO] ================================================================================[0m
[0;37m[08:00:38] [INFO] [0m
[0;37m[08:00:38] [INFO] [0m
[0;37m[08:00:38] [INFO] ================================================================================[0m
[0;37m[08:00:38] [INFO] PIPELINE EXECUTION SUMMARY[0m
[0;37m[08:00:38] [INFO] ================================================================================[0m
[0;37m[08:00:38] [INFO] [0m
[0;37m[08:00:38] [INFO] [0m
[0;37m[08:00:38] [INFO] ================================================================================[0m
[0;37m[08:00:38] [INFO] ================================================================================[0m
[0;37m[08:00:38] [INFO] ================================================================================[0m
[0;37m[08:00:38] [INFO] [0m
[0;37m[08:00:38] [INFO] [0m
[0;37m[08:00:38] [INFO] ================================================================================[0m
[0;37m[08:00:38] [INFO] Execution Timing[0m
[0;37m[08:00:38] [INFO] ================================================================================[0m
[0;37m[08:00:38] [INFO] [0m
[0;37m[08:00:38] [INFO] +------------------------------------------+--------------+-----------+[0m
[0;37m[08:00:38] [INFO] | Step                                     | Duration (s) | Status    |[0m
[0;37m[08:00:38] [INFO] +------------------------------------------+--------------+-----------+[0m
[0;37m[08:00:38] [INFO] | Data Ingestion: Population Controls      | 19.07        | COMPLETED |[0m
[0;37m[08:00:38] [INFO] | Core: Hybrid Maximum Analysis            | 10.55        | COMPLETED |[0m
[0;37m[08:00:38] [INFO] | Core: Per-Cluster Controlled Residuals   | 1.00         | COMPLETED |[0m
[0;37m[08:00:38] [INFO] | Core: Full Density Scaling Simulation    | 1.96         | COMPLETED |[0m
[0;37m[08:00:38] [INFO] | Core: Hierarchical Mixed-Effects Density | 1.05         | COMPLETED |[0m
[0;37m[08:00:38] [INFO] | Core: Covariance-Aware Statistical Valid | 2.65         | COMPLETED |[0m
[0;37m[08:00:38] [INFO] | Binary: GC Binary vs Isolated Analysis   | 0.40         | COMPLETED |[0m
[0;37m[08:00:38] [INFO] | Binary: Temporal Topology Competition Mo | 0.05         | COMPLETED |[0m
[0;37m[08:00:38] [INFO] | Binary: Field Binary Control             | 0.46         | COMPLETED |[0m
[0;37m[08:00:38] [INFO] | Binary: Integrated Binary Control Test   | 0.63         | COMPLETED |[0m
[0;37m[08:00:38] [INFO] | Validation: Outlier Exclusion Sensitivit | 0.81         | COMPLETED |[0m
[0;37m[08:00:38] [INFO] | Validation: Shklovskii Sensitivity       | 1.05         | COMPLETED |[0m
[0;37m[08:00:38] [INFO] | Validation: Rho_intra Sensitivity Analys | 0.68         | COMPLETED |[0m
[0;37m[08:00:38] [INFO] | Validation: Power Analysis               | 9.90         | COMPLETED |[0m
[0;37m[08:00:38] [INFO] | Validation: Monte Carlo Validation       | 2.33         | COMPLETED |[0m
[0;37m[08:00:38] [INFO] | Validation: Sensitivity & CMC Comparison | 0.06         | COMPLETED |[0m
[0;37m[08:00:38] [INFO] | N-Body: Download CMC Data (M15)          | 0.13         | COMPLETED |[0m
[0;37m[08:00:38] [INFO] | N-Body: CMC Gold Standard Test           | 66.46        | COMPLETED |[0m
[0;37m[08:00:38] [INFO] | N-Body Pushback: Dynamical Calibration   | 1.04         | COMPLETED |[0m
[0;37m[08:00:38] [INFO] | N-Body Pushback: Sensitivity Analysis    | 16.67        | COMPLETED |[0m
[0;37m[08:00:38] [INFO] | N-Body Pushback: CMC Real Comparison     | 0.65         | COMPLETED |[0m
[0;37m[08:00:38] [INFO] | N-Body Pushback: Theoretical Uncertainty | 0.39         | COMPLETED |[0m
[0;37m[08:00:38] [INFO] | N-Body Pushback: Bayesian Posterior      | 0.67         | COMPLETED |[0m
[0;37m[08:00:38] [INFO] | N-Body Pushback: Core Collapse Test      | 0.63         | COMPLETED |[0m
[0;37m[08:00:38] [INFO] | N-Body Pushback: CMC Literature Comparis | 0.85         | COMPLETED |[0m
[0;37m[08:00:38] [INFO] | N-Body Pushback: Systematic Ceiling Anal | 0.67         | COMPLETED |[0m
[0;37m[08:00:38] [INFO] | N-Body Pushback: Exotic Physics Quantifi | 0.76         | COMPLETED |[0m
[0;37m[08:00:38] [INFO] | Theory: Parameter-Free Γ Derivation      | 0.05         | COMPLETED |[0m
[0;37m[08:00:38] [INFO] | Figure: Density Scaling                  | 1.22         | COMPLETED |[0m
[0;37m[08:00:38] [INFO] | Figure: Cluster Acceleration             | 0.84         | COMPLETED |[0m
[0;37m[08:00:38] [INFO] | Figure: TEP Summary                      | 0.63         | COMPLETED |[0m
[0;37m[08:00:38] [INFO] | Appendix: SN Ia σ-mB Correlation         | 1.10         | COMPLETED |[0m
[0;37m[08:00:38] [INFO] | Appendix: SN Ia Robustness Validation    | 2.31         | COMPLETED |[0m
[0;37m[08:00:38] [INFO] | Appendix: SN Ia Deep Audit               | 0.67         | COMPLETED |[0m
[0;37m[08:00:38] [INFO] +------------------------------------------+--------------+-----------+[0m
[1;32m[08:00:38] [SUCCESS] 
Total Execution Time: 148.38 seconds[0m
[0;37m[08:00:38] [INFO] Results Directory: /Users/matthewsmawfield/www/Temporal Equivalence Principle/TEP-COS/results/outputs/[0m
[0;37m[08:00:38] [INFO] Logs Directory: /Users/matthewsmawfield/www/Temporal Equivalence Principle/TEP-COS/logs/[0m
[1;32m[08:00:38] [SUCCESS] 
✓ Pipeline finished successfully.[0m
