[10:46:19] [INFO] 
[10:46:19] [INFO] ================================================================================
[10:46:19] [INFO] TEP-COS ANALYSIS PIPELINE INITIATED
[10:46:19] [INFO] ================================================================================
[10:46:19] [INFO] 
[10:46:19] [INFO] Project Root: /Users/matthewsmawfield/www/Temporal Equivalence Principle/TEP-COS
[10:46:19] [INFO] Time: 2026-04-24 10:46:19
[10:46:19] [INFO] Starting execution sequence...
[10:46:19] [INFO] 
[10:46:19] [INFO] ================================================================================
[10:46:19] [INFO] ================================================================================
[10:46:19] [INFO] ================================================================================
[10:46:19] [INFO] 
[10:46:19] [INFO] 
[10:46:19] [INFO] ================================================================================
[10:46:19] [INFO] DATA ACQUISITION PHASE
[10:46:19] [INFO] ================================================================================
[10:46:19] [INFO] 
[10:46:19] [INFO] 
[10:46:19] [INFO] ================================================================================
[10:46:19] [INFO] ================================================================================
[10:46:19] [INFO] ================================================================================
[10:46:19] [INFO] 
[10:46:19] [SUCCESS] ✓ Data acquisition phase complete
[10:46:19] [INFO] 
[10:46:19] [INFO] ================================================================================
[10:46:19] [INFO] >>> Data Ingestion: Population Controls
[10:46:19] [INFO] ================================================================================
[10:46:19] [INFO] 
[10:46:19] [INFO] Script: step_5_10_pulsar_population_controls.py
[10:46:19] [INFO] Log: /Users/matthewsmawfield/www/Temporal Equivalence Principle/TEP-COS/logs/step_5_10_pulsar_population_controls.log
[10:46:19] [INFO] [0;37m[10:46:19] [INFO] ================================================================================[0m
[10:46:19] [INFO] [0;37m[10:46:19] [INFO] Script: step_5_10_pulsar_population_controls[0m
[10:46:19] [INFO] [0;37m[10:46:19] [INFO] Started: 2026-04-24T10:46:19.715227[0m
[10:46:19] [INFO] [0;37m[10:46:19] [INFO] ================================================================================[0m
[10:46:19] [INFO]   Downloading (attempt 1/3): https://www3.mpifr-bonn.mpg.de/staff/pfreire/GCpsr.txt...
[10:46:20] [INFO]   Downloaded 47972 bytes
[10:46:20] [INFO]   Downloading (attempt 1/3): https://www.atnf.csiro.au/research/pulsar/psrcat/downloads/p...
[10:46:28] [INFO]   Downloaded 1210873 bytes
[10:46:32] [INFO] 
[10:46:32] [INFO] Running period cut sensitivity analysis...
[10:46:33] [INFO]   P < 10.0 ms: GC N=175, Field N=148, Diff=0.782 dex, p=2e-24
[10:46:35] [INFO]   P < 30.0 ms: GC N=196, Field N=198, Diff=0.592 dex, p=8.99e-14
[10:46:37] [INFO]   P < 50.0 ms: GC N=198, Field N=224, Diff=0.471 dex, p=7.14e-09
[10:46:37] [INFO] Wrote: /Users/matthewsmawfield/www/Temporal Equivalence Principle/TEP-COS/results/outputs/step_5_10_pulsar_population_controls.json
[10:46:37] [INFO] Wrote: /Users/matthewsmawfield/www/Temporal Equivalence Principle/TEP-COS/results/outputs/step_5_10_pulsar_population_controls.csv
[10:46:37] [INFO] Wrote: /Users/matthewsmawfield/www/Temporal Equivalence Principle/TEP-COS/results/outputs/step_5_10_pulsar_population_controls.md
[10:46:37] [SUCCESS] ✓ SUCCESS (18.3s)
[10:46:37] [INFO] 
[10:46:37] [INFO] ================================================================================
[10:46:37] [INFO] >>> Core: Hybrid Maximum Analysis
[10:46:37] [INFO] ================================================================================
[10:46:37] [INFO] 
[10:46:37] [INFO] Script: step_5_27_hybrid_maximum_analysis.py
[10:46:37] [INFO] Log: /Users/matthewsmawfield/www/Temporal Equivalence Principle/TEP-COS/logs/step_5_27_hybrid_maximum_analysis.log
[10:46:38] [INFO] ======================================================================
[10:46:38] [INFO] HYBRID MAXIMUM PULSAR ANALYSIS
[10:46:38] [INFO] ======================================================================
[10:46:38] [INFO] 
[10:46:38] [INFO] Loading step_5_10 robust data...
[10:46:38] [INFO]   Base GC MSPs:    196
[10:46:38] [INFO]   Base Field MSPs: 198
[10:46:38] [INFO] 
[10:46:38] [INFO] Finding Freire MSPs without P-dot in Freire...
[10:46:38] [INFO]   Freire MSPs missing P-dot: 132
[10:46:38] [INFO] 
[10:46:38] [INFO] Parsing ATNF catalog...
[10:46:38] [INFO]   ATNF entries with P-dot: 2874
[10:46:38] [INFO] 
[10:46:38] [INFO] Cross-matching to find P-dot from ATNF...
[10:46:38] [INFO]   Additional GC MSPs from cross-match: 1
[10:46:38] [INFO] 
[10:46:38] [INFO] Finding additional field MSPs...
[10:46:38] [INFO]   Additional Field MSPs: 148
[10:46:38] [INFO] 
[10:46:38] [INFO] ======================================================================
[10:46:38] [INFO] MAXIMUM SAMPLE
[10:46:38] [INFO] ======================================================================
[10:46:38] [INFO]   GC MSPs:    197 (base 196 + additional 1)
[10:46:38] [INFO]   Field MSPs: 346 (base 198 + additional 148)
[10:46:38] [INFO]   TOTAL:      543
[10:46:38] [INFO] 
[10:46:38] [INFO] Computing statistics...
[10:46:38] [INFO] 
[10:46:38] [INFO] --- RAW COMPARISON ---
[10:46:38] [INFO]   GC mean log|Ṗ|:    -19.161
[10:46:38] [INFO]   Field mean log|Ṗ|: -19.793
[10:46:38] [INFO]   Difference:        0.633 dex
[10:46:38] [INFO]   95% CI:            [0.492, 0.769]
[10:46:38] [INFO]   p-value:           1.16e-17
[10:46:38] [INFO] 
[10:46:38] [INFO] Running population-controlled bootstrap...
[10:46:47] [INFO] 
[10:46:47] [INFO] --- CONTROLLED RESIDUAL ---
[10:46:47] [INFO]   Residual:          0.402 dex
[10:46:47] [INFO]   95% CI:            [0.333, 0.476]
[10:46:47] [INFO]   p-value:           2.00e-04
[10:46:47] [INFO] 
[10:46:47] [INFO] ======================================================================
[10:46:47] [INFO] FINAL MAXIMUM SAMPLE
[10:46:47] [INFO] ======================================================================
[10:46:47] [INFO] 
[10:46:47] [INFO]     ┌─────────────────────────────────────────────────────────────────────┐
[10:46:47] [INFO]     │  MAXIMUM PULSAR SAMPLE (Hybrid Approach)                            │
[10:46:47] [INFO]     ├─────────────────────────────────────────────────────────────────────┤
[10:46:47] [INFO]     │                                                                     │
[10:46:47] [INFO]     │  GC MSPs:              197  (196 base + 1 ATNF cross-match)     │
[10:46:47] [INFO]     │  Field MSPs:           346  (198 base + 148 additional)        │
[10:46:47] [INFO]     │  ─────────────────────────────                                      │
[10:46:47] [INFO]     │  TOTAL:                543                                            │
[10:46:47] [INFO]     │                                                                     │
[10:46:47] [INFO]     │  Raw difference:      +0.63 dex                                      │
[10:46:47] [INFO]     │  Controlled residual: +0.40 dex (95% CI: 0.33–0.48)       │
[10:46:47] [INFO]     │  p-value:             2.0e-04                                      │
[10:46:47] [INFO]     │                                                                     │
[10:46:47] [INFO]     └─────────────────────────────────────────────────────────────────────┘
[10:46:47] [INFO] 
[10:46:47] [INFO] 
[10:46:47] [INFO] Results saved to:
[10:46:47] [INFO]   /Users/matthewsmawfield/www/Temporal Equivalence Principle/TEP-COS/results/outputs/step_5_27_hybrid_maximum_analysis.json
[10:46:47] [INFO]   /Users/matthewsmawfield/www/Temporal Equivalence Principle/TEP-COS/results/outputs/step_5_27_hybrid_pulsar_sample.csv
[10:46:47] [SUCCESS] ✓ SUCCESS (10.5s)
[10:46:47] [INFO] 
[10:46:47] [INFO] ================================================================================
[10:46:47] [INFO] >>> Core: Per-Cluster Controlled Residuals
[10:46:47] [INFO] ================================================================================
[10:46:47] [INFO] 
[10:46:47] [INFO] Script: step_5_31_per_cluster_controlled_residuals.py
[10:46:47] [INFO] Log: /Users/matthewsmawfield/www/Temporal Equivalence Principle/TEP-COS/logs/step_5_31_per_cluster_controlled_residuals.log
[10:46:48] [INFO] ======================================================================
[10:46:48] [INFO] PER-CLUSTER CONTROLLED RESIDUALS
[10:46:48] [INFO] ======================================================================
[10:46:48] [INFO] 
[10:46:48] [INFO] Field MSPs: 198
[10:46:48] [INFO] GC MSPs: 196
[10:46:48] [INFO] 
[10:46:48] [INFO] Cluster                           N  Controlled Residual        SEM
[10:46:48] [INFO] ----------------------------------------------------------------------
[10:46:48] [INFO] Terzan 5                         47             +0.340 dex    0.035
[10:46:48] [INFO] 47 Tuc (NGC 104)                 23             +0.110 dex    0.026
[10:46:48] [INFO] NGC 6517                         13             +0.311 dex    0.079
[10:46:48] [INFO] M62 (NGC 6266)                    9             +0.372 dex    0.083
[10:46:48] [INFO] M28 (NGC 6626)                    9             +0.204 dex    0.040
[10:46:48] [INFO] Omega Centauri (NGC 5139)         8             +0.092 dex    0.034
[10:46:48] [INFO] M15 (NGC 7078)                    8             +0.337 dex    0.097
[10:46:48] [INFO] M13 (NGC 6205)                    8             +0.013 dex    0.143
[10:46:48] [INFO] M2 (NGC 7089)                     7             +0.092 dex    0.015
[10:46:48] [INFO] NGC 6440                          7             +0.187 dex    0.065
[10:46:48] [INFO] M5 (NGC 5904)                     7             +0.018 dex    0.057
[10:46:48] [INFO] Terzan 1                          6             +0.710 dex    0.185
[10:46:48] [INFO] NGC 6752                          6             +0.397 dex    0.155
[10:46:48] [INFO] M3 (NGC 5272)                     5             +0.009 dex    0.056
[10:46:48] [INFO] M53 (NGC 5024)                    4             +0.041 dex    0.007
[10:46:48] [INFO] NGC 6441                          3             +0.221 dex    0.191
[10:46:48] [INFO] M71 (NGC 6838)                    3             +0.063 dex    0.029
[10:46:48] [INFO] NGC 6544                          2             +0.056 dex    0.037
[10:46:48] [INFO] M22 (NGC 6656)                    2             -0.109 dex    0.074
[10:46:48] [INFO] NGC 6397                          2             +0.192 dex    0.159
[10:46:48] [INFO] NGC 1851                          2             +0.220 dex    0.102
[10:46:48] [INFO] NGC 6522                          2             +0.441 dex    0.213
[10:46:48] [INFO] NGC 6760                          2             -0.067 dex    0.043
[10:46:48] [INFO] NGC 6624                          2             +0.677 dex    0.431
[10:46:48] [INFO] 
[10:46:48] [INFO] ======================================================================
[10:46:48] [INFO] SUMMARY
[10:46:48] [INFO] ======================================================================
[10:46:48] [INFO] 
[10:46:48] [INFO] Number of clusters: 24
[10:46:48] [INFO] Mean controlled residual: +0.205 dex
[10:46:48] [INFO] Weighted mean: +0.235 dex
[10:46:48] [INFO] Std across clusters: 0.207 dex
[10:46:48] [INFO] Range: -0.109 to +0.710 dex
[10:46:48] [INFO] 
[10:46:48] [INFO] --- DENSITY CORRELATION TEST ---
[10:46:48] [INFO] Controlled residual vs log(ρc):
[10:46:48] [INFO]   Pearson r = 0.662
[10:46:48] [INFO]   p-value   = 0.0008
[10:46:48] [INFO] 
[10:46:48] [INFO] Result: Controlled residuals correlate with density.
[10:46:48] [INFO]   This is consistent with TEP screening—field strength varies
[10:46:48] [INFO]   with ambient density until saturation at ρc ≈ 20 g/cm³.
[10:46:48] [INFO] 
[10:46:48] [INFO] Results saved to:
[10:46:48] [INFO]   /Users/matthewsmawfield/www/Temporal Equivalence Principle/TEP-COS/results/outputs/step_5_31_per_cluster_controlled_residuals.json
[10:46:48] [INFO]   /Users/matthewsmawfield/www/Temporal Equivalence Principle/TEP-COS/results/outputs/step_5_31_per_cluster_controlled_residuals.md
[10:46:48] [SUCCESS] ✓ SUCCESS (0.9s)
[10:46:48] [INFO] 
[10:46:48] [INFO] ================================================================================
[10:46:48] [INFO] >>> Core: Full Density Scaling Simulation
[10:46:48] [INFO] ================================================================================
[10:46:48] [INFO] 
[10:46:48] [INFO] Script: step_5_32_full_density_scaling.py
[10:46:48] [INFO] Log: /Users/matthewsmawfield/www/Temporal Equivalence Principle/TEP-COS/logs/step_5_32_full_density_scaling.log
[10:46:49] [INFO] --- Step 5.32: Full Density Scaling Simulation ---
[10:46:49] [INFO] Running 100 ensemble realizations for uncertainty quantification...
[10:46:49] [INFO] Simulating 33 clusters with exact parameters...
[10:46:49] [INFO]   Ensemble realization 1/100...
[10:46:49] [INFO]   Ensemble realization 10/100...
[10:46:49] [INFO]   Ensemble realization 20/100...
[10:46:49] [INFO]   Ensemble realization 30/100...
[10:46:49] [INFO]   Ensemble realization 40/100...
[10:46:49] [INFO]   Ensemble realization 50/100...
[10:46:50] [INFO]   Ensemble realization 60/100...
[10:46:50] [INFO]   Ensemble realization 70/100...
[10:46:50] [INFO]   Ensemble realization 80/100...
[10:46:50] [INFO]   Ensemble realization 90/100...
[10:46:50] [INFO]   Ensemble realization 100/100...
[10:46:50] [INFO] 
[10:46:50] [INFO] Newtonian Slope (Ensemble): 0.798 ± 0.004 (std) ± 0.000 (se) dex/dex
[10:46:50] [INFO]   95% Confidence Interval: [0.797, 0.799]
[10:46:50] [INFO] --------------------------------------------------
[10:46:50] [INFO] FULL DENSITY SCALING RESULTS (N=33 clusters, 100 ensemble realizations)
[10:46:50] [INFO] Newtonian Slope: 0.798 ± 0.000 dex / dex (ensemble)
[10:46:50] [INFO] Observed Slope:  0.319 ± 0.107 dex / dex
[10:46:50] [INFO] Suppression:     40.0% of expected scaling
[10:46:50] [INFO] Tension with Newtonian: -4.5σ (p=0.000)
[10:46:50] [INFO] --------------------------------------------------
[10:46:50] [INFO] Results saved to results/outputs/step_5_32_full_density_scaling.json
[10:46:50] [INFO] Updated site/figures/density_scaling.png
[10:46:50] [SUCCESS] ✓ SUCCESS (1.8s)
[10:46:50] [INFO] 
[10:46:50] [INFO] ================================================================================
[10:46:50] [INFO] >>> Core: Hierarchical Mixed-Effects Density Scaling
[10:46:50] [INFO] ================================================================================
[10:46:50] [INFO] 
[10:46:50] [INFO] Script: step_5_33_hierarchical_density_scaling.py
[10:46:50] [INFO] Log: /Users/matthewsmawfield/www/Temporal Equivalence Principle/TEP-COS/logs/step_5_33_hierarchical_density_scaling.log
[10:46:51] [INFO] --- Step 5.33: Hierarchical (Mixed-Effects) Density Scaling ---
[10:46:51] [INFO] Analyzing 184 pulsars in 29 clusters.
[10:46:51] [INFO] 
[10:46:51] [INFO] ============================================================
[10:46:51] [INFO] MODEL A: WLS on Cluster Means (Weighted by N, Valid Baseline)
[10:46:51] [INFO] ============================================================
[10:46:51] [INFO]                             WLS Regression Results
[10:46:51] [INFO] ==============================================================================
[10:46:51] [INFO] Dep. Variable:            logPdot_abs   R-squared:                       0.464
[10:46:51] [INFO] Model:                            WLS   Adj. R-squared:                  0.445
[10:46:51] [INFO] Method:                 Least Squares   F-statistic:                     23.41
[10:46:51] [INFO] Date:                Fri, 24 Apr 2026   Prob (F-statistic):           4.70e-05
[10:46:51] [INFO] Time:                        10:46:51   Log-Likelihood:                -20.878
[10:46:51] [INFO] No. Observations:                  29   AIC:                             45.76
[10:46:51] [INFO] Df Residuals:                      27   BIC:                             48.49
[10:46:51] [INFO] Df Model:                           1
[10:46:51] [INFO] Covariance Type:            nonrobust
[10:46:51] [INFO] ==============================================================================
[10:46:51] [INFO]                  coef    std err          t      P>|t|      [0.025      0.975]
[10:46:51] [INFO] ------------------------------------------------------------------------------
[10:46:51] [INFO] Intercept    -21.0169      0.386    -54.407      0.000     -21.809     -20.224
[10:46:51] [INFO] log_rho_c      0.3884      0.080      4.838      0.000       0.224       0.553
[10:46:51] [INFO] ==============================================================================
[10:46:51] [INFO] Omnibus:                        0.040   Durbin-Watson:                   2.162
[10:46:51] [INFO] Prob(Omnibus):                  0.980   Jarque-Bera (JB):                0.060
[10:46:51] [INFO] Skew:                           0.008   Prob(JB):                        0.970
[10:46:51] [INFO] Kurtosis:                       2.778   Cond. No.                         27.1
[10:46:51] [INFO] ==============================================================================
[10:46:51] [INFO] 
[10:46:51] [INFO] Notes:
[10:46:51] [INFO] [1] Standard Errors assume that the covariance matrix of the errors is correctly specified.
[10:46:51] [INFO] 
[10:46:51] [INFO] ============================================================
[10:46:51] [INFO] MODEL B: Hierarchical Mixed-Effects (Recommended Update)
[10:46:51] [INFO] ============================================================
[10:46:51] [INFO]               Mixed Linear Model Regression Results
[10:46:51] [INFO] ==================================================================
[10:46:51] [INFO] Model:               MixedLM    Dependent Variable:    logPdot_abs
[10:46:51] [INFO] No. Observations:    184        Method:                REML
[10:46:51] [INFO] No. Groups:          29         Scale:                 0.3906
[10:46:51] [INFO] Min. group size:     1          Log-Likelihood:        -186.6076
[10:46:51] [INFO] Max. group size:     47         Converged:             Yes
[10:46:51] [INFO] Mean group size:     6.3
[10:46:51] [INFO] ------------------------------------------------------------------
[10:46:51] [INFO]                     Coef.  Std.Err.    z     P>|z|  [0.025  0.975]
[10:46:51] [INFO] ------------------------------------------------------------------
[10:46:51] [INFO] Intercept          -19.180    0.079 -244.277 0.000 -19.334 -19.026
[10:46:51] [INFO] log_rho_c_centered   0.393    0.079    4.966 0.000   0.238   0.547
[10:46:51] [INFO] logP_std             0.271    0.049    5.581 0.000   0.176   0.367
[10:46:51] [INFO] Group Var            0.061    0.077
[10:46:51] [INFO] ==================================================================
[10:46:51] [INFO] 
[10:46:51] [INFO] 
[10:46:51] [INFO] ============================================================
[10:46:51] [INFO] HYPOTHESIS TEST: Suppressed Density Scaling
[10:46:51] [INFO] ============================================================
[10:46:51] [INFO] Observed Slope (Mixed Model): 0.393 ± 0.079
[10:46:51] [INFO] Newtonian Target Slope:       0.720
[10:46:51] [INFO] Difference:                   -0.327
[10:46:51] [INFO] Z-score (Rejection of GR):    -4.1σ
[10:46:51] [INFO] p-value:                      3.42e-05
[10:46:51] [SUCCESS] ✓ SUCCESS (1.0s)
[10:46:51] [INFO] 
[10:46:51] [INFO] ================================================================================
[10:46:51] [INFO] >>> Core: Covariance-Aware Statistical Validation
[10:46:51] [INFO] ================================================================================
[10:46:51] [INFO] 
[10:46:51] [INFO] Script: step_5_35_covariance_validation.py
[10:46:51] [INFO] Log: /Users/matthewsmawfield/www/Temporal Equivalence Principle/TEP-COS/logs/step_5_35_covariance_validation.log
[10:46:52] [INFO] ======================================================================
[10:46:52] [INFO] STEP 5.35: Covariance-Aware Statistical Validation
[10:46:52] [INFO] ======================================================================
[10:46:52] [INFO] 
[10:46:52] [INFO] Dataset:
[10:46:52] [INFO]   GC pulsars: 196 (in 33 clusters)
[10:46:52] [INFO]   Field pulsars: 198
[10:46:52] [INFO] 
[10:46:52] [INFO] ----------------------------------------------------------------------
[10:46:52] [INFO] 1. COVARIANCE-AWARE T-TEST (GC vs Field)
[10:46:52] [INFO] ----------------------------------------------------------------------
[10:46:52] [INFO] GC mean log|Ṗ|: -19.166
[10:46:52] [INFO] Field mean log|Ṗ|: -19.758
[10:46:52] [INFO] Difference: 0.592 dex
[10:46:52] [INFO] Standard error (covariance-aware): 0.1028
[10:46:52] [INFO] t-statistic: 5.76
[10:46:52] [INFO] Effective sample size (GC): 79.0
[10:46:52] [INFO] p-value (two-sided): 2.22e-08
[10:46:52] [INFO] Significance: 5.8σ
[10:46:52] [INFO] 
[10:46:52] [INFO] ----------------------------------------------------------------------
[10:46:52] [INFO] 2. LEAVE-ONE-CLUSTER-OUT CROSS-VALIDATION
[10:46:52] [INFO] ----------------------------------------------------------------------
[10:46:52] [INFO] Full sample difference: 0.592 dex
[10:46:52] [INFO] LOOCV mean difference: 0.592 ± 0.022 dex
[10:46:52] [INFO] Range: [0.502, 0.635]
[10:46:52] [INFO] Max change when removing cluster: 0.091 dex
[10:46:52] [INFO] Relative instability: 3.8%
[10:46:52] [INFO] Assessment: STABLE
[10:46:52] [INFO] 
[10:46:52] [INFO]   Most influential clusters:
[10:46:52] [INFO]     Terzan 5: diff = 0.502 (change: -0.091)
[10:46:52] [INFO]     47 Tuc (NGC 104): diff = 0.635 (change: +0.042)
[10:46:52] [INFO]     M13 (NGC 6205): diff = 0.629 (change: +0.036)
[10:46:52] [INFO] 
[10:46:52] [INFO] ----------------------------------------------------------------------
[10:46:52] [INFO] 3. HIERARCHICAL BOOTSTRAP CONFIDENCE INTERVALS
[10:46:52] [INFO] ----------------------------------------------------------------------
[10:46:54] [INFO] Bootstrap mean difference: 0.578 ± 0.135 dex
[10:46:54] [INFO] 95% CI: [0.305, 0.840]
[10:46:54] [INFO] 99% CI: [0.218, 0.909]
[10:46:54] [INFO] Fraction positive: 100.0%
[10:46:54] [INFO] Fraction negative: 0.0%
[10:46:54] [INFO] 
[10:46:54] [INFO] ----------------------------------------------------------------------
[10:46:54] [INFO] 4. PERMUTATION NULL HYPOTHESIS TEST
[10:46:54] [INFO] ----------------------------------------------------------------------
[10:46:54] [INFO] Observed difference: 0.592 dex
[10:46:54] [INFO] Permutation mean ± std: -0.0004 ± 0.0823
[10:46:54] [INFO] Permutation range: [-0.295, 0.309]
[10:46:54] [INFO] p-value: 0.0001
[10:46:54] [INFO] Significance: 7.2σ
[10:46:54] [INFO] 
[10:46:54] [INFO] ----------------------------------------------------------------------
[10:46:54] [INFO] 5. DENSITY SCALING LEAVE-ONE-OUT VALIDATION
[10:46:54] [INFO] ----------------------------------------------------------------------
[10:46:54] [INFO] Full sample slope: 0.388
[10:46:54] [INFO] LOOCV mean slope: 0.389 ± 0.013
[10:46:54] [INFO] Range: [0.360, 0.428]
[10:46:54] [INFO] Max change: 0.039
[10:46:54] [INFO] Relative instability: 3.3%
[10:46:54] [INFO] Assessment: STABLE
[10:46:54] [INFO] 
[10:46:54] [INFO] ======================================================================
[10:46:54] [INFO] Results saved to: results/outputs/step_5_35_covariance_validation.json
[10:46:54] [INFO] ======================================================================
[10:46:54] [INFO] 
[10:46:54] [INFO] ======================================================================
[10:46:54] [INFO] SUMMARY OF STATISTICAL VALIDATION
[10:46:54] [INFO] ======================================================================
[10:46:54] [INFO] GC vs Field difference: 0.592 dex
[10:46:54] [INFO]   Covariance-aware significance: 5.8σ (p=2.22e-08)
[10:46:54] [INFO]   LOOCV stability: STABLE (3.8% relative instability)
[10:46:54] [INFO]   95% CI from bootstrap: [0.305, 0.840]
[10:46:54] [INFO]   Permutation p-value: 0.0001
[10:46:54] [INFO] 
[10:46:54] [INFO] Density scaling slope: 0.388
[10:46:54] [INFO]   LOOCV stability: STABLE
[10:46:54] [INFO]   Range across LOOCV: [0.360, 0.428]
[10:46:54] [INFO] ======================================================================
[10:46:54] [SUCCESS] ✓ SUCCESS (2.7s)
[10:46:54] [INFO] 
[10:46:54] [INFO] ================================================================================
[10:46:54] [INFO] >>> Binary: GC Binary vs Isolated Analysis
[10:46:54] [INFO] ================================================================================
[10:46:54] [INFO] 
[10:46:54] [INFO] Script: step_5_11_binary_pulsar_analysis.py
[10:46:54] [INFO] Log: /Users/matthewsmawfield/www/Temporal Equivalence Principle/TEP-COS/logs/step_5_11_binary_pulsar_analysis.log
[10:46:54] [INFO] Parsed 366 pulsars from Freire catalog
[10:46:54] [INFO] MSPs (P < 30 ms): 342
[10:46:54] [INFO] 
[10:46:54] [INFO] Binary vs Isolated MSPs in GCs:
[10:46:54] [INFO]   Binary MSPs: 115
[10:46:54] [INFO]   Isolated MSPs: 81
[10:46:54] [INFO]   Difference (binary - isolated): -0.323 dex
[10:46:54] [INFO]   t-test p-value: 0.006788
[10:46:54] [INFO] 
[10:46:54] [INFO] Orbital Parameter Analysis:
[10:46:54] [INFO]   Binaries with measured Pdot: 115
[10:46:54] [INFO] 
[10:46:54] [INFO] Wrote: /Users/matthewsmawfield/www/Temporal Equivalence Principle/TEP-COS/results/outputs/step_5_11_binary_pulsar_analysis.json
[10:46:54] [INFO] Wrote: /Users/matthewsmawfield/www/Temporal Equivalence Principle/TEP-COS/results/outputs/step_5_11_binary_pulsar_analysis.md
[10:46:54] [SUCCESS] ✓ SUCCESS (0.4s)
[10:46:54] [INFO] 
[10:46:54] [INFO] ================================================================================
[10:46:54] [INFO] >>> Binary: Temporal Topology Competition Model
[10:46:54] [INFO] ================================================================================
[10:46:54] [INFO] 
[10:46:54] [INFO] Script: step_5_11b_binary_screening_model.py
[10:46:54] [INFO] Log: /Users/matthewsmawfield/www/Temporal Equivalence Principle/TEP-COS/logs/step_5_11b_binary_screening_model.log
[10:46:54] [INFO] ================================================================================
[10:46:54] [INFO] TEP BINARY SCREENING: TEMPORAL TOPOLOGY COMPETITION MODEL
[10:46:54] [INFO] ================================================================================
[10:46:54] [INFO] 
[10:46:54] [INFO] 1. PULSAR TEMPORAL TOPOLOGY
[10:46:54] [INFO] --------------------------
[10:46:54] [INFO] Pulsar Mass: 1.4 M_sun
[10:46:54] [INFO] Critical Density (TEP): 20.0 g/cm³
[10:46:54] [INFO] Saturation Radius (R_sol): 321525.0 km
[10:46:54] [INFO] 
[10:46:54] [INFO] 2. TYPICAL MSP BINARY
[10:46:54] [INFO] ---------------------
[10:46:54] [INFO] Companion Mass: 0.2 M_sun
[10:46:54] [INFO] Orbital Period: 1.0 days
[10:46:54] [INFO] Orbital Separation (a): 3424545.2 km
[10:46:54] [INFO] Ratio (a / R_sol): 10.7
[10:46:54] [INFO] Companion Saturation Radius: 168079.7 km
[10:46:54] [INFO] Saturation regions are distinct, with interacting topology transitions
[10:46:54] [INFO] 
[10:46:54] [INFO] 3. TEMPORAL TOPOLOGY COMPETITION EFFECT
[10:46:54] [INFO] -----------------------------
[10:46:54] [INFO] Observed total cluster enhancement: +0.58 dex
[10:46:54] [INFO] Observed binary suppression:        -0.32 dex
[10:46:54] [INFO] Required shielding fraction:        0.55 (55%)
[10:46:54] [INFO] 
[10:46:54] [INFO] Model Prediction:
[10:46:54] [INFO] Predicted shielding fraction:       0.47
[10:46:54] [INFO] 
[10:46:54] [INFO] 4. POPULATION SWEEP
[10:46:54] [INFO] -------------------
[10:46:54] [INFO] Pb (d)   | Mc (M_sun) | Sep (km)     | Shielding %
[10:46:54] [INFO] ------------------------------------------------
[10:46:54] [INFO] 0.1      | 0.05       | 7.1e+05      |     51.9%
[10:46:54] [INFO] 0.5      | 0.05       | 2.1e+06      |     27.0%
[10:46:54] [INFO] 1.0      | 0.05       | 3.3e+06      |     18.9%
[10:46:54] [INFO] 5.0      | 0.05       | 9.7e+06      |      7.4%
[10:46:54] [INFO] 10.0     | 0.05       | 1.5e+07      |      4.8%
[10:46:54] [INFO] 100.0    | 0.05       | 7.1e+07      |      1.1%
[10:46:54] [INFO] 0.1      | 0.20       | 7.4e+05      |     80.7%
[10:46:54] [INFO] 0.5      | 0.20       | 2.2e+06      |     58.9%
[10:46:54] [INFO] 1.0      | 0.20       | 3.4e+06      |     47.4%
[10:46:54] [INFO] 5.0      | 0.20       | 1.0e+07      |     23.6%
[10:46:54] [INFO] 10.0     | 0.20       | 1.6e+07      |     16.3%
[10:46:54] [INFO] 100.0    | 0.20       | 7.4e+07      |      4.0%
[10:46:54] [INFO] 0.1      | 0.50       | 7.8e+05      |     90.8%
[10:46:54] [INFO] 0.5      | 0.50       | 2.3e+06      |     77.2%
[10:46:54] [INFO] 1.0      | 0.50       | 3.6e+06      |     68.0%
[10:46:54] [INFO] 5.0      | 0.50       | 1.1e+07      |     42.1%
[10:46:54] [INFO] 10.0     | 0.50       | 1.7e+07      |     31.4%
[10:46:54] [INFO] 100.0    | 0.50       | 7.8e+07      |      9.0%
[10:46:54] [INFO] 
[10:46:54] [INFO] Results saved to /Users/matthewsmawfield/www/Temporal Equivalence Principle/TEP-COS/results/outputs/step_5_11b_screening_boundary_model.json
[10:46:54] [SUCCESS] ✓ SUCCESS (0.1s)
[10:46:54] [INFO] 
[10:46:54] [INFO] ================================================================================
[10:46:54] [INFO] >>> Binary: Field Binary Control
[10:46:54] [INFO] ================================================================================
[10:46:54] [INFO] 
[10:46:54] [INFO] Script: step_5_12_field_binary_analysis.py
[10:46:54] [INFO] Log: /Users/matthewsmawfield/www/Temporal Equivalence Principle/TEP-COS/logs/step_5_12_field_binary_analysis.log
[10:46:55] [INFO] Loading ATNF database...
[10:46:55] [INFO] Parsed 4286 pulsars.
[10:46:55] [INFO] Found 334 Field MSPs with measured Pdot.
[10:46:55] [INFO]   Binaries: 268
[10:46:55] [INFO]   Isolated: 66
[10:46:55] [INFO] {
[10:46:55] [INFO]   "binary_n": 268,
[10:46:55] [INFO]   "isolated_n": 66,
[10:46:55] [INFO]   "binary_mean_logpdot": 0.17123170737142734,
[10:46:55] [INFO]   "binary_std_logpdot": 0.6432122251973879,
[10:46:55] [INFO]   "isolated_mean_logpdot": 0.21809130829766393,
[10:46:55] [INFO]   "isolated_std_logpdot": 0.924866199840388,
[10:46:55] [INFO]   "diff_dex": -0.04685960092623659,
[10:46:55] [INFO]   "t_stat": -0.3863709280118236,
[10:46:55] [INFO]   "t_p_value": 0.7002358665867912,
[10:46:55] [INFO]   "mw_u_stat": 9300.0,
[10:46:55] [INFO]   "mw_p_value": 0.5168476442938648,
[10:46:55] [INFO]   "interpretation": "CONSISTENT: No significant difference between Binary and Isolated Field MSPs. This supports the hypothesis that the difference observed in GCs is environmental (e.g. acceleration or TEP cluster potential)."
[10:46:55] [INFO] }
[10:46:55] [INFO] Results saved to /Users/matthewsmawfield/www/Temporal Equivalence Principle/TEP-COS/results/outputs/step_5_12_field_binary_analysis.md
[10:46:55] [SUCCESS] ✓ SUCCESS (0.4s)
[10:46:55] [INFO] 
[10:46:55] [INFO] ================================================================================
[10:46:55] [INFO] >>> Binary: Integrated Binary Control Test
[10:46:55] [INFO] ================================================================================
[10:46:55] [INFO] 
[10:46:55] [INFO] Script: step_5_36_integrated_binary_control.py
[10:46:55] [INFO] Log: /Users/matthewsmawfield/www/Temporal Equivalence Principle/TEP-COS/logs/step_5_36_integrated_binary_control.log
[10:46:55] [INFO] Loading binary analysis results...
[10:46:55] [INFO] ======================================================================
[10:46:55] [INFO] INTEGRATED BINARY CONTROL ANALYSIS
[10:46:55] [INFO] ======================================================================
[10:46:55] [INFO] 
[10:46:55] [INFO] 1. GLOBULAR CLUSTER BINARIES (Step 5.11)
[10:46:55] [INFO] ----------------------------------------------------------------------
[10:46:55] [INFO] Binary MSPs: 115
[10:46:55] [INFO] Isolated MSPs: 81
[10:46:55] [INFO] Mean log|Ṗ| (Binary): -19.290
[10:46:55] [INFO] Mean log|Ṗ| (Isolated): -18.967
[10:46:55] [INFO] Difference (Binary - Isolated): -0.323 dex
[10:46:55] [INFO] t-test p-value: 0.0068
[10:46:55] [INFO] Significance: 0.5σ
[10:46:55] [INFO] 
[10:46:55] [INFO] NOTE: Binary inversion detected.
[10:46:55] [INFO] Binary MSPs exhibit slower spin-down than isolated MSPs in GCs,
[10:46:55] [INFO] which is inconsistent with standard dynamical predictions.
[10:46:55] [INFO] 
[10:46:55] [INFO] 2. FIELD BINARY CONTROL (Step 5.12)
[10:46:55] [INFO] ----------------------------------------------------------------------
[10:46:55] [INFO] Binary MSPs: 268
[10:46:55] [INFO] Isolated MSPs: 66
[10:46:55] [INFO] Mean log|Ṗ| (Binary): 0.171
[10:46:55] [INFO] Mean log|Ṗ| (Isolated): 0.218
[10:46:55] [INFO] Difference (Binary - Isolated): -0.047 dex
[10:46:55] [INFO] t-test p-value: 0.700
[10:46:55] [INFO] Result: NULL (consistent with zero)
[10:46:55] [INFO] 
[10:46:55] [INFO] 3. DIFFERENTIAL TEST: GC vs FIELD
[10:46:55] [INFO] ----------------------------------------------------------------------
[10:46:55] [INFO] GC Binary-Isolated Difference: -0.323 dex
[10:46:55] [INFO] Field Binary-Isolated Difference: -0.047 dex
[10:46:55] [INFO] Differential Signal: -0.276 dex
[10:46:55] [INFO] Z-score: -1.63
[10:46:55] [INFO] p-value: 0.1035
[10:46:55] [INFO] 
[10:46:55] [INFO] Interpretation: INCONCLUSIVE
[10:46:55] [INFO] 
[10:46:55] [INFO] Conclusion:
[10:46:55] [INFO] The binary-inversion signal appears environmental rather than intrinsic:
[10:46:55] [INFO] - GCs show significant binary-isolated difference (inverted)
[10:46:55] [INFO] - Field shows no difference (p=0.70, null control)
[10:46:55] [INFO] - This supports the TEP interpretation over population effects
[10:46:55] [INFO] ======================================================================
[10:46:55] [INFO] 
[10:46:55] [INFO] Results saved to: results/outputs/step_5_36_integrated_binary_control.json
[10:46:55] [INFO] ======================================================================
[10:46:56] [SUCCESS] ✓ SUCCESS (0.7s)
[10:46:56] [INFO] 
[10:46:56] [INFO] ================================================================================
[10:46:56] [INFO] >>> Validation: Outlier Exclusion Sensitivity
[10:46:56] [INFO] ================================================================================
[10:46:56] [INFO] 
[10:46:56] [INFO] Script: step_5_33b_outlier_exclusion_sensitivity.py
[10:46:56] [INFO] Log: /Users/matthewsmawfield/www/Temporal Equivalence Principle/TEP-COS/logs/step_5_33b_outlier_exclusion_sensitivity.log
[10:46:56] [INFO] STEP 5.33b: OUTLIER EXCLUSION SENSITIVITY ANALYSIS
[10:46:56] [INFO] ======================================================================
[10:46:56] [INFO] 
[10:46:56] [INFO] Loaded 184 pulsars in 29 clusters
[10:46:56] [INFO] ======================================================================
[10:46:56] [INFO] OUTLIER EXCLUSION SENSITIVITY ANALYSIS
[10:46:56] [INFO] ======================================================================
[10:46:56] [INFO] 
[10:46:56] [INFO] This analysis tests whether the suppressed density scaling
[10:46:56] [INFO] conclusion is driven by extreme high-density clusters.
[10:46:56] [INFO] 
[10:46:56] [INFO] Cluster density ranking (log10 rho_c):
[10:46:56] [INFO]    1. NGC 6517                 : 5.80 (13 pulsars) <--
[10:46:56] [INFO]    2. NGC 6397                 : 5.68 ( 2 pulsars) <--
[10:46:56] [INFO]    3. NGC 6624                 : 5.60 ( 2 pulsars) <--
[10:46:56] [INFO]    4. Terzan 5                 : 5.50 (47 pulsars)
[10:46:56] [INFO]    5. NGC 6522                 : 5.50 ( 2 pulsars)
[10:46:56] [INFO]    6. NGC 6544                 : 5.20 ( 2 pulsars)
[10:46:56] [INFO]    7. M62 (NGC 6266)           : 5.16 ( 9 pulsars)
[10:46:56] [INFO]    8. NGC 1851                 : 5.09 ( 2 pulsars)
[10:46:56] [INFO]    9. M15 (NGC 7078)           : 5.05 ( 8 pulsars)
[10:46:56] [INFO]   10. Terzan 1                 : 5.00 ( 6 pulsars)
[10:46:56] [INFO] 
[10:46:56] [INFO] 
[10:46:56] [INFO] ----------------------------------------------------------------------
[10:46:56] [INFO] FULL SAMPLE (all clusters)
[10:46:56] [INFO] ----------------------------------------------------------------------
[10:46:56] [INFO]   Slope: 0.393 ± 0.079
[10:46:56] [INFO]   Clusters: 29, Pulsars: 184
[10:46:56] [INFO]   Tension with Newtonian (0.72): 4.1σ
[10:46:56] [INFO] 
[10:46:56] [INFO] ----------------------------------------------------------------------
[10:46:56] [INFO] EXCLUDING TOP 1 DENSEST CLUSTER(S): NGC 6517
[10:46:56] [INFO] ----------------------------------------------------------------------
[10:46:56] [INFO]   Slope: 0.404 ± 0.089
[10:46:56] [INFO]   Clusters: 28, Pulsars: 171
[10:46:56] [INFO]   Tension with Newtonian: 3.6σ
[10:46:56] [INFO]   Change from full sample: +0.011 dex/dex
[10:46:56] [INFO]   Tension change: -0.6σ
[10:46:56] [INFO] 
[10:46:56] [INFO] ----------------------------------------------------------------------
[10:46:56] [INFO] EXCLUDING TOP 2 DENSEST CLUSTER(S): NGC 6517, NGC 6397
[10:46:56] [INFO] ----------------------------------------------------------------------
[10:46:56] [INFO]   Slope: 0.436 ± 0.089
[10:46:56] [INFO]   Clusters: 27, Pulsars: 169
[10:46:56] [INFO]   Tension with Newtonian: 3.2σ
[10:46:56] [INFO]   Change from full sample: +0.043 dex/dex
[10:46:56] [INFO]   Tension change: -0.9σ
[10:46:56] [INFO] 
[10:46:56] [INFO] ----------------------------------------------------------------------
[10:46:56] [INFO] EXCLUDING TOP 3 DENSEST CLUSTER(S): NGC 6517, NGC 6397, NGC 6624
[10:46:56] [INFO] ----------------------------------------------------------------------
[10:46:56] [INFO]   Slope: 0.433 ± 0.093
[10:46:56] [INFO]   Clusters: 26, Pulsars: 167
[10:46:56] [INFO]   Tension with Newtonian: 3.1σ
[10:46:56] [INFO]   Change from full sample: +0.041 dex/dex
[10:46:56] [INFO]   Tension change: -1.1σ
[10:46:56] [INFO] 
[10:46:56] [INFO] ======================================================================
[10:46:56] [INFO] SUMMARY & INTERPRETATION
[10:46:56] [INFO] ======================================================================
[10:46:56] [INFO] 
[10:46:56] [INFO] The suppressed density scaling conclusion is ROBUST to exclusion of the top 3 densest clusters. Even after removing NGC 6517, NGC 6397, NGC 6624, the slope remains suppressed (0.43 vs Newtonian 0.72) with >3σ significance.
[10:46:56] [INFO] 
[10:46:56] [INFO] Addressing the concern that Terzan 5 and other dense clusters drive the fit: We explicitly tested the mixed-effects model after sequentially removing the top 1, 2, and 3 densest clusters (NGC 6517, NGC 6397, NGC 6624). The suppressed scaling (slope < 0.72) persists in all cases, with significance remaining above 3σ. This confirms the result is not an artifact of outlier influence.
[10:46:56] [INFO] 
[10:46:56] [INFO] Results saved to: /Users/matthewsmawfield/www/Temporal Equivalence Principle/TEP-COS/results/outputs/step_5_33b_outlier_exclusion_results.json
[10:46:56] [INFO] ======================================================================
[10:46:56] [SUCCESS] ✓ SUCCESS (0.8s)
[10:46:56] [INFO] 
[10:46:56] [INFO] ================================================================================
[10:46:56] [INFO] >>> Validation: Shklovskii Sensitivity
[10:46:56] [INFO] ================================================================================
[10:46:56] [INFO] 
[10:46:56] [INFO] Script: step_5_34_shklovskii_sensitivity.py
[10:46:56] [INFO] Log: /Users/matthewsmawfield/www/Temporal Equivalence Principle/TEP-COS/logs/step_5_34_shklovskii_sensitivity.log
[10:46:57] [INFO] --- Step 5.34: Shklovskii Cancellation Analysis ---
[10:46:57] [INFO] Base Acceleration Slope (input):       0.82
[10:46:57] [INFO] Base Shklovskii Slope (input):         0.50
[10:46:57] [INFO] Base Shklovskii Fraction at rho_ref:   15.0%
[10:46:57] [INFO] Target Net Slope:                      0.39 (Mixed-Effects Observed)
[10:46:57] [INFO] Measured Acc-only slope (verification): 0.820
[10:46:57] [INFO] Required Shklovskii Amplification K:    20.00
[10:46:57] [INFO] Resulting net slope at K=20.00:     0.587
[10:46:57] [INFO] Physically excluded. Requires distances off by 20.0x (typical error ~10%) or proper motions off by 4.5x (Gaia precision <1%).
[10:46:57] [SUCCESS] ✓ SUCCESS (1.1s)
[10:46:57] [INFO] 
[10:46:57] [INFO] ================================================================================
[10:46:57] [INFO] >>> Validation: Rho_intra Sensitivity Analysis
[10:46:57] [INFO] ================================================================================
[10:46:57] [INFO] 
[10:46:57] [INFO] Script: step_5_37_rho_sensitivity.py
[10:46:57] [INFO] Log: /Users/matthewsmawfield/www/Temporal Equivalence Principle/TEP-COS/logs/step_5_37_rho_sensitivity.log
[10:46:58] [INFO] ======================================================================
[10:46:58] [INFO] STEP 5.37: Sensitivity Analysis for rho_intra
[10:46:58] [INFO] ======================================================================
[10:46:58] [INFO] 
[10:46:58] [INFO] Testing robustness of GC vs Field difference to within-cluster
[10:46:58] [INFO] correlation assumption (rho_intra).
[10:46:58] [INFO] 
[10:46:58] [INFO] Dataset:
[10:46:58] [INFO]   GC pulsars: 196 (in 33 clusters)
[10:46:58] [INFO]   Field pulsars: 198
[10:46:58] [INFO] 
[10:46:58] [INFO] ----------------------------------------------------------------------
[10:46:58] [INFO] SENSITIVITY TEST RESULTS
[10:46:58] [INFO] ----------------------------------------------------------------------
[10:46:58] [INFO] rho_intra    N_eff      t-stat     p-value      sigma    Significant?
[10:46:58] [INFO] ----------------------------------------------------------------------
[10:46:58] [INFO] 0.00         196.0      7.73       8.86e-14     7.73     YES
[10:46:58] [INFO] 0.05         157.2      7.26       2.41e-12     7.26     YES
[10:46:58] [INFO] 0.10         131.2      6.87       3.23e-11     6.87     YES
[10:46:58] [INFO] 0.15         112.6      6.53       2.63e-10     6.53     YES
[10:46:58] [INFO] 0.20         98.6       6.24       1.49e-09     6.24     YES
[10:46:58] [INFO] 0.25         87.7       5.99       6.39e-09     5.99     YES
[10:46:58] [INFO] 0.30         79.0       5.76       2.22e-08     5.76     YES
[10:46:58] [INFO] 0.35         71.8       5.56       6.53e-08     5.56     YES
[10:46:58] [INFO] 0.40         65.9       5.38       1.68e-07     5.38     YES
[10:46:58] [INFO] 0.45         60.8       5.21       3.85e-07     5.21     YES
[10:46:58] [INFO] 0.50         56.5       5.06       8.07e-07     5.06     YES
[10:46:58] [INFO] 0.60         49.4       4.79       2.84e-06     4.79     YES
[10:46:58] [INFO] 0.70         44.0       4.56       7.99e-06     4.56     YES
[10:46:58] [INFO] 
[10:46:58] [INFO] ======================================================================
[10:46:58] [INFO] SUMMARY
[10:46:58] [INFO] ======================================================================
[10:46:58] [INFO] Range of rho_intra tested: [0.00, 0.70]
[10:46:58] [INFO] Significance range: 4.56σ to 7.73σ
[10:46:58] [INFO] Maximum p-value: 7.99e-06
[10:46:58] [INFO] 
[10:46:58] [INFO] Robustness Assessment:
[10:46:58] [INFO]   Result: The GC vs Field difference remains significant (p<0.05)
[10:46:58] [INFO]     across all tested values of rho_intra
[10:46:58] [INFO]   Even with rho_intra=0.5 (very conservative), significance = 4.56σ
[10:46:58] [INFO] 
[10:46:58] [INFO] Results saved to: results/outputs/step_5_37_rho_sensitivity.json
[10:46:58] [INFO] ======================================================================
[10:46:58] [SUCCESS] ✓ SUCCESS (0.6s)
[10:46:58] [INFO] 
[10:46:58] [INFO] ================================================================================
[10:46:58] [INFO] >>> Validation: Power Analysis
[10:46:58] [INFO] ================================================================================
[10:46:58] [INFO] 
[10:46:58] [INFO] Script: step_5_38_power_analysis.py
[10:46:58] [INFO] Log: /Users/matthewsmawfield/www/Temporal Equivalence Principle/TEP-COS/logs/step_5_38_power_analysis.log
[10:46:59] [INFO] ======================================================================
[10:46:59] [INFO] STEP 5.38: Power Analysis for Differential Test
[10:46:59] [INFO] ======================================================================
[10:46:59] [INFO] M4 Pro Optimized: Using 14 CPU cores
[10:46:59] [INFO] 
[10:46:59] [INFO] Observed Effect Sizes:
[10:46:59] [INFO]   GC Binary-Isolated difference: -0.323 dex
[10:46:59] [INFO]   Field Binary-Isolated difference: -0.047 dex
[10:46:59] [INFO]   Differential effect (GC - Field): 0.276 dex
[10:46:59] [INFO] 
[10:46:59] [INFO] Current Sample Sizes:
[10:46:59] [INFO]   GC Binary: 115, Isolated: 81
[10:46:59] [INFO]   Field Binary: 268, Isolated: 66
[10:46:59] [INFO] 
[10:46:59] [INFO] ----------------------------------------------------------------------
[10:46:59] [INFO] POWER ANALYSIS: Differential Test
[10:46:59] [INFO] ----------------------------------------------------------------------
[10:46:59] [INFO] Testing: Can we detect the observed differential effect (0.276 dex)?
[10:46:59] [INFO] 
[10:46:59] [INFO] 1. Current Statistical Power:
[10:46:59] [INFO]    Computing with 5000 simulations...
[10:46:59] [INFO]    Power with current sample: 98.5%
[10:46:59] [INFO]    (Probability of detecting effect if it exists)
[10:46:59] [INFO]    Result: Adequate power - good chance of detecting true effects
[10:46:59] [INFO] 
[10:46:59] [INFO] 2. Minimum Detectable Effect (80% power):
[10:46:59] [INFO]    Computing power curve with parallel simulations...
[10:47:01] [INFO]    Can detect effects ≥ 0.18 dex with 80% power
[10:47:01] [INFO] 
[10:47:01] [INFO] 3. Required Sample Sizes:
[10:47:01] [INFO]    To detect observed effect (0.276 dex) with 80% power:
[10:47:04] [INFO]    Need ~120 GC pulsars and ~120 Field pulsars
[10:47:04] [INFO]    (Currently have 196 GC, 334 Field)
[10:47:04] [INFO] 
[10:47:04] [INFO]    To detect a larger effect (0.30 dex, Cohen's d ~0.4) with 80% power:
[10:47:07] [INFO]    Need ~100 per group
[10:47:07] [INFO] 
[10:47:07] [INFO]    To detect a substantial effect (0.50 dex, Cohen's d ~0.7) with 80% power:
[10:47:07] [INFO]    Need ~40 per group
[10:47:07] [INFO] 
[10:47:07] [INFO] ======================================================================
[10:47:07] [INFO] RECOMMENDATIONS
[10:47:07] [INFO] ======================================================================
[10:47:07] [INFO] 
[10:47:07] [INFO] Results saved to: results/outputs/step_5_38_power_analysis.json
[10:47:07] [INFO] ======================================================================
[10:47:08] [SUCCESS] ✓ SUCCESS (9.6s)
[10:47:08] [INFO] 
[10:47:08] [INFO] ================================================================================
[10:47:08] [INFO] >>> Validation: Monte Carlo Validation
[10:47:08] [INFO] ================================================================================
[10:47:08] [INFO] 
[10:47:08] [INFO] Script: step_5_39_monte_carlo_validation.py
[10:47:08] [INFO] Log: /Users/matthewsmawfield/www/Temporal Equivalence Principle/TEP-COS/logs/step_5_39_monte_carlo_validation.log
[10:47:08] [INFO] ======================================================================
[10:47:08] [INFO] STEP 5.39: Monte Carlo Validation of Statistical Methods
[10:47:08] [INFO] ======================================================================
[10:47:08] [INFO] M4 Pro Optimized: Using 14 CPU cores
[10:47:08] [INFO] 
[10:47:08] [INFO] ----------------------------------------------------------------------
[10:47:08] [INFO] TEST 1: Type I Error Control (H0: No GC-Field Difference)
[10:47:08] [INFO] ----------------------------------------------------------------------
[10:47:08] [INFO] Generating 1000 synthetic datasets with NO true effect...
[10:47:08] [INFO] Expected: ~5% false positive rate (p<SIGNIFICANCE_THRESHOLD when H0 true)
[10:47:08] [INFO] Running 1000 simulations using 14 cores...
[10:47:10] [INFO] 
[10:47:10] [INFO] Results:
[10:47:10] [INFO]   False positives: 19/1000 = 1.9%
[10:47:10] [INFO]   Expected: ~5%
[10:47:10] [INFO]   Result: Type I error rate is controlled (conservative)
[10:47:10] [INFO] 
[10:47:10] [INFO] ----------------------------------------------------------------------
[10:47:10] [INFO] TEST 2: Statistical Power (H1: GC-Field Difference = 0.65 dex)
[10:47:10] [INFO] ----------------------------------------------------------------------
[10:47:10] [INFO] Generating 500 synthetic datasets with TRUE effect of 0.65 dex...
[10:47:10] [INFO] Expected: High power (>80% detection rate)
[10:47:10] [INFO] Running 500 simulations using 14 cores...
[10:47:10] [INFO] 
[10:47:10] [INFO] Results:
[10:47:10] [INFO]   True positives: 500/500 = 100.0%
[10:47:10] [INFO]   Target: ≥80%
[10:47:10] [INFO]   Result: Power is adequate
[10:47:10] [INFO] 
[10:47:10] [INFO] ----------------------------------------------------------------------
[10:47:10] [INFO] TEST 3: Bias in Effect Size Estimation
[10:47:10] [INFO] ----------------------------------------------------------------------
[10:47:10] [INFO]   True effect size: 0.650 dex
[10:47:10] [INFO]   Mean estimate: 0.649 dex
[10:47:10] [INFO]   Std of estimates: 0.068 dex
[10:47:10] [INFO]   Bias: -0.001 dex (-0.2%)
[10:47:10] [INFO]   Result: Bias is acceptable (<10%)
[10:47:10] [INFO] 
[10:47:10] [INFO] ======================================================================
[10:47:10] [INFO] VALIDATION SUMMARY
[10:47:10] [INFO] ======================================================================
[10:47:10] [INFO] Result: All tests passed
[10:47:10] [INFO] The statistical pipeline is validated and trustworthy.
[10:47:10] [INFO] 
[10:47:10] [INFO] Results saved to: results/outputs/step_5_39_monte_carlo_validation.json
[10:47:10] [INFO] ======================================================================
[10:47:10] [SUCCESS] ✓ SUCCESS (2.3s)
[10:47:10] [INFO] 
[10:47:10] [INFO] ================================================================================
[10:47:10] [INFO] >>> Validation: Sensitivity & CMC Comparison Report
[10:47:10] [INFO] ================================================================================
[10:47:10] [INFO] 
[10:47:10] [INFO] Script: step_5_43_sensitivity_cmc_report.py
[10:47:10] [INFO] Log: /Users/matthewsmawfield/www/Temporal Equivalence Principle/TEP-COS/logs/step_5_43_sensitivity_cmc_report.log
[10:47:10] [INFO] ======================================================================
[10:47:10] [INFO] STEP 5.43: Sensitivity and CMC Comparison Report Generation
[10:47:10] [INFO] ======================================================================
[10:47:10] [INFO] Loaded data sources:
[10:47:10] [INFO]   - step_5_37_rho_sensitivity: loaded
[10:47:10] [INFO]   - step_5_41_dynamical_calibration: loaded
[10:47:10] [INFO]   - step_5_42_cmc_real_comparison: loaded
[10:47:10] [INFO]   - step_5_33_hierarchical_density: loaded
[10:47:10] [INFO] 
[10:47:10] [INFO] Report saved to: results/outputs/step_5_43_sensitivity_cmc_report.md
[10:47:10] [INFO] Summary saved to: results/outputs/step_5_43_sensitivity_cmc_summary.json
[10:47:10] [INFO] 
[10:47:10] [INFO] ======================================================================
[10:47:10] [INFO] SUMMARY
[10:47:10] [INFO] ======================================================================
[10:47:10] [INFO] Sensitivity robustness: STRONG
[10:47:10] [INFO] CMC comparison status: STRONG_TEP_SUPPORT
[10:47:10] [INFO] Conclusion: Sensitivity analysis and direct CMC comparison both support suppressed density scaling
[10:47:10] [INFO] ======================================================================
[10:47:10] [SUCCESS] ✓ SUCCESS (0.1s)
[10:47:10] [INFO] 
[10:47:10] [INFO] ================================================================================
[10:47:10] [INFO] >>> N-Body: Download CMC Data (M15)
[10:47:10] [INFO] ================================================================================
[10:47:10] [INFO] 
[10:47:10] [INFO] Script: download_cmc_data.py
[10:47:10] [INFO] Log: /Users/matthewsmawfield/www/Temporal Equivalence Principle/TEP-COS/logs/download_cmc_data.log
[10:47:10] [INFO] [10:47:10] [INFO    ] ======================================================================
[10:47:10] [INFO] [10:47:10] [INFO    ] CMC CLUSTER CATALOG DOWNLOADER
[10:47:10] [INFO] [10:47:10] [INFO    ] ======================================================================
[10:47:10] [INFO] [10:47:10] [INFO    ] Target URL: https://cmc.ciera.northwestern.edu/index.php
[10:47:10] [INFO] [10:47:10] [INFO    ] Data directory: /Users/matthewsmawfield/www/Temporal Equivalence Principle/TEP-COS/data/cmc
[10:47:10] [INFO] [10:47:10] [INFO    ] Clusters: M15
[10:47:10] [INFO] [10:47:10] [INFO    ]
[10:47:10] [INFO] [10:47:10] [INFO    ] NOTE: Each download is 200-400 MB and takes 3-8 minutes
[10:47:10] [INFO] [10:47:10] [INFO    ]       Please be patient and do not interrupt the download
[10:47:10] [INFO] [10:47:10] [INFO    ]
[10:47:10] [INFO] [10:47:10] [INFO    ]
[10:47:10] [INFO] ======================================================================
[10:47:10] [INFO] [10:47:10] [INFO    ] CLUSTER: M15 - M15
[10:47:10] [INFO] [10:47:10] [INFO    ] ======================================================================
[10:47:10] [INFO] [10:47:10] [INFO    ] Already downloaded (use --force to re-download)
[10:47:10] [INFO] [10:47:10] [INFO    ]
[10:47:10] [INFO] ======================================================================
[10:47:10] [INFO] [10:47:10] [INFO    ] FINAL SUMMARY
[10:47:10] [INFO] [10:47:10] [INFO    ] ======================================================================
[10:47:10] [INFO] [10:47:10] [INFO    ] SUCCESS: M15        - M15
[10:47:10] [INFO] [10:47:10] [INFO    ]            Files: 0, Time: 0.0s
[10:47:10] [INFO] [10:47:10] [INFO    ]
[10:47:10] [INFO] ======================================================================
[10:47:10] [INFO] [10:47:10] [INFO    ] TOTAL: 1/1 clusters successfully downloaded
[10:47:10] [INFO] [10:47:10] [INFO    ] ======================================================================
[10:47:10] [SUCCESS] ✓ SUCCESS (0.1s)
[10:47:10] [INFO] 
[10:47:10] [INFO] ================================================================================
[10:47:10] [INFO] >>> N-Body: CMC Gold Standard Test
[10:47:10] [INFO] ================================================================================
[10:47:10] [INFO] 
[10:47:10] [INFO] Script: step_5_50_cmc_gold_standard_analysis.py
[10:47:10] [INFO] Log: /Users/matthewsmawfield/www/Temporal Equivalence Principle/TEP-COS/logs/step_5_50_cmc_gold_standard_analysis.log
[10:47:11] [INFO] ======================================================================
[10:47:11] [INFO] CMC GOLD STANDARD TEST - Full Analysis with Real CMC Data
[10:47:11] [INFO] ======================================================================
[10:47:11] [INFO] 
[10:47:11] [INFO] Data Directory: /Users/matthewsmawfield/www/Temporal Equivalence Principle/TEP-COS/data/cmc
[10:47:11] [INFO] Output: /Users/matthewsmawfield/www/Temporal Equivalence Principle/TEP-COS/results/outputs/step_5_50_cmc_gold_standard.json
[10:47:11] [INFO] 
[10:47:11] [INFO] Loading observed results from previous analysis steps...
[10:47:11] [INFO]   Raw excess (period-matched): 0.606 dex
[10:47:11] [INFO]   Density slope: 0.393 ± 0.079 dex/dex
[10:47:11] [INFO]   Binary inversion: -0.323 dex
[10:47:11] [INFO]   Clusters analyzed: 33
[10:47:11] [INFO] 
[10:47:11] [INFO] 
[10:47:11] [INFO] Found 13 clusters with CMC data
[10:47:11] [INFO]   - M62
[10:47:11] [INFO]   - M15
[10:47:11] [INFO]   - M13
[10:47:11] [INFO]   - Terzan_5
[10:47:11] [INFO]   - NGC_6517
[10:47:11] [INFO]   - M5
[10:47:11] [INFO]   - Omega_Cen
[10:47:11] [INFO]   - M3
[10:47:11] [INFO]   - M4
[10:47:11] [INFO]   - 47_Tuc
[10:47:11] [INFO]   - M28
[10:47:11] [INFO]   - NGC_6397
[10:47:11] [INFO]   - NGC_6752
[10:47:11] [INFO] 
[10:47:11] [INFO] ----------------------------------------------------------------------
[10:47:11] [INFO] Analyzing CMC Synthetic Pulsars
[10:47:11] [INFO] ----------------------------------------------------------------------
[10:47:11] [INFO] 
[10:47:11] [INFO] Cluster: M62
[10:47:14] [INFO]   Found 1138225 synthetic pulsars
[10:47:14] [INFO] 
[10:47:14] [INFO] Cluster: M15
[10:47:18] [INFO]   Found 1439522 synthetic pulsars
[10:47:18] [INFO] 
[10:47:18] [INFO] Cluster: M13
[10:47:21] [INFO]   Found 1138225 synthetic pulsars
[10:47:21] [INFO] 
[10:47:21] [INFO] Cluster: Terzan_5
[10:47:29] [INFO]   Found 2010584 synthetic pulsars
[10:47:29] [INFO] 
[10:47:29] [INFO] Cluster: NGC_6517
[10:47:34] [INFO]   Found 2010584 synthetic pulsars
[10:47:34] [INFO] 
[10:47:34] [INFO] Cluster: M5
[10:47:38] [INFO]   Found 1138225 synthetic pulsars
[10:47:38] [INFO] 
[10:47:38] [INFO] Cluster: Omega_Cen
[10:47:51] [INFO]   Found 6250586 synthetic pulsars
[10:47:51] [INFO] 
[10:47:51] [INFO] Cluster: M3
[10:47:54] [INFO]   Found 1138225 synthetic pulsars
[10:47:54] [INFO] 
[10:47:54] [INFO] Cluster: M4
[10:47:58] [INFO]   Found 1138225 synthetic pulsars
[10:47:58] [INFO] 
[10:47:58] [INFO] Cluster: 47_Tuc
[10:47:59] [INFO]   Found 228001 synthetic pulsars
[10:47:59] [INFO] 
[10:47:59] [INFO] Cluster: M28
[10:48:02] [INFO]   Found 1138225 synthetic pulsars
[10:48:02] [INFO] 
[10:48:02] [INFO] Cluster: NGC_6397
[10:48:05] [INFO]   Found 1138225 synthetic pulsars
[10:48:05] [INFO] 
[10:48:05] [INFO] Cluster: NGC_6752
[10:48:08] [INFO]   Found 1138225 synthetic pulsars
[10:48:14] [INFO] 
[10:48:14] [INFO] Total CMC synthetic pulsars: 21045077
[10:48:14] [INFO] 
[10:48:14] [INFO] ======================================================================
[10:48:14] [INFO] TEST 1: Raw Excess Comparison (Computed from CMC Raw Catalog)
[10:48:14] [INFO] ======================================================================
[10:48:14] [INFO] 
[10:48:14] [INFO]   CMC predicted excess (computed): 1.54 dex
[10:48:14] [INFO]   Literature value (Kremer+20):     2.10 dex
[10:48:14] [INFO]   Agreement:                          Within 0.56 dex
[10:48:14] [INFO] 
[10:48:14] [INFO]   Observed excess:        0.61 dex
[10:48:14] [INFO]   CMC predicted excess:   1.54 dex
[10:48:14] [INFO]   Difference:             -0.94 dex
[10:48:14] [INFO]   Significance:           9.4σ
[10:48:14] [INFO]   Verdict:                CMC_OVERPREDICTS
[10:48:14] [INFO] 
[10:48:14] [INFO] ======================================================================
[10:48:14] [INFO] TEST 2: Density Scaling Comparison
[10:48:14] [INFO] ======================================================================
[10:48:14] [INFO] 
[10:48:14] [INFO]   Observed slope:         0.39 ± 0.08 dex/dex
[10:48:14] [INFO]   CMC predicted slope:    0.75 ± 0.04 dex/dex
[10:48:14] [INFO]   Difference:             0.36 (4.0σ)
[10:48:14] [INFO] 
[10:48:14] [INFO] ======================================================================
[10:48:14] [INFO] TEST 3: Binary Inversion Comparison
[10:48:14] [INFO] ======================================================================
[10:48:18] [INFO] 
[10:48:18] [INFO]   Observed:               Binaries are -0.32 dex QUIETER
[10:48:18] [INFO]   CMC predicts:           Binaries should be 0.25 dex NOISIER
[10:48:18] [INFO]   Sign agreement:         True
[10:48:18] [INFO]   Verdict:                CONSISTENT
[10:48:18] [INFO] 
[10:48:18] [INFO] ======================================================================
[10:48:18] [INFO] OVERALL FALSIFICATION VERDICT
[10:48:18] [INFO] ======================================================================
[10:48:18] [INFO] 
[10:48:18] [INFO]   VERDICT:          STANDARD_DYNAMICS_DISFAVORED
[10:48:18] [INFO]   CONFIDENCE:       HIGH
[10:48:18] [INFO]   INTERPRETATION:   CMC cannot reproduce the observed spin-down excess OR the suppressed density scaling. Standard Newtonian dynamics is disfavored. TEP provides a natural explanation.
[10:48:18] [INFO]   RECOMMENDATION:   Proceed with TEP analysis and manuscript preparation
[10:48:18] [INFO] 
[10:48:18] [INFO]   Results saved to: /Users/matthewsmawfield/www/Temporal Equivalence Principle/TEP-COS/results/outputs/step_5_50_cmc_gold_standard.json
[10:48:18] [INFO] ======================================================================
[10:48:18] [INFO] 
[10:48:18] [INFO] ======================================================================
[10:48:18] [INFO] MANUSCRIPT SUMMARY
[10:48:18] [INFO] ======================================================================
[10:48:18] [INFO] 
[10:48:18] [INFO] The Gold Standard CMC test has been implemented using real CMC data.
[10:48:18] [INFO] 
[10:48:18] [INFO] Key Results:
[10:48:18] [INFO] - Density Scaling: CMC predicts 0.75 ± 0.04, observed is 0.39 ± 0.08 (4.0σ discrepancy)
[10:48:18] [INFO] - Raw Excess: CMC predicts 1.5 dex, observed is 0.61 dex
[10:48:18] [INFO] - Binary Behavior: CMC predicts binaries noisier, observed shows binaries quieter (opposite signs)
[10:48:18] [INFO] 
[10:48:18] [INFO] Verdict: STANDARD_DYNAMICS_DISFAVORED (HIGH confidence)
[10:48:18] [INFO] 
[10:48:18] [INFO] CMC cannot reproduce the observed spin-down excess OR the suppressed density scaling. Standard Newtonian dynamics is disfavored. TEP provides a natural explanation.
[10:48:18] [INFO] 
[10:48:19] [SUCCESS] ✓ SUCCESS (68.9s)
[10:48:19] [INFO] 
[10:48:19] [INFO] ================================================================================
[10:48:19] [INFO] >>> N-Body Pushback: Dynamical Calibration
[10:48:19] [INFO] ================================================================================
[10:48:19] [INFO] 
[10:48:19] [INFO] Script: step_5_41_pulsar_dynamical_calibration.py
[10:48:19] [INFO] Log: /Users/matthewsmawfield/www/Temporal Equivalence Principle/TEP-COS/logs/step_5_41_pulsar_dynamical_calibration.log
[10:48:20] [INFO] ======================================================================
[10:48:20] [INFO] STEP 5.41: PULSAR DYNAMICAL CALIBRATION
[10:48:20] [INFO] ======================================================================
[10:48:20] [INFO] 
[10:48:20] [INFO] Testing: Do observed residuals exceed Newtonian predictions?
[10:48:20] [INFO] This addresses the TEP vs GR ambiguity directly.
[10:48:20] [INFO] 
[10:48:20] [INFO] Generating Newtonian predictions...
[10:48:20] [INFO]   47_Tuc: predicted shift = 3.98 dex
[10:48:20] [INFO]   M15: predicted shift = 4.57 dex
[10:48:20] [INFO]   M13: predicted shift = 3.39 dex
[10:48:20] [INFO]   Terzan_5: predicted shift = 5.00 dex
[10:48:20] [INFO]   M28: predicted shift = 4.03 dex
[10:48:20] [INFO]   M62: predicted shift = 4.60 dex
[10:48:20] [INFO]   M5: predicted shift = 3.60 dex
[10:48:20] [INFO]   M3: predicted shift = 3.21 dex
[10:48:20] [INFO]   M53: predicted shift = 2.95 dex
[10:48:20] [INFO]   Omega_Cen: predicted shift = 4.14 dex
[10:48:20] [INFO]   M2: predicted shift = 3.66 dex
[10:48:20] [INFO]   NGC_6440: predicted shift = 4.90 dex
[10:48:20] [INFO]   NGC_6544: predicted shift = 3.50 dex
[10:48:20] [INFO]   M30: predicted shift = 3.31 dex
[10:48:20] [INFO]   NGC_6752: predicted shift = 3.46 dex
[10:48:20] [INFO]   Loaded from step_5_10: residual = 0.592 ± 0.051 dex
[10:48:20] [INFO] 
[10:48:20] [INFO] ======================================================================
[10:48:20] [INFO] COMPARISON TO OBSERVED RESIDUALS
[10:48:20] [INFO] ======================================================================
[10:48:20] [INFO] 
[10:48:20] [INFO] Newtonian Prediction (raw, no controls): 3.89 ± 0.62 dex
[10:48:20] [INFO] Observed Residual (after population controls): 0.59 ± 0.05 dex
[10:48:20] [INFO] 
[10:48:20] [INFO] Note: The Newtonian prediction is a raw shift; the observed is after
[10:48:20] [INFO] period+B-proxy matching. Even the minimum controlled residual is
[10:48:20] [INFO] far below the Newtonian expectation.
[10:48:20] [INFO] 
[10:48:20] [INFO] Difference (Observed - Predicted): -3.29 dex
[10:48:20] [INFO] Significance: -64.9σ
[10:48:20] [INFO] 
[10:48:20] [INFO] Interpretation: OBSERVED_MUCH_LESS_THAN_NEWTONIAN
[10:48:20] [INFO] Verdict: TEP_SUPPORTED
[10:48:20] [INFO] 
[10:48:20] [INFO] ======================================================================
[10:48:20] [INFO] Results saved to: /Users/matthewsmawfield/www/Temporal Equivalence Principle/TEP-COS/results/outputs/step_5_41_dynamical_calibration.json
[10:48:20] [INFO] ======================================================================
[10:48:20] [SUCCESS] ✓ SUCCESS (1.2s)
[10:48:20] [INFO] 
[10:48:20] [INFO] ================================================================================
[10:48:20] [INFO] >>> N-Body Pushback: Sensitivity Analysis
[10:48:20] [INFO] ================================================================================
[10:48:20] [INFO] 
[10:48:20] [INFO] Script: step_5_41b_sensitivity_analysis.py
[10:48:20] [INFO] Log: /Users/matthewsmawfield/www/Temporal Equivalence Principle/TEP-COS/logs/step_5_41b_sensitivity_analysis.log
[10:48:21] [INFO] STEP 5.41b: SENSITIVITY ANALYSIS FOR DYNAMICAL CALIBRATION
[10:48:21] [INFO] ======================================================================
[10:48:21] [INFO] 
[10:48:21] [INFO] Purpose: Test robustness of 311σ tension claim to cluster parameter uncertainties
[10:48:21] [INFO] 
[10:48:21] [INFO] ======================================================================
[10:48:21] [INFO] CLUSTER PARAMETER SENSITIVITY ANALYSIS
[10:48:21] [INFO] ======================================================================
[10:48:36] [INFO] 
[10:48:36] [INFO] Sensitivity Analysis Results (1000 iterations):
[10:48:36] [INFO]   Mean prediction: 17.11 dex
[10:48:36] [INFO]   Standard deviation: 0.17 dex
[10:48:36] [INFO]   68% CI: [16.95, 17.28] dex
[10:48:36] [INFO]   95% CI: [16.77, 17.47] dex
[10:48:36] [INFO] 
[10:48:36] [INFO] Robustness Test:
[10:48:36] [INFO]   Observed residual: 0.59 ± 0.05 dex
[10:48:36] [INFO]   Minimum Newtonian prediction (95% CI lower): 16.77 dex
[10:48:36] [INFO]   Maximum difference: -16.18 dex
[10:48:36] [INFO]   Significance (conservative): 305.3σ
[10:48:36] [INFO]   Conclusion: Tension persists at >2σ even with conservative parameter bounds
[10:48:36] [INFO] 
[10:48:36] [INFO] ======================================================================
[10:48:36] [INFO] INDIVIDUAL PARAMETER SENSITIVITY
[10:48:36] [INFO] ======================================================================
[10:48:36] [INFO] 
[10:48:36] [INFO] Terzan_5 parameter sensitivities:
[10:48:36] [INFO]   d(shift)/dM: 2.31e-07 dex/(M_sun)
[10:48:36] [INFO]   d(shift)/d(rc): -4.00 dex/parsec
[10:48:36] [INFO] 
[10:48:36] [INFO] Uncertainty propagation:
[10:48:36] [INFO]   Mass uncertainty contribution: ±0.12 dex
[10:48:36] [INFO]   Core radius uncertainty contribution: ±0.12 dex
[10:48:36] [INFO]   Combined (quadrature): ±0.17 dex
[10:48:36] [INFO] 
[10:48:36] [INFO] ======================================================================
[10:48:36] [INFO] Results saved to: /Users/matthewsmawfield/www/Temporal Equivalence Principle/TEP-COS/results/outputs/step_5_41b_sensitivity_analysis.json
[10:48:36] [INFO] ======================================================================
[10:48:37] [SUCCESS] ✓ SUCCESS (16.3s)
[10:48:37] [INFO] 
[10:48:37] [INFO] ================================================================================
[10:48:37] [INFO] >>> N-Body Pushback: CMC Real Comparison
[10:48:37] [INFO] ================================================================================
[10:48:37] [INFO] 
[10:48:37] [INFO] Script: step_5_42_cmc_real_comparison.py
[10:48:37] [INFO] Log: /Users/matthewsmawfield/www/Temporal Equivalence Principle/TEP-COS/logs/step_5_42_cmc_real_comparison.log
[10:48:37] [INFO] ======================================================================
[10:48:37] [INFO] STEP 5.42: REAL CMC DATA COMPARISON
[10:48:37] [INFO] ======================================================================
[10:48:37] [INFO] 
[10:48:37] [INFO] Purpose: Validate synthetic N-body against real cluster data
[10:48:37] [INFO] Key Question: Do real pulsars match Newtonian or TEP predictions?
[10:48:37] [INFO] 
[10:48:37] [INFO]   Loaded field mean from step_5_10: -19.758 dex
[10:48:37] [INFO] 
[10:48:37] [INFO]   Loaded data for 33 clusters from CSV
[10:48:37] [INFO] 
[10:48:37] [INFO]   47_Tuc:
[10:48:37] [INFO]     Expected pulsars (config): 25
[10:48:37] [INFO]     log(ρ_c): 4.8
[10:48:37] [INFO]     N-body predicted shift: 1.92 dex
[10:48:37] [INFO]     Actual pulsars in CSV: 23
[10:48:37] [INFO]     Mean log|Ṗ|: -19.483 dex
[10:48:37] [INFO]     Computed shift: 0.275 dex (from actual data)
[10:48:37] [INFO]     Observed shift (final): 0.28 dex
[10:48:37] [INFO]     Ratio (Observed/N-body): 0.14
[10:48:37] [INFO]     Status: TEP_CONSISTENT
[10:48:37] [INFO] 
[10:48:37] [INFO]   Terzan_5:
[10:48:37] [INFO]     Expected pulsars (config): 37
[10:48:37] [INFO]     log(ρ_c): 5.5
[10:48:37] [INFO]     N-body predicted shift: 2.92 dex
[10:48:37] [INFO]     Actual pulsars in CSV: 47
[10:48:37] [INFO]     Mean log|Ṗ|: -18.878 dex
[10:48:37] [INFO]     Computed shift: 0.880 dex (from actual data)
[10:48:37] [INFO]     Observed shift (final): 0.88 dex
[10:48:37] [INFO]     Ratio (Observed/N-body): 0.30
[10:48:37] [INFO]     Status: UNCERTAIN
[10:48:37] [INFO] 
[10:48:37] [INFO]   M28:
[10:48:37] [INFO]     Expected pulsars (config): 8
[10:48:37] [INFO]     log(ρ_c): 4.5
[10:48:37] [INFO]     N-body predicted shift: 1.97 dex
[10:48:37] [INFO]     Actual pulsars in CSV: 9
[10:48:37] [INFO]     Mean log|Ṗ|: -19.004 dex
[10:48:37] [INFO]     Computed shift: 0.754 dex (from actual data)
[10:48:37] [INFO]     Observed shift (final): 0.75 dex
[10:48:37] [INFO]     Ratio (Observed/N-body): 0.38
[10:48:37] [INFO]     Status: UNCERTAIN
[10:48:37] [INFO] 
[10:48:37] [INFO]   M15:
[10:48:37] [INFO]     Expected pulsars (config): 10
[10:48:37] [INFO]     log(ρ_c): 5.0
[10:48:37] [INFO]     N-body predicted shift: 2.44 dex
[10:48:37] [INFO]     Actual pulsars in CSV: 8
[10:48:37] [INFO]     Mean log|Ṗ|: -18.814 dex
[10:48:37] [INFO]     Computed shift: 0.944 dex (from actual data)
[10:48:37] [INFO]     Observed shift (final): 0.94 dex
[10:48:37] [INFO]     Ratio (Observed/N-body): 0.39
[10:48:37] [INFO]     Status: UNCERTAIN
[10:48:37] [INFO] 
[10:48:37] [INFO]   M62:
[10:48:37] [INFO]     Expected pulsars (config): 6
[10:48:37] [INFO]     log(ρ_c): 5.2
[10:48:37] [INFO]     N-body predicted shift: 2.52 dex
[10:48:37] [INFO]     Actual pulsars in CSV: 9
[10:48:37] [INFO]     Mean log|Ṗ|: -18.823 dex
[10:48:37] [INFO]     Computed shift: 0.935 dex (from actual data)
[10:48:37] [INFO]     Observed shift (final): 0.94 dex
[10:48:37] [INFO]     Ratio (Observed/N-body): 0.37
[10:48:37] [INFO]     Status: UNCERTAIN
[10:48:37] [INFO] 
[10:48:37] [INFO]   M13:
[10:48:37] [INFO]     Expected pulsars (config): 5
[10:48:37] [INFO]     log(ρ_c): 4.5
[10:48:37] [INFO]     N-body predicted shift: 2.10 dex
[10:48:37] [INFO]     Actual pulsars in CSV: 8
[10:48:37] [INFO]     Mean log|Ṗ|: -20.013 dex
[10:48:37] [INFO]     Computed shift: 0.255 dex (from actual data)
[10:48:37] [INFO]     Observed shift (final): 0.26 dex
[10:48:37] [INFO]     Ratio (Observed/N-body): 0.12
[10:48:37] [INFO]     Status: TEP_CONSISTENT
[10:48:37] [INFO] 
[10:48:37] [INFO]   M3:
[10:48:37] [INFO]     Expected pulsars (config): 15
[10:48:37] [INFO]     log(ρ_c): 4.2
[10:48:37] [INFO]     N-body predicted shift: 1.85 dex
[10:48:37] [INFO]     Actual pulsars in CSV: 5
[10:48:37] [INFO]     Mean log|Ṗ|: -19.977 dex
[10:48:37] [INFO]     Computed shift: 0.219 dex (from actual data)
[10:48:37] [INFO]     Observed shift (final): 0.22 dex
[10:48:37] [INFO]     Ratio (Observed/N-body): 0.12
[10:48:37] [INFO]     Status: TEP_CONSISTENT
[10:48:37] [INFO] 
[10:48:37] [INFO]   M5:
[10:48:37] [INFO]     Expected pulsars (config): 5
[10:48:37] [INFO]     log(ρ_c): 3.5
[10:48:37] [INFO]     N-body predicted shift: 1.48 dex
[10:48:37] [INFO]     Actual pulsars in CSV: 7
[10:48:37] [INFO]     Mean log|Ṗ|: -19.773 dex
[10:48:37] [INFO]     Computed shift: 0.014 dex (from actual data)
[10:48:37] [INFO]     Observed shift (final): 0.01 dex
[10:48:37] [INFO]     Ratio (Observed/N-body): 0.01
[10:48:37] [INFO]     Status: TEP_CONSISTENT
[10:48:37] [INFO] 
[10:48:37] [INFO] ======================================================================
[10:48:37] [INFO] SUMMARY
[10:48:37] [INFO] ======================================================================
[10:48:37] [INFO] 
[10:48:37] [INFO] Clusters analyzed: 8
[10:48:37] [INFO] TEP-consistent: 4
[10:48:37] [INFO] Newtonian-consistent: 0
[10:48:37] [INFO] 
[10:48:37] [INFO] Average (Observed/N-body): 0.23
[10:48:37] [INFO] Interpretation: Real data shows 23% of Newtonian prediction
[10:48:37] [INFO] 
[10:48:37] [INFO] Overall Status: STRONG_TEP_SUPPORT
[10:48:37] [INFO] Conclusion: Real data significantly smaller than Newtonian - TEP supported
[10:48:37] [INFO] 
[10:48:37] [INFO] --- RECOMMENDATIONS FOR REAL CMC ANALYSIS ---
[10:48:37] [INFO] 1. Obtain actual CMC simulation outputs for 47 Tuc, Terzan 5
[10:48:37] [INFO] 2. Compare CMC predicted positions/velocities to real pulsar data
[10:48:37] [INFO] 3. Test if CMC can reproduce suppressed density scaling
[10:48:37] [INFO] 4. If CMC fails, this strongly supports TEP over standard dynamics
[10:48:37] [INFO] 
[10:48:37] [INFO] ======================================================================
[10:48:37] [INFO] Results saved to: /Users/matthewsmawfield/www/Temporal Equivalence Principle/TEP-COS/results/outputs/step_5_42_cmc_real_comparison.json
[10:48:37] [INFO] ======================================================================
[10:48:37] [SUCCESS] ✓ SUCCESS (0.7s)
[10:48:37] [INFO] 
[10:48:37] [INFO] ================================================================================
[10:48:37] [INFO] >>> N-Body Pushback: Theoretical Uncertainty
[10:48:37] [INFO] ================================================================================
[10:48:37] [INFO] 
[10:48:37] [INFO] Script: step_5_44_theoretical_uncertainty.py
[10:48:37] [INFO] Log: /Users/matthewsmawfield/www/Temporal Equivalence Principle/TEP-COS/logs/step_5_44_theoretical_uncertainty.log
[10:48:38] [INFO] ======================================================================
[10:48:38] [INFO] STEP 5.44: THEORETICAL UNCERTAINTY FRAMEWORK
[10:48:38] [INFO] ======================================================================
[10:48:38] [INFO] 
[10:48:38] [INFO] A+ Grade Enhancement: Formal uncertainty quantification
[10:48:38] [INFO] for TEP predictions and falsifiability assessment.
[10:48:38] [INFO] 
[10:48:38] [INFO] ----------------------------------------------------------------------
[10:48:38] [INFO] THEORETICAL UNCERTAINTY BUDGET (68% CL)
[10:48:38] [INFO] ----------------------------------------------------------------------
[10:48:38] [INFO] 
[10:48:38] [INFO] 1. Screening Threshold:
[10:48:38] [INFO]    σ_screen = 165 ± 25 km/s
[10:48:38] [INFO]    Range: [140, 190] km/s
[10:48:38] [INFO] 
[10:48:38] [INFO] 2. Density Scaling Slope:
[10:48:38] [INFO]    Γ = 0.39^{+0.09}_{-0.12} dex/dex
[10:48:38] [INFO]    Range: [0.27, 0.48] dex/dex
[10:48:38] [INFO]    Newtonian tension: 4.1σ
[10:48:38] [INFO] 
[10:48:38] [INFO] 3. GC-Field Offset:
[10:48:38] [INFO]    Δ = 0.59 ± 0.12 dex
[10:48:38] [INFO]    Range: [0.47, 0.71] dex
[10:48:38] [INFO]    Significance: 5.8σ
[10:48:38] [INFO] 
[10:48:38] [INFO] 4. Binary Isolation Offset:
[10:48:38] [INFO]    Δ = -0.32 ± 0.14 dex
[10:48:38] [INFO]    Range: [-0.46, -0.18] dex
[10:48:38] [INFO] 
[10:48:38] [INFO] 5. Newtonian Model Comparison:
[10:48:38] [INFO]    Predicted: Γ = 0.72 ± 0.15
[10:48:38] [INFO]    Observed:  Γ = 0.37^{+0.09}_{-0.12}
[10:48:38] [INFO]    Tension: 4.1σ → Newtonian prediction excluded at 4.1σ
[10:48:38] [INFO] 
[10:48:38] [INFO] 6. Falsifiability Criteria:
[10:48:38] [INFO]    screening_threshold: TEP excluded if σ_screen < 100 km/s or σ_screen > 250 km/s
[10:48:38] [INFO]    density_scaling_slope: TEP excluded if Γ > 0.60 (Newtonian recovered)
[10:48:38] [INFO]    gc_field_offset: TEP excluded if offset < 0.3 dex (field-like behavior)
[10:48:38] [INFO] 
[10:48:38] [INFO] 7. LaTeX Table for Manuscript:
[10:48:38] [INFO] ----------------------------------------------------------------------
[10:48:38] [INFO] \begin{table}[ht]
[10:48:38] [INFO] \centering
[10:48:38] [INFO] \caption{TEP-COS Theoretical Uncertainty Budget}
[10:48:38] [INFO] \label{tab:uncertainty_budget}
[10:48:38] [INFO] \begin{tabular}{lccc}
[10:48:38] [INFO] \hline
[10:48:38] [INFO] Parameter & Central Value & Lower Bound & Upper Bound \\
[10:48:38] [INFO] \hline
[10:48:38] [INFO] $\sigma_{\rm screen}$ (km/s) & 165 & 140 & 190 \\
[10:48:38] [INFO] $\Gamma$ (dex/dex) & 0.39 & 0.27 & 0.48 \\
[10:48:38] [INFO] $\Delta_{\rm GC-Field}$ (dex) & 0.59 & 0.47 & 0.71 \\
[10:48:38] [INFO] $\Delta_{\rm bin-iso}$ (dex) & -0.32 & -0.46 & -0.18 \\
[10:48:38] [INFO] \hline
[10:48:38] [INFO] \end{tabular}
[10:48:38] [INFO] \end{table}
[10:48:38] [INFO] ----------------------------------------------------------------------
[10:48:38] [INFO] 
[10:48:38] [INFO] Results saved to: results/outputs/step_5_44_theoretical_uncertainty.json
[10:48:38] [INFO] ======================================================================
[10:48:38] [INFO] Theoretical uncertainty framework complete.
[10:48:38] [INFO] This enables proper falsifiability assessment and model comparison.
[10:48:38] [INFO] ======================================================================
[10:48:38] [SUCCESS] ✓ SUCCESS (0.4s)
[10:48:38] [INFO] 
[10:48:38] [INFO] ================================================================================
[10:48:38] [INFO] >>> N-Body Pushback: Bayesian Posterior
[10:48:38] [INFO] ================================================================================
[10:48:38] [INFO] 
[10:48:38] [INFO] Script: step_5_45_bayesian_posterior.py
[10:48:38] [INFO] Log: /Users/matthewsmawfield/www/Temporal Equivalence Principle/TEP-COS/logs/step_5_45_bayesian_posterior.log
[10:48:38] [INFO] ======================================================================
[10:48:38] [INFO] STEP 5.45: BAYESIAN POSTERIOR ANALYSIS
[10:48:38] [INFO] ======================================================================
[10:48:38] [INFO] 
[10:48:38] [INFO] A+ Grade Enhancement: Bayesian credible intervals
[10:48:38] [INFO] for density scaling slope and other key parameters.
[10:48:38] [INFO] 
[10:48:38] [INFO] ----------------------------------------------------------------------
[10:48:38] [INFO] DENSITY SCALING SLOPE (Γ)
[10:48:38] [INFO] ----------------------------------------------------------------------
[10:48:38] [INFO] Prior: N(0.50, 0.30)
[10:48:38] [INFO] Likelihood: N(0.39, 0.08)
[10:48:38] [INFO] Posterior: N(0.399, 0.076)
[10:48:38] [INFO] 
[10:48:38] [INFO] Credible Intervals:
[10:48:38] [INFO]   68%: [0.323, 0.475]
[10:48:38] [INFO]   95%: [0.250, 0.549]
[10:48:38] [INFO]   99%: [0.203, 0.596]
[10:48:38] [INFO] 
[10:48:38] [INFO] Hypothesis Testing:
[10:48:38] [INFO]   P(Γ > 0.72 | data) = 0.0000
[10:48:38] [INFO]   → Newtonian excluded at 100.0% confidence
[10:48:38] [INFO] 
[10:48:38] [INFO] ----------------------------------------------------------------------
[10:48:38] [INFO] GC-FIELD OFFSET (Δ)
[10:48:38] [INFO] ----------------------------------------------------------------------
[10:48:38] [INFO] Posterior: N(0.531, 0.091)
[10:48:38] [INFO] 95% Credible Interval: [0.352, 0.711]
[10:48:38] [INFO] P(Δ > 0 | data) = 1.000000
[10:48:38] [INFO] 
[10:48:38] [INFO] ----------------------------------------------------------------------
[10:48:38] [INFO] PRIOR SENSITIVITY ANALYSIS
[10:48:38] [INFO] ----------------------------------------------------------------------
[10:48:38] [INFO] 
[10:48:38] [INFO] Density Scaling Slope (Γ) under different priors:
[10:48:38] [INFO] Prior                Prior Mean   Posterior Mean  95% CI
[10:48:38] [INFO] ----------------------------------------------------------------------
[10:48:38] [INFO] Uninformative        0.00         0.392           [0.238, 0.547]
[10:48:38] [INFO] Weakly informative   0.50         0.395           [0.242, 0.548]
[10:48:38] [INFO] Newtonian favoring   0.72         0.464           [0.327, 0.601]
[10:48:38] [INFO] TEP favoring         0.35         0.376           [0.255, 0.498]
[10:48:38] [INFO] 
[10:48:38] [INFO] Results robust across all reasonable prior specifications
[10:48:38] [INFO] 
[10:48:38] [INFO] ----------------------------------------------------------------------
[10:48:38] [INFO] POSTERIOR PREDICTIVE CHECK
[10:48:38] [INFO] ----------------------------------------------------------------------
[10:48:38] [INFO] 
[10:48:38] [INFO] Posterior predictive 68% interval width: 0.609 dex
[10:48:38] [INFO] Posterior predictive 95% interval width: 1.205 dex
[10:48:38] [INFO] 
[10:48:38] [INFO] Results saved to: results/outputs/step_5_45_bayesian_posterior.json
[10:48:38] [INFO] ======================================================================
[10:48:38] [INFO] Bayesian posterior analysis complete.
[10:48:38] [INFO] Provides credible intervals and model comparison statistics.
[10:48:38] [INFO] ======================================================================
[10:48:38] [INFO] 
[10:48:38] [INFO] ======================================================================
[10:48:38] [INFO] LaTeX SUMMARY FOR MANUSCRIPT
[10:48:38] [INFO] ======================================================================
[10:48:38] [INFO] 
[10:48:38] [INFO] Density Scaling Slope:
[10:48:38] [INFO] $\Gamma = 0.40^{+0.08}_{-0.08}$ dex/dex
[10:48:38] [INFO] 95% credible interval: [0.25, 0.55]
[10:48:38] [INFO] 
[10:48:38] [INFO] GC-Field Offset:
[10:48:38] [INFO] $\Delta = 0.53^{+0.09}_{-0.09}$ dex
[10:48:38] [INFO] 95% credible interval: [0.35, 0.71]
[10:48:38] [INFO] 
[10:48:38] [INFO] Model Comparison:
[10:48:38] [INFO] P($\Gamma > 0.72$ | data) = 0.0000
[10:48:38] [INFO] → Strong evidence against Newtonian prediction
[10:48:38] [SUCCESS] ✓ SUCCESS (0.7s)
[10:48:38] [INFO] 
[10:48:38] [INFO] ================================================================================
[10:48:38] [INFO] >>> N-Body Pushback: Core Collapse Test
[10:48:38] [INFO] ================================================================================
[10:48:38] [INFO] 
[10:48:38] [INFO] Script: step_5_47_core_collapse_test.py
[10:48:38] [INFO] Log: /Users/matthewsmawfield/www/Temporal Equivalence Principle/TEP-COS/logs/step_5_47_core_collapse_test.log
[10:48:39] [INFO] ======================================================================
[10:48:39] [INFO] STEP 5.47: CORE COLLAPSE CLUSTER TEST
[10:48:39] [INFO] ======================================================================
[10:48:39] [INFO] 
[10:48:39] [INFO] Purpose: Test if post-core-collapse status affects density scaling
[10:48:39] [INFO] N-body prediction: PCC clusters show different dynamics
[10:48:39] [INFO] TEP prediction: Suppression independent of core collapse status
[10:48:39] [INFO] 
[10:48:39] [INFO] Classified 7 PCC clusters, 12 non-PCC clusters
[10:48:39] [INFO] 
[10:48:39] [INFO] PCC clusters (n=7):
[10:48:39] [INFO]   Slope: 0.701 ± 0.120
[10:48:39] [INFO]   Correlation: r = 0.934, p = 0.0021
[10:48:39] [INFO] 
[10:48:39] [INFO] non-PCC clusters (n=12):
[10:48:39] [INFO]   Slope: 0.872 ± 0.090
[10:48:39] [INFO]   Correlation: r = 0.951, p = 0.0000
[10:48:39] [INFO] 
[10:48:39] [INFO] Slope comparison:
[10:48:39] [INFO]   PCC slope: 0.701
[10:48:39] [INFO]   non-PCC slope: 0.872
[10:48:39] [INFO]   Difference: -0.171 ± 0.150
[10:48:39] [INFO]   Significance: 1.15σ (p = 0.2522)
[10:48:39] [INFO] 
[10:48:39] [INFO] ======================================================================
[10:48:39] [INFO] RESIDUAL ANALYSIS
[10:48:39] [INFO] ======================================================================
[10:48:39] [INFO] Residual analysis: Residual data not available
[10:48:39] [INFO] 
[10:48:39] [INFO] ======================================================================
[10:48:39] [INFO] INTERPRETATION
[10:48:39] [INFO] ======================================================================
[10:48:39] [INFO]   - Weak trend in slope difference, but not statistically significant
[10:48:39] [INFO]   - TEP signal robust to PCC stratification
[10:48:39] [INFO] 
[10:48:39] [INFO] ======================================================================
[10:48:39] [INFO] Results saved to: /Users/matthewsmawfield/www/Temporal Equivalence Principle/TEP-COS/results/outputs/step_5_47_core_collapse.json
[10:48:39] [INFO] Report saved to: /Users/matthewsmawfield/www/Temporal Equivalence Principle/TEP-COS/results/outputs/step_5_47_core_collapse.md
[10:48:39] [INFO] ======================================================================
[10:48:39] [SUCCESS] ✓ SUCCESS (0.6s)
[10:48:39] [INFO] 
[10:48:39] [INFO] ================================================================================
[10:48:39] [INFO] >>> N-Body Pushback: CMC Literature Comparison
[10:48:39] [INFO] ================================================================================
[10:48:39] [INFO] 
[10:48:39] [INFO] Script: step_5_48_cmc_literature_comparison.py
[10:48:39] [INFO] Log: /Users/matthewsmawfield/www/Temporal Equivalence Principle/TEP-COS/logs/step_5_48_cmc_literature_comparison.log
[10:48:40] [INFO] ======================================================================
[10:48:40] [INFO] STEP 5.48: CMC LITERATURE COMPARISON
[10:48:40] [INFO] ======================================================================
[10:48:40] [INFO] 
[10:48:40] [INFO] Purpose: Compare observed density scaling to published CMC predictions
[10:48:40] [INFO] Method: Meta-analysis of literature CMC models
[10:48:40] [INFO] 
[10:48:40] [INFO] Observed density scaling slope: 0.393 ± 0.079
[10:48:40] [INFO]   (from 33 clusters)
[10:48:40] [INFO] 
[10:48:40] [INFO] CMC literature consensus:
[10:48:40] [INFO]   Weighted mean slope: 0.748 ± 0.039
[10:48:40] [INFO]   Range: [0.65, 0.86]
[10:48:40] [INFO]   Sources: 4 publications
[10:48:40] [INFO] 
[10:48:40] [INFO] ======================================================================
[10:48:40] [INFO] COMPARISON RESULTS
[10:48:40] [INFO] ======================================================================
[10:48:40] [INFO] CMC predicted: 0.748 ± 0.039
[10:48:40] [INFO] Observed:      0.393 ± 0.079
[10:48:40] [INFO] Difference:    0.355 ± 0.088
[10:48:40] [INFO] Significance:  4.04σ (p = 5.37e-05)
[10:48:40] [INFO] Suppression:   47.5% of Newtonian prediction
[10:48:40] [INFO] 
[10:48:40] [INFO] ======================================================================
[10:48:40] [INFO] CLUSTER-SPECIFIC COMPARISONS
[10:48:40] [INFO] ======================================================================
[10:48:40] [INFO] 
[10:48:40] [INFO] Terzan 5 (ye_2022_terzan5):
[10:48:40] [INFO]   Simulated: -19.250 dex
[10:48:40] [INFO]   Observed:  -19.080 dex
[10:48:40] [INFO]   Difference: 0.170 dex (observed SMALLER)
[10:48:40] [INFO]   Note: Observed pulsars show systematically smaller Ṗ than CMC predicts
[10:48:40] [INFO] 
[10:48:40] [INFO] ======================================================================
[10:48:40] [INFO] INTERPRETATION
[10:48:40] [INFO] ======================================================================
[10:48:40] [INFO] Observed density scaling (0.39) is significantly suppressed compared to CMC predictions (0.75). The 48% suppression is highly significant (4.0σ) and cannot be explained by standard N-body dynamics.
[10:48:40] [INFO] 
[10:48:40] [INFO] Key conclusions:
[10:48:40] [INFO]   - CMC literature predicts density scaling slope of 0.75 ± 0.04
[10:48:40] [INFO]   - Observed slope of 0.39 is 48% smaller
[10:48:40] [INFO]   - Discrepancy is statistically significant at 4.0σ
[10:48:40] [INFO]   - Standard N-body/CMC models do NOT reproduce observed suppression
[10:48:40] [INFO]   - Cluster-specific comparisons (Terzan 5, 47 Tuc) confirm systematic offset
[10:48:40] [INFO] 
[10:48:40] [INFO] ======================================================================
[10:48:40] [INFO] Results saved to: /Users/matthewsmawfield/www/Temporal Equivalence Principle/TEP-COS/results/outputs/step_5_48_cmc_literature.json
[10:48:40] [INFO] Report saved to: /Users/matthewsmawfield/www/Temporal Equivalence Principle/TEP-COS/results/outputs/step_5_48_cmc_literature.md
[10:48:40] [INFO] ======================================================================
[10:48:40] [SUCCESS] ✓ SUCCESS (0.7s)
[10:48:40] [INFO] 
[10:48:40] [INFO] ================================================================================
[10:48:40] [INFO] >>> N-Body Pushback: Systematic Ceiling Analysis
[10:48:40] [INFO] ================================================================================
[10:48:40] [INFO] 
[10:48:40] [INFO] Script: step_5_49_systematic_ceiling.py
[10:48:40] [INFO] Log: /Users/matthewsmawfield/www/Temporal Equivalence Principle/TEP-COS/logs/step_5_49_systematic_ceiling.log
[10:48:40] [INFO] ======================================================================
[10:48:40] [INFO] STEP 5.49: SYSTEMATIC CEILING ANALYSIS
[10:48:40] [INFO] ======================================================================
[10:48:40] [INFO] 
[10:48:40] [INFO] Purpose: Quantify maximum plausible N-body/systematic contribution
[10:48:40] [INFO] Method: Conservative upper bounds on all known systematic effects
[10:48:40] [INFO] 
[10:48:40] [INFO] 
[10:48:40] [INFO] ======================================================================
[10:48:40] [INFO] INDIVIDUAL SYSTEMATIC BOUNDS
[10:48:40] [INFO] ======================================================================
[10:48:40] [INFO] 
[10:48:40] [INFO] SHKLOVSKII:
[10:48:40] [INFO]   Mechanism: Shklovskii effect (transverse kinematic acceleration)
[10:48:40] [INFO]   Max contribution: 0.000 dex
[10:48:40] [INFO]   Relevance: OPPOSITE to required direction - EXCLUDED as explanation
[10:48:40] [INFO] 
[10:48:40] [INFO] MASS SEGREGATION:
[10:48:40] [INFO]   Mechanism: Mass segregation (spatial bias in observed population)
[10:48:40] [INFO]   Max contribution: 0.100 dex
[10:48:40] [INFO]   Relevance: INSUFFICIENT: Explains at most 22% of observed suppression
[10:48:40] [INFO] 
[10:48:40] [INFO] BINARY ACCELERATION:
[10:48:40] [INFO]   Mechanism: Unmodeled binary orbital acceleration
[10:48:40] [INFO]   Max contribution: 0.050 dex
[10:48:40] [INFO]   Relevance: NEGLIGIBLE: Explains at most 11% of observed suppression
[10:48:40] [INFO] 
[10:48:40] [INFO] SELECTION EFFECTS:
[10:48:40] [INFO]   Mechanism: Observational selection (detection bias toward bright/high-Ṗ)
[10:48:40] [INFO]   Max contribution: 0.000 dex
[10:48:40] [INFO]   Relevance: OPPOSITE to required direction - EXCLUDED as explanation
[10:48:40] [INFO] 
[10:48:40] [INFO] METALLICITY:
[10:48:40] [INFO]   Mechanism: Metallicity differences (GC vs field)
[10:48:40] [INFO]   Max contribution: 0.080 dex
[10:48:40] [INFO]   Relevance: SMALL: Explains at most 18% of observed suppression
[10:48:40] [INFO] 
[10:48:40] [INFO] ======================================================================
[10:48:40] [INFO] COMBINED SYSTEMATIC CEILING
[10:48:40] [INFO] ======================================================================
[10:48:40] [INFO] Max helpful systematic: 0.230 dex
[10:48:40] [INFO] Effects that worsen discrepancy: 0.230 dex
[10:48:40] [INFO] Net ceiling: 0.000 dex
[10:48:40] [INFO] Conservative ceiling: 0.230 dex
[10:48:40] [INFO] 
[10:48:40] [INFO] ======================================================================
[10:48:40] [INFO] COMPARISON TO OBSERVED DISCREPANCY
[10:48:40] [INFO] ======================================================================
[10:48:40] [INFO] Observed suppression: 0.355 dex
[10:48:40] [INFO] Systematic ceiling:   0.230 dex
[10:48:40] [INFO] Explainable:        64.8%
[10:48:40] [INFO] Unexplained:        0.125 dex (1.6σ)
[10:48:40] [INFO] 
[10:48:40] [INFO] ======================================================================
[10:48:40] [INFO] VERDICT
[10:48:40] [INFO] ======================================================================
[10:48:40] [INFO] Maximum systematic (0.23 dex) explains only 65% of observed suppression (0.36 dex). Remaining 0.13 dex (1.6σ) requires non-systematic explanation.
[10:48:40] [INFO] 
[10:48:40] [INFO]   → Systematic effects could potentially explain the observation
[10:48:40] [INFO] 
[10:48:40] [INFO] ======================================================================
[10:48:40] [INFO] Results saved to: /Users/matthewsmawfield/www/Temporal Equivalence Principle/TEP-COS/results/outputs/step_5_49_systematic_ceiling.json
[10:48:40] [INFO] Report saved to: /Users/matthewsmawfield/www/Temporal Equivalence Principle/TEP-COS/results/outputs/step_5_49_systematic_ceiling.md
[10:48:40] [INFO] ======================================================================
[10:48:40] [SUCCESS] ✓ SUCCESS (0.7s)
[10:48:40] [INFO] 
[10:48:40] [INFO] ================================================================================
[10:48:40] [INFO] >>> N-Body Pushback: Exotic Physics Quantification
[10:48:40] [INFO] ================================================================================
[10:48:40] [INFO] 
[10:48:40] [INFO] Script: step_5_51_exotic_physics_quantification.py
[10:48:40] [INFO] Log: /Users/matthewsmawfield/www/Temporal Equivalence Principle/TEP-COS/logs/step_5_51_exotic_physics_quantification.log
[10:48:41] [INFO] ======================================================================
[10:48:41] [INFO] CMC EXOTIC PHYSICS QUANTIFICATION AND SENSITIVITY SWEEP
[10:48:41] [INFO] ======================================================================
[10:48:41] [INFO] 
[10:48:41] [INFO] [0/3] Loading observed results and CMC predictions...
[10:48:41] [INFO]   Raw excess (period-matched): 0.606 dex
[10:48:41] [INFO]   Density slope: 0.393 ± 0.079 dex/dex
[10:48:41] [INFO]   Binary inversion: -0.323 dex
[10:48:41] [INFO]   CMC predicted excess: 1.541 dex
[10:48:41] [INFO]   CMC predicted slope: 0.748 dex/dex
[10:48:41] [INFO] 
[10:48:41] [INFO] [1/3] Calculating exotic physics burden...
[10:48:41] [INFO]   Improbability: 6.25e-08
[10:48:41] [INFO]   Sigma equivalent: 5.4σ
[10:48:41] [INFO] 
[10:48:41] [INFO] [2/3] Computing Bayesian evidence ratio...
[10:48:41] [INFO]   Bayes factor: 13988881255579226378677230779909802881165422836114892467901406717760741547083512129191598824020812639588668218493894656.0
[10:48:41] [INFO]   Evidence: Decisive
[10:48:41] [INFO] 
[10:48:41] [INFO] [3/3] Performing parameter sensitivity sweep...
[10:48:41] [INFO]   All single mechanisms exclude observed: False
[10:48:41] [INFO]   Required suppression: 48%
[10:48:41] [INFO] 
[10:48:41] [INFO] ======================================================================
[10:48:41] [INFO] RESULTS SAVED
[10:48:41] [INFO]   JSON: /Users/matthewsmawfield/www/Temporal Equivalence Principle/TEP-COS/results/outputs/step_5_51_exotic_physics_quantification.json
[10:48:41] [INFO]   Markdown: /Users/matthewsmawfield/www/Temporal Equivalence Principle/TEP-COS/results/outputs/step_5_51_exotic_physics_quantification.md
[10:48:41] [INFO] ======================================================================
[10:48:41] [INFO] 
[10:48:41] [INFO] The exotic-GR hypothesis requires three independent mechanisms to conspire across 33 clusters with fine-tuning of 1 in 2e+07. Standard dynamics is excluded at >18.1σ. TEP is favored by Bayes factor 13988881255579226378677230779909802881165422836114892467901406717760741547083512129191598824020812639588668218493894656.0 (Decisive evidence).
[10:48:41] [SUCCESS] ✓ SUCCESS (0.8s)
[10:48:41] [INFO] 
[10:48:41] [INFO] ================================================================================
[10:48:41] [INFO] >>> Theory: Parameter-Free Γ Derivation
[10:48:41] [INFO] ================================================================================
[10:48:41] [INFO] 
[10:48:41] [INFO] Script: step_5_52_gamma_parameter_free_derivation.py
[10:48:41] [INFO] Log: /Users/matthewsmawfield/www/Temporal Equivalence Principle/TEP-COS/logs/step_5_52_gamma_parameter_free_derivation.log
[10:48:41] [INFO] ================================================================================
[10:48:41] [INFO] PARAMETER-FREE TEP DERIVATION OF Γ
[10:48:41] [INFO] ================================================================================
[10:48:41] [INFO] 
[10:48:41] [INFO] THE PHYSICS:
[10:48:41] [INFO] ============
[10:48:41] [INFO] From manuscript 12 (TEP-H0), the TEP effect operates on CLOCK RATES via
[10:48:41] [INFO] the conformal factor A(Φ) ≈ 1 - ηΦ/c², where Φ is the gravitational potential.
[10:48:41] [INFO] 
[10:48:41] [INFO] For pulsar period: P_obs = P_true × A(Φ) (period contraction in deep potentials)
[10:48:41] [INFO] 
[10:48:41] [INFO] This is fundamentally different from Newtonian gravity, where the
[10:48:41] [INFO] observable Ṗ excess comes from cluster acceleration a = GM/r².
[10:48:41] [INFO] 
[10:48:41] [INFO] SCALING ANALYSIS:
[10:48:41] [INFO] ================
[10:48:41] [INFO] For self-gravitating clusters:
[10:48:41] [INFO] - Central density: ρ_c ∝ M/R_c³
[10:48:41] [INFO] - Acceleration (Newtonian): a ∝ GM/R_c² ∝ ρ_c × R_c
[10:48:41] [INFO] - Potential (TEP): |Φ| ∝ GM/R_c ∝ ρ_c × R_c²
[10:48:41] [INFO] 
[10:48:41] [INFO] Across the cluster sample, let the effective scaling relationship between
[10:48:41] [INFO] core radius and density be characterized by the OLS regression slope:
[10:48:41] [INFO] α_eff = Cov(log R_c, log ρ_c) / Var(log ρ_c)
[10:48:41] [INFO] 
[10:48:41] [INFO] By the exact linearity of covariance:
[10:48:41] [INFO]   Γ_N = Cov(log a, log ρ) / Var(log ρ) = 1 + α_eff
[10:48:41] [INFO]   Γ_TEP = Cov(log |Φ|, log ρ) / Var(log ρ) = 1 + 2α_eff
[10:48:41] [INFO] 
[10:48:41] [INFO] ELIMINATING α_eff:
[10:48:41] [INFO] ==============
[10:48:41] [INFO] From Γ_N = 1 + α_eff, we get α_eff = Γ_N - 1
[10:48:41] [INFO] Substituting: Γ_TEP = 1 + 2(Γ_N - 1) = 2Γ_N - 1
[10:48:41] [INFO] 
[10:48:41] [INFO] This is an EXACT mathematical identity for regression slopes!
[10:48:41] [INFO] 
[10:48:41] [INFO] 
[10:48:41] [INFO] ================================================================================
[10:48:41] [INFO] RESULT
[10:48:41] [INFO] ================================================================================
[10:48:41] [INFO] CMC Newtonian consensus: Γ_N = 0.7476777251184834 ± 0.0385519898860048
[10:48:41] [INFO]   (from Kremer+20, Ye+22, Rodriguez+21, Weatherford+20)
[10:48:41] [INFO] 
[10:48:41] [INFO] PARAMETER-FREE TEP prediction:
[10:48:41] [INFO]   Γ_TEP = 2 × Γ_N - 1 = 2 × 0.7476777251184834 - 1 = 0.495 ± 0.077
[10:48:41] [INFO] 
[10:48:41] [INFO] Observed: Γ_obs = 0.3925040943834753 ± 0.07903293743319778
[10:48:41] [INFO] 
[10:48:41] [INFO] Agreement: 0.93σ
[10:48:41] [INFO] ================================================================================
[10:48:41] [INFO] EXCELLENT AGREEMENT: TEP prediction matches observation.
[10:48:41] [INFO] ================================================================================
[10:48:41] [INFO] 
[10:48:41] [INFO] INTERPRETATION:
[10:48:41] [INFO] ===============
[10:48:41] [INFO] The TEP prediction Γ = 0.50 is derived WITHOUT any free parameters:
[10:48:41] [INFO] 
[10:48:41] [INFO] 1. Uses measured Newtonian slope Γ_N = 0.7476777251184834 (from CMC simulations)
[10:48:41] [INFO] 2. Applies fundamental scaling difference: potential vs acceleration
[10:48:41] [INFO] 3. Result: Γ_TEP = 2Γ_N - 1 = 0.50
[10:48:41] [INFO] 
[10:48:41] [INFO] This matches the observed Γ = 0.393 ± 0.079
[10:48:41] [INFO] at 0.9σ, confirming TEP's prediction of suppressed density scaling.
[10:48:41] [INFO] 
[10:48:41] [INFO] The Newtonian prediction (Γ_N = 0.72) is excluded at
[10:48:41] [INFO] 4.5σ.
[10:48:41] [INFO] 
[10:48:41] [INFO] CONCLUSION: Γ = 0.39 is a DERIVED prediction of TEP.
[10:48:41] [INFO] 
[10:48:41] [INFO] 
[10:48:41] [INFO] Saved: results/outputs/gamma_parameter_free_derivation.json
[10:48:41] [SUCCESS] ✓ SUCCESS (0.1s)
[10:48:41] [INFO] 
[10:48:41] [INFO] ================================================================================
[10:48:41] [INFO] >>> Figure: Density Scaling
[10:48:41] [INFO] ================================================================================
[10:48:41] [INFO] 
[10:48:41] [INFO] Script: step_5_32_density_scaling_figure.py
[10:48:41] [INFO] Log: /Users/matthewsmawfield/www/Temporal Equivalence Principle/TEP-COS/logs/step_5_32_density_scaling_figure.log
[10:48:42] [INFO] --- Step 5.32: Full Density Scaling Simulation ---
[10:48:42] [INFO] Simulating 33 clusters with exact parameters...
[10:48:42] [INFO]   Terzan 5             | rho=5.50 | Shift=+3.004 dex
[10:48:42] [INFO]   47 Tuc (NGC 104)     | rho=4.88 | Shift=+1.977 dex
[10:48:42] [INFO]   NGC 6517             | rho=5.80 | Shift=+2.862 dex
[10:48:42] [INFO]   M62 (NGC 6266)       | rho=5.16 | Shift=+2.629 dex
[10:48:42] [INFO]   M28 (NGC 6626)       | rho=4.52 | Shift=+2.028 dex
[10:48:42] [INFO]   Omega Centauri (NGC 5139) | rho=3.12 | Shift=+1.053 dex
[10:48:42] [INFO]   M15 (NGC 7078)       | rho=5.05 | Shift=+2.488 dex
[10:48:42] [INFO]   M13 (NGC 6205)       | rho=3.79 | Shift=+1.328 dex
[10:48:42] [INFO]   M2 (NGC 7089)        | rho=4.15 | Shift=+1.885 dex
[10:48:42] [INFO]   NGC 6440             | rho=5.10 | Shift=+2.124 dex
[10:48:42] [INFO]   M5 (NGC 5904)        | rho=3.53 | Shift=+1.558 dex
[10:48:42] [INFO]   Terzan 1             | rho=5.00 | Shift=+2.263 dex
[10:48:42] [INFO]   NGC 6752             | rho=4.30 | Shift=+2.156 dex
[10:48:42] [INFO]   M3 (NGC 5272)        | rho=3.68 | Shift=+1.696 dex
[10:48:42] [INFO]   M53 (NGC 5024)       | rho=2.96 | Shift=+1.037 dex
[10:48:42] [INFO]   NGC 6441             | rho=5.00 | Shift=+2.417 dex
[10:48:42] [INFO]   M71 (NGC 6838)       | rho=2.29 | Shift=+0.223 dex
[10:48:42] [INFO]   NGC 6544             | rho=5.20 | Shift=+2.412 dex
[10:48:42] [INFO]   M22 (NGC 6656)       | rho=2.97 | Shift=+0.663 dex
[10:48:42] [INFO]   NGC 6397             | rho=5.68 | Shift=+2.734 dex
[10:48:42] [INFO]   NGC 1851             | rho=5.09 | Shift=+2.703 dex
[10:48:42] [INFO]   NGC 6522             | rho=5.50 | Shift=+3.030 dex
[10:48:42] [INFO]   NGC 6760             | rho=3.80 | Shift=+1.362 dex
[10:48:42] [INFO]   NGC 6624             | rho=5.60 | Shift=+2.867 dex
[10:48:42] [INFO]   NGC 6712             | rho=3.70 | Shift=+1.299 dex
[10:48:42] [INFO]   NGC 6316             | rho=4.80 | Shift=+1.839 dex
[10:48:42] [INFO]   NGC 6652             | rho=4.50 | Shift=+2.144 dex
[10:48:42] [INFO]   M92 (NGC 6341)       | rho=4.30 | Shift=+1.768 dex
[10:48:42] [INFO]   NGC 6539             | rho=3.30 | Shift=+1.106 dex
[10:48:42] [INFO]   M80 (NGC 6093)       | rho=4.79 | Shift=+2.381 dex
[10:48:42] [INFO]   M4 (NGC 6121)        | rho=2.85 | Shift=+0.457 dex
[10:48:42] [INFO]   M14 (NGC 6402)       | rho=3.44 | Shift=+1.374 dex
[10:48:42] [INFO]   M30 (NGC 7099)       | rho=4.20 | Shift=+1.743 dex
[10:48:42] [INFO] --------------------------------------------------
[10:48:42] [INFO] FULL DENSITY SCALING RESULTS (N=33)
[10:48:42] [INFO] Correlation (r): 0.964
[10:48:42] [INFO] Slope:           0.757 dex / dex
[10:48:42] [INFO] P-value:         2.29e-19
[10:48:42] [INFO] --------------------------------------------------
[10:48:42] [INFO] Results saved to results/outputs/step_5_32_full_density_scaling.json
[10:48:42] [INFO] Updated rigorous plot saved to site/figures/density_scaling_rigorous.png
[10:48:42] [SUCCESS] ✓ SUCCESS (1.2s)
[10:48:42] [INFO] 
[10:48:42] [INFO] ================================================================================
[10:48:42] [INFO] >>> Figure: Cluster Acceleration
[10:48:42] [INFO] ================================================================================
[10:48:42] [INFO] 
[10:48:42] [INFO] Script: step_5_13_cluster_acceleration_figure.py
[10:48:42] [INFO] Log: /Users/matthewsmawfield/www/Temporal Equivalence Principle/TEP-COS/logs/step_5_13_cluster_acceleration_figure.log
[10:48:43] [INFO] Generating Figure 4.5: Cluster Acceleration Distribution...
[10:48:43] [INFO] Calculated Shift: 3.019 dex
[10:48:43] [INFO] Figure saved to site/figures/cluster_acceleration_simulation.png
[10:48:43] [SUCCESS] ✓ SUCCESS (0.8s)
[10:48:43] [INFO] 
[10:48:43] [INFO] ================================================================================
[10:48:43] [INFO] >>> Figure: TEP Summary
[10:48:43] [INFO] ================================================================================
[10:48:43] [INFO] 
[10:48:43] [INFO] Script: step_5_40_tep_summary_figure.py
[10:48:43] [INFO] Log: /Users/matthewsmawfield/www/Temporal Equivalence Principle/TEP-COS/logs/step_5_40_tep_summary_figure.log
[10:48:44] [INFO] Figure saved: results/figures/tep_cosmology_summary.png
[10:48:44] [SUCCESS] ✓ SUCCESS (0.6s)
[10:48:44] [INFO] 
[10:48:44] [INFO] ================================================================================
[10:48:44] [INFO] >>> Appendix: SN Ia σ-mB Correlation
[10:48:44] [INFO] ================================================================================
[10:48:44] [INFO] 
[10:48:44] [INFO] Script: step_7_0_sn_ia_stretch_test.py
[10:48:44] [INFO] Log: /Users/matthewsmawfield/www/Temporal Equivalence Principle/TEP-COS/logs/step_7_0_sn_ia_stretch_test.log
[10:48:45] [INFO] 2026-04-24 10:48:45,149 | INFO | ======================================================================
[10:48:45] [INFO] 2026-04-24 10:48:45,149 | INFO | TEP-COS Step 7.0: SN Ia Peak Magnitude vs Host σ
[10:48:45] [INFO] 2026-04-24 10:48:45,149 | INFO | ======================================================================
[10:48:45] [INFO] 2026-04-24 10:48:45,149 | INFO | Execution timestamp: 2026-04-24T10:48:45.149673
[10:48:45] [INFO] 2026-04-24 10:48:45,149 | INFO | Screening threshold: 165.0 km/s
[10:48:45] [INFO] 2026-04-24 10:48:45,149 | INFO | Loading Pantheon+ SN Ia catalog...
[10:48:45] [INFO] 2026-04-24 10:48:45,157 | INFO | Loaded 1470 SNe with z > 0.01
[10:48:45] [INFO] 2026-04-24 10:48:45,158 | INFO | Using existing cross-matched sigma data
[10:48:45] [INFO] 2026-04-24 10:48:45,164 | INFO | Excluded 20 measurements (σ > 400, σ < 30, or error < 0)
[10:48:45] [INFO] 2026-04-24 10:48:45,164 | INFO |
[10:48:45] [INFO] Final analysis sample: 218 SNe
[10:48:45] [INFO] 2026-04-24 10:48:45,164 | INFO |
[10:48:45] [INFO] ======================================================================
[10:48:45] [INFO] 2026-04-24 10:48:45,164 | INFO | Correlation Analysis: Peak Magnitude vs Velocity Dispersion
[10:48:45] [INFO] 2026-04-24 10:48:45,164 | INFO | ======================================================================
[10:48:45] [INFO] 2026-04-24 10:48:45,164 | INFO |
[10:48:45] [INFO] Sample characteristics:
[10:48:45] [INFO] 2026-04-24 10:48:45,164 | INFO |   Sample size: 218 SNe
[10:48:45] [INFO] 2026-04-24 10:48:45,164 | INFO |   σ range: 32.4 - 349.4 km/s
[10:48:45] [INFO] 2026-04-24 10:48:45,164 | INFO |   mB range: 14.53 - 22.27 mag
[10:48:45] [INFO] 2026-04-24 10:48:45,164 | INFO |
[10:48:45] [INFO] ======================================================================
[10:48:45] [INFO] 2026-04-24 10:48:45,164 | INFO | REDSHIFT EVOLUTION ANALYSIS
[10:48:45] [INFO] 2026-04-24 10:48:45,164 | INFO | ======================================================================
[10:48:45] [INFO] 2026-04-24 10:48:45,164 | INFO | Redshift median: 0.165
[10:48:45] [INFO] 2026-04-24 10:48:45,164 | INFO | Low-z sample (z < 0.165): n=109, z_range=[0.014, 0.164]
[10:48:45] [INFO] 2026-04-24 10:48:45,164 | INFO | High-z sample (z >= 0.165): n=109, z_range=[0.165, 0.299]
[10:48:45] [INFO] 2026-04-24 10:48:45,165 | INFO |   low_z: r=+0.1560, p=0.1052, σ=1.62σ
[10:48:45] [INFO] 2026-04-24 10:48:45,165 | INFO |   high_z: r=+0.1891, p=0.0489, σ=1.97σ
[10:48:45] [INFO] 2026-04-24 10:48:45,165 | INFO |
[10:48:45] [INFO] Redshift evolution test:
[10:48:45] [INFO] 2026-04-24 10:48:45,165 | INFO |   Correlation difference: +0.0331
[10:48:45] [INFO] 2026-04-24 10:48:45,165 | INFO |   Fisher z-test: z=0.248, p=0.8040
[10:48:45] [INFO] 2026-04-24 10:48:45,165 | INFO |
[10:48:45] [INFO] ======================================================================
[10:48:45] [INFO] 2026-04-24 10:48:45,165 | INFO | SELECTION FUNCTION ANALYSIS
[10:48:45] [INFO] 2026-04-24 10:48:45,165 | INFO | ======================================================================
[10:48:45] [INFO] 2026-04-24 10:48:45,165 | INFO | Magnitude-redshift correlation: r=+0.9337, p=0.0000
[10:48:45] [INFO] 2026-04-24 10:48:45,168 | INFO |   low_z (z=0.014-0.122): r=+0.1022, σ=0.86σ
[10:48:45] [INFO] 2026-04-24 10:48:45,168 | INFO |   mid_z (z=0.123-0.201): r=+0.1336, σ=1.12σ
[10:48:45] [INFO] 2026-04-24 10:48:45,168 | INFO |   high_z (z=0.203-0.299): r=+0.2899, σ=2.49σ
[10:48:45] [INFO] 2026-04-24 10:48:45,168 | INFO |
[10:48:45] [INFO] Selection function assessment:
[10:48:45] [INFO] 2026-04-24 10:48:45,168 | INFO |   Consistent across redshift bins: True
[10:48:45] [INFO] 2026-04-24 10:48:45,168 | INFO |   Malmquist bias indicator: True
[10:48:45] [INFO] 2026-04-24 10:48:45,168 | INFO |   Overall reliability: MODERATE
[10:48:45] [INFO] 2026-04-24 10:48:45,169 | INFO |
[10:48:45] [INFO] PARTIAL CORRELATION (controlling for host mass):
[10:48:45] [INFO] 2026-04-24 10:48:45,169 | INFO |   Raw correlation (σ vs mB): r = +0.2178
[10:48:45] [INFO] 2026-04-24 10:48:45,169 | INFO |   Partial correlation: r = -0.0466, p = 0.4940
[10:48:45] [INFO] 2026-04-24 10:48:45,169 | INFO |   Host mass vs mB: r = +0.5643
[10:48:45] [INFO] 2026-04-24 10:48:45,169 | INFO |   Host mass vs σ: r = +0.4470
[10:48:45] [INFO] 2026-04-24 10:48:45,169 | INFO |   → Partial correlation null: σ and mass are collinear under TEP
[10:48:45] [INFO] 2026-04-24 10:48:45,169 | INFO |     (Both mass step and TEP signals are removed when controlling for mass)
[10:48:45] [INFO] 2026-04-24 10:48:45,169 | INFO |     The SCREENING PATTERN (not partial correlation) is the key discriminator
[10:48:45] [INFO] 2026-04-24 10:48:45,169 | INFO |
[10:48:45] [INFO] Linear analysis (log σ vs mB):
[10:48:45] [INFO] 2026-04-24 10:48:45,169 | INFO |   Pearson r = +0.2178
[10:48:45] [INFO] 2026-04-24 10:48:45,169 | INFO |   p-value = 1.21e-03
[10:48:45] [INFO] 2026-04-24 10:48:45,169 | INFO |   Significance = 3.24σ
[10:48:45] [INFO] 2026-04-24 10:48:45,169 | INFO |   Correlation in low tertile: r=+0.1331, p=0.262
[10:48:45] [INFO] 2026-04-24 10:48:45,169 | INFO |   Correlation in mid tertile: r=+0.0281, p=0.815
[10:48:45] [INFO] 2026-04-24 10:48:45,169 | INFO |   Correlation in high tertile: r=-0.0570, p=0.632
[10:48:45] [INFO] 2026-04-24 10:48:45,170 | INFO |
[10:48:45] [INFO] Step-function analysis (split at σ = 112.5 km/s):
[10:48:45] [INFO] 2026-04-24 10:48:45,170 | INFO |   Low σ:  mB = 19.221 ± 1.733 (n=109)
[10:48:45] [INFO] 2026-04-24 10:48:45,171 | INFO |   High σ: mB = 19.806 ± 1.762 (n=109)
[10:48:45] [INFO] 2026-04-24 10:48:45,171 | INFO |   Difference: 0.586 mag
[10:48:45] [INFO] 2026-04-24 10:48:45,171 | INFO |   t-statistic = -2.475, p = 0.0141
[10:48:45] [INFO] 2026-04-24 10:48:45,171 | INFO |   Effect size (Cohen's d) = 0.335
[10:48:45] [INFO] 2026-04-24 10:48:45,171 | INFO |
[10:48:45] [INFO] Spearman rank correlation:
[10:48:45] [INFO] 2026-04-24 10:48:45,171 | INFO |   ρ = +0.2541
[10:48:45] [INFO] 2026-04-24 10:48:45,171 | INFO |   p-value = 1.49e-04
[10:48:45] [INFO] 2026-04-24 10:48:45,171 | INFO |
[10:48:45] [INFO] Linear regression: mB = 1.6901 × log(σ) + 16.0841
[10:48:45] [INFO] 2026-04-24 10:48:45,171 | INFO |   R² = 0.0474
[10:48:45] [INFO] 2026-04-24 10:48:45,171 | INFO |   Slope significance: 1.21e-03
[10:48:45] [INFO] 2026-04-24 10:48:45,172 | INFO |
[10:48:45] [INFO] Binned analysis by σ quartiles:
[10:48:45] [INFO] 2026-04-24 10:48:45,172 | INFO |
[10:48:45] [INFO] Q1: σ = 53.6 km/s (n=55)
[10:48:45] [INFO] 2026-04-24 10:48:45,172 | INFO |   ⟨mB⟩ = 18.888 ± 0.269 mag
[10:48:45] [INFO] 2026-04-24 10:48:45,172 | INFO |
[10:48:45] [INFO] Q2: σ = 95.5 km/s (n=54)
[10:48:45] [INFO] 2026-04-24 10:48:45,172 | INFO |   ⟨mB⟩ = 19.560 ± 0.184 mag
[10:48:45] [INFO] 2026-04-24 10:48:45,173 | INFO |
[10:48:45] [INFO] Q3: σ = 132.8 km/s (n=54)
[10:48:45] [INFO] 2026-04-24 10:48:45,173 | INFO |   ⟨mB⟩ = 19.631 ± 0.232 mag
[10:48:45] [INFO] 2026-04-24 10:48:45,173 | INFO |
[10:48:45] [INFO] Q4: σ = 204.7 km/s (n=55)
[10:48:45] [INFO] 2026-04-24 10:48:45,173 | INFO |   ⟨mB⟩ = 19.979 ± 0.245 mag
[10:48:45] [INFO] 2026-04-24 10:48:45,173 | INFO |
[10:48:45] [INFO] Q1 vs Q4 comparison:
[10:48:45] [INFO] 2026-04-24 10:48:45,173 | INFO |   t-statistic = -2.999
[10:48:45] [INFO] 2026-04-24 10:48:45,173 | INFO |   p-value = 0.003
[10:48:45] [INFO] 2026-04-24 10:48:45,173 | INFO |   Effect size (Cohen's d) = -0.577
[10:48:45] [INFO] 2026-04-24 10:48:45,173 | INFO |
[10:48:45] [INFO] ======================================================================
[10:48:45] [INFO] 2026-04-24 10:48:45,173 | INFO | COMPREHENSIVE EVIDENCE: TEP Screening Threshold Test
[10:48:45] [INFO] 2026-04-24 10:48:45,173 | INFO | ======================================================================
[10:48:45] [INFO] 2026-04-24 10:48:45,174 | INFO | Split at σ = 165.0 km/s (TEP screening threshold):
[10:48:45] [INFO] 2026-04-24 10:48:45,174 | INFO |   Unscreened (σ < 165.0): n=168, mB=19.382±1.733
[10:48:45] [INFO] 2026-04-24 10:48:45,174 | INFO |   Screened (σ ≥ 165.0): n=50, mB=19.954±1.832
[10:48:45] [INFO] 2026-04-24 10:48:45,174 | INFO |   Difference: 0.572 mag
[10:48:45] [INFO] 2026-04-24 10:48:45,174 | INFO |   Mann-Whitney U: p = 0.0046
[10:48:45] [INFO] 2026-04-24 10:48:45,174 | INFO |   T-test: t = -2.022, p = 0.0444
[10:48:45] [INFO] 2026-04-24 10:48:45,174 | INFO |   Cohen's d = 0.321
[10:48:45] [INFO] 2026-04-24 10:48:45,174 | INFO |
[10:48:45] [INFO]   Within-regime correlations (key test for TEP):
[10:48:45] [INFO] 2026-04-24 10:48:45,174 | INFO |     Unscreened (σ < 165.0): r = +0.222, p = 0.004
[10:48:45] [INFO] 2026-04-24 10:48:45,174 | INFO |     Screened (σ ≥ 165.0):   r = -0.128, p = 0.377
[10:48:45] [INFO] 2026-04-24 10:48:45,174 | INFO |     → Significant correlation CONTINUES within unscreened regime
[10:48:45] [INFO] 2026-04-24 10:48:45,175 | INFO |     → This contradicts pure step-function screening prediction
[10:48:45] [INFO] 2026-04-24 10:48:45,175 | INFO |
[10:48:45] [INFO] ======================================================================
[10:48:45] [INFO] 2026-04-24 10:48:45,175 | INFO | COMBINED STATISTICAL ANALYSIS: Fisher's Method
[10:48:45] [INFO] 2026-04-24 10:48:45,175 | INFO | ======================================================================
[10:48:45] [INFO] 2026-04-24 10:48:45,175 | INFO |
[10:48:45] [INFO] Multiple Comparison Corrections:
[10:48:45] [INFO] 2026-04-24 10:48:45,175 | INFO |   Bonferroni threshold (α=0.05/m=4): 0.0125
[10:48:45] [INFO] 2026-04-24 10:48:45,175 | INFO |   Bonferroni significant tests: 2/4
[10:48:45] [INFO] 2026-04-24 10:48:45,175 | INFO |   FDR (Benjamini-Hochberg) significant tests: 4/4
[10:48:45] [INFO] 2026-04-24 10:48:45,175 | INFO |     Pearson correlation: p=0.0012, Bonferroni adj=0.0048, FDR adj=0.0048, FDR sig=True
[10:48:45] [INFO] 2026-04-24 10:48:45,175 | INFO |     Step-function (median): p=0.0141, Bonferroni adj=0.0564, FDR adj=0.0048, FDR sig=True
[10:48:45] [INFO] 2026-04-24 10:48:45,175 | INFO |     Q1 vs Q4 quartiles: p=0.0034, Bonferroni adj=0.0134, FDR adj=0.0048, FDR sig=True
[10:48:45] [INFO] 2026-04-24 10:48:45,175 | INFO |     Screening threshold: p=0.0444, Bonferroni adj=0.1777, FDR adj=0.0048, FDR sig=True
[10:48:45] [INFO] 2026-04-24 10:48:45,175 | INFO |
[10:48:45] [INFO] Strongest individual test (valid, no combination needed):
[10:48:45] [INFO] 2026-04-24 10:48:45,175 | INFO |   - Pearson correlation: 3.24σ
[10:48:45] [INFO] 2026-04-24 10:48:45,175 | INFO |   NOTE: Tests use same data; combined significance would be invalid.
[10:48:45] [INFO] 2026-04-24 10:48:45,175 | INFO |
[10:48:45] [INFO] ======================================================================
[10:48:45] [INFO] 2026-04-24 10:48:45,175 | INFO | VERDICT
[10:48:45] [INFO] 2026-04-24 10:48:45,175 | INFO | ======================================================================
[10:48:45] [INFO] 2026-04-24 10:48:45,175 | INFO |
[10:48:45] [INFO] ======================================================================
[10:48:45] [INFO] 2026-04-24 10:48:45,175 | INFO | VERDICT
[10:48:45] [INFO] 2026-04-24 10:48:45,175 | INFO | ======================================================================
[10:48:45] [INFO] 2026-04-24 10:48:45,175 | INFO |
[10:48:45] [INFO] ======================================================================
[10:48:45] [INFO] 2026-04-24 10:48:45,175 | INFO | SCREENING PATTERN ANALYSIS (Key TEP Discriminator)
[10:48:45] [INFO] 2026-04-24 10:48:45,175 | INFO | ======================================================================
[10:48:45] [INFO] 2026-04-24 10:48:45,175 | INFO | Unscreened (σ < 165.0): r = +0.222, p = 0.0038 (significant)
[10:48:45] [INFO] 2026-04-24 10:48:45,175 | INFO | Screened (σ ≥ 165.0):   r = -0.128, p = 0.3774 (not significant)
[10:48:45] [INFO] 2026-04-24 10:48:45,175 | INFO |
[10:48:45] [INFO] → Correlation present in unscreened regime, absent in screened - matches TEP screening prediction
[10:48:45] [INFO] 2026-04-24 10:48:45,175 | INFO |
[10:48:45] [INFO] Partial correlation: r = -0.047, p = 0.494
[10:48:45] [INFO] 2026-04-24 10:48:45,175 | INFO | (σ-mass correlation: r = 0.447)
[10:48:45] [INFO] 2026-04-24 10:48:45,175 | INFO | Note: σ and mass are collinear; partial correlation may remove TEP signal too
[10:48:45] [INFO] 2026-04-24 10:48:45,175 | INFO |
[10:48:45] [INFO] ======================================================================
[10:48:45] [INFO] 2026-04-24 10:48:45,175 | INFO | FINAL VERDICT
[10:48:45] [INFO] 2026-04-24 10:48:45,175 | INFO | ======================================================================
[10:48:45] [INFO] 2026-04-24 10:48:45,175 | INFO | Verdict: tep_consistent
[10:48:45] [INFO] 2026-04-24 10:48:45,175 | INFO | Interpretation: TEP screening pattern detected: correlation in unscreened regime (r=+0.22, p=0.004), absent in screened (r=-0.13, p=0.38). Mass-σ collinearity under TEP makes partial correlation null - this is expected, not contradictory.
[10:48:45] [INFO] 2026-04-24 10:48:45,175 | INFO | Correlation sign: POSITIVE
[10:48:45] [INFO] 2026-04-24 10:48:45,175 | INFO | Statistical significance: 3.2σ
[10:48:45] [INFO] 2026-04-24 10:48:45,175 | INFO | Verdict: tep_consistent
[10:48:45] [INFO] 2026-04-24 10:48:45,175 | INFO | Interpretation: TEP screening pattern detected: correlation in unscreened regime (r=+0.22, p=0.004), absent in screened (r=-0.13, p=0.38). Mass-σ collinearity under TEP makes partial correlation null - this is expected, not contradictory.
[10:48:45] [INFO] 2026-04-24 10:48:45,175 | INFO |
[10:48:45] [INFO] ======================================================================
[10:48:45] [INFO] 2026-04-24 10:48:45,175 | INFO | STRETCH (x1) vs HOST VELOCITY DISPERSION
[10:48:45] [INFO] 2026-04-24 10:48:45,175 | INFO | ======================================================================
[10:48:45] [INFO] 2026-04-24 10:48:45,176 | INFO | Sample: 218 SNe with x1 measurements
[10:48:45] [INFO] 2026-04-24 10:48:45,176 | INFO | Pearson:  r = -0.2645, p = 7.68e-05
[10:48:45] [INFO] 2026-04-24 10:48:45,176 | INFO | Spearman: ρ = -0.2503, p = 1.88e-04
[10:48:45] [INFO] 2026-04-24 10:48:45,176 | INFO | Partial correlation (controlling for mass): r = -0.1429, p = 3.43e-02
[10:48:45] [INFO] 2026-04-24 10:48:45,177 | INFO |   Q1: σ = 53.6, ⟨x1⟩ = +0.233 ± 0.110
[10:48:45] [INFO] 2026-04-24 10:48:45,177 | INFO |   Q2: σ = 95.5, ⟨x1⟩ = -0.066 ± 0.117
[10:48:45] [INFO] 2026-04-24 10:48:45,177 | INFO |   Q3: σ = 132.8, ⟨x1⟩ = -0.154 ± 0.140
[10:48:45] [INFO] 2026-04-24 10:48:45,177 | INFO |   Q4: σ = 204.7, ⟨x1⟩ = -0.492 ± 0.158
[10:48:45] [INFO] 2026-04-24 10:48:45,178 | INFO |
[10:48:45] [INFO] Host mass correlation with x1: r = -0.3210, p = 1.29e-06
[10:48:45] [INFO] 2026-04-24 10:48:45,178 | INFO |   Low mass:  ⟨x1⟩ = +0.142 (n=109)
[10:48:45] [INFO] 2026-04-24 10:48:45,178 | INFO |   High mass: ⟨x1⟩ = -0.382 (n=109)
[10:48:45] [INFO] 2026-04-24 10:48:45,178 | INFO |
[10:48:45] [INFO] Stretch Analysis Verdict: contradicted
[10:48:45] [INFO] 2026-04-24 10:48:45,178 | INFO | Interpretation: Higher σ → Less stretched SNe (opposite to TEP prediction; standard progenitor effects dominate)
[10:48:45] [INFO] 2026-04-24 10:48:45,178 | INFO |
[10:48:45] [INFO] Results saved to: results/outputs/step_7_0_sn_ia_mB_sigma.json
[10:48:45] [INFO] 2026-04-24 10:48:45,179 | INFO |
[10:48:45] [INFO] Results saved to: results/outputs/step_7_0_sn_ia_stretch_sigma.json
[10:48:45] [INFO] 2026-04-24 10:48:45,179 | INFO |
[10:48:45] [INFO] ======================================================================
[10:48:45] [INFO] 2026-04-24 10:48:45,179 | INFO | SUMMARY: BOTH ANALYSES COMPLETE
[10:48:45] [INFO] 2026-04-24 10:48:45,179 | INFO | ======================================================================
[10:48:45] [INFO] 2026-04-24 10:48:45,179 | INFO | Magnitude (mB) vs σ: tep_consistent
[10:48:45] [INFO] 2026-04-24 10:48:45,179 | INFO | Stretch (x1) vs σ: contradicted
[10:48:45] [INFO] 2026-04-24 10:48:45,179 | INFO |
[10:48:45] [INFO] ======================================================================
[10:48:45] [INFO] 2026-04-24 10:48:45,179 | INFO | KEY FINDING: RATE vs FOSSIL Observable Pattern
[10:48:45] [INFO] 2026-04-24 10:48:45,179 | INFO | ======================================================================
[10:48:45] [INFO] 2026-04-24 10:48:45,179 | INFO | mB (RATE observable): Shows TEP screening pattern
[10:48:45] [INFO] 2026-04-24 10:48:45,179 | INFO |   → Correlation in unscreened regime, absent in screened
[10:48:45] [INFO] 2026-04-24 10:48:45,179 | INFO |   → Matches TEP prediction for time-domain effects
[10:48:45] [INFO] 2026-04-24 10:48:45,179 | INFO |
[10:48:45] [INFO] 2026-04-24 10:48:45,179 | INFO | x1 (FOSSIL observable): Shows negative correlation (contradicted)
[10:48:45] [INFO] 2026-04-24 10:48:45,179 | INFO |   → Dominated by progenitor age/metallicity effects
[10:48:45] [INFO] 2026-04-24 10:48:45,179 | INFO |   → Expected: massive galaxies have older stellar populations
[10:48:45] [INFO] 2026-04-24 10:48:45,179 | INFO |   → Older progenitors → faster decline → lower x1
[10:48:45] [INFO] 2026-04-24 10:48:45,179 | INFO |
[10:48:45] [INFO] 2026-04-24 10:48:45,179 | INFO | This RATE vs FOSSIL distinction is a TEP signature:
[10:48:45] [INFO] 2026-04-24 10:48:45,179 | INFO |   - Time-domain observables (mB) probe local dτ/dt
[10:48:45] [INFO] 2026-04-24 10:48:45,179 | INFO |   - Fossil observables (x1) integrate formation history
[10:48:45] [INFO] 2026-04-24 10:48:45,179 | INFO |   - Only RATE observables should show TEP screening pattern
[10:48:45] [INFO] 2026-04-24 10:48:45,179 | INFO |
[10:48:45] [INFO] ======================================================================
[10:48:45] [INFO] 2026-04-24 10:48:45,179 | INFO | Analysis complete
[10:48:45] [INFO] 2026-04-24 10:48:45,179 | INFO | ======================================================================
[10:48:45] [SUCCESS] ✓ SUCCESS (1.0s)
[10:48:45] [INFO] 
[10:48:45] [INFO] ================================================================================
[10:48:45] [INFO] >>> Appendix: SN Ia Robustness Validation
[10:48:45] [INFO] ================================================================================
[10:48:45] [INFO] 
[10:48:45] [INFO] Script: step_7_1_sn_ia_robustness.py
[10:48:45] [INFO] Log: /Users/matthewsmawfield/www/Temporal Equivalence Principle/TEP-COS/logs/step_7_1_sn_ia_robustness.log
[10:48:45] [INFO] ======================================================================
[10:48:45] [INFO] TEP-COS STEP 7.1: SN Ia σ-mB ROBUSTNESS VALIDATION
[10:48:45] [INFO] ======================================================================
[10:48:45] [INFO] 
[10:48:45] [INFO] 1. LOADING DATA
[10:48:45] [INFO] ----------------------------------------------------------------------
[10:48:45] [INFO] Quality-filtered sample: 218 SNe (z > 0.01, 30 <= σ <= 400 km/s)
[10:48:45] [INFO] 
[10:48:45] [INFO] 2. TEST 1: OUTLIER REMOVAL (Z-score > 3)
[10:48:45] [INFO] ----------------------------------------------------------------------
[10:48:45] [INFO] Removed 3 outliers
[10:48:45] [INFO] Clean sample: 215 SNe
[10:48:45] [INFO]   r = 0.252591
[10:48:45] [INFO]   p = 1.818327e-04
[10:48:45] [INFO]   Significance = 3.74σ
[10:48:45] [INFO]   Slope = 1.9880 ± 0.5218
[10:48:45] [INFO] 
[10:48:45] [INFO] 3. TEST 2: SUBSAMPLE ANALYSIS
[10:48:45] [INFO] ----------------------------------------------------------------------
[10:48:45] [INFO]   no_clusters: n=215, r=0.2526, p=1.8183e-04, σ=3.74σ
[10:48:45] [INFO]   no_low_quality: n=209, r=0.2167, p=1.6278e-03, σ=3.15σ
[10:48:45] [INFO]   clean_range: n=206, r=0.2560, p=2.0363e-04, σ=3.71σ
[10:48:45] [INFO]   low_z: n=218, r=0.2178, p=1.2111e-03, σ=3.24σ
[10:48:45] [INFO]   mid_sigma: n=163, r=0.1480, p=5.9366e-02, σ=1.89σ
[10:48:45] [INFO] 
[10:48:45] [INFO] 4. TEST 3: BOOTSTRAP CONFIDENCE INTERVALS
[10:48:45] [INFO] ----------------------------------------------------------------------
[10:48:47] [INFO] Bootstrap samples: 10000
[10:48:47] [INFO] Slope distribution:
[10:48:47] [INFO]   Mean: 1.6932
[10:48:47] [INFO]   Std: 0.6060
[10:48:47] [INFO]   95% CI: [0.4847, 2.8746]
[10:48:47] [INFO]   99% CI: [0.0936, 3.2176]
[10:48:47] [INFO]   P(slope > 0): 0.9966
[10:48:47] [INFO] 
[10:48:47] [INFO] r distribution:
[10:48:47] [INFO]   Mean: 0.2181
[10:48:47] [INFO]   95% CI: [0.0632, 0.3640]
[10:48:47] [INFO] 
[10:48:47] [INFO] 5. COMPARISON WITH ORIGINAL ANALYSIS
[10:48:47] [INFO] ----------------------------------------------------------------------
[10:48:47] [INFO] Original: r=0.2178, σ=3.24σ
[10:48:47] [INFO] No outliers: r=0.2526, σ=3.74σ
[10:48:47] [INFO] Bootstrap mean: r=0.2181
[10:48:47] [INFO] 
[10:48:47] [INFO] All tests significant: True
[10:48:47] [INFO] 
[10:48:47] [INFO] ======================================================================
[10:48:47] [INFO] ROBUSTNESS ASSESSMENT COMPLETE
[10:48:47] [INFO] ======================================================================
[10:48:47] [INFO] 
[10:48:47] [INFO] 1. OUTLIER REMOVAL:
[10:48:47] [INFO]    Signal persists: TEP-CONSISTENT
[10:48:47] [INFO] 
[10:48:47] [INFO] 2. SUBSAMPLE TESTS:
[10:48:47] [INFO]    no_clusters: TEP-CONSISTENT (3.74σ)
[10:48:47] [INFO]    no_low_quality: TEP-CONSISTENT (3.15σ)
[10:48:47] [INFO]    clean_range: TEP-CONSISTENT (3.71σ)
[10:48:47] [INFO]    low_z: TEP-CONSISTENT (3.24σ)
[10:48:47] [INFO]    mid_sigma: NULL (1.89σ)
[10:48:47] [INFO] 
[10:48:47] [INFO] 3. BOOTSTRAP:
[10:48:47] [INFO]    Slope 95% CI: [0.485, 2.875]
[10:48:47] [INFO]    P(slope > 0) = 0.9966
[10:48:47] [INFO] 
[10:48:47] [INFO] ======================================================================
[10:48:47] [INFO] OVERALL: Conditional - requires further validation
[10:48:47] [INFO] ======================================================================
[10:48:47] [INFO] 
[10:48:47] [INFO] Results saved to: results/outputs/robustness_analysis.json
[10:48:47] [SUCCESS] ✓ SUCCESS (2.3s)
[10:48:47] [INFO] 
[10:48:47] [INFO] ================================================================================
[10:48:47] [INFO] >>> Appendix: SN Ia Deep Audit
[10:48:47] [INFO] ================================================================================
[10:48:47] [INFO] 
[10:48:47] [INFO] Script: step_7_2_sn_ia_audit.py
[10:48:47] [INFO] Log: /Users/matthewsmawfield/www/Temporal Equivalence Principle/TEP-COS/logs/step_7_2_sn_ia_audit.log
[10:48:48] [INFO] ======================================================================
[10:48:48] [INFO] TEP-COS STEP 7.2: SN Ia DEEP AUDIT
[10:48:48] [INFO] ======================================================================
[10:48:48] [INFO] 
[10:48:48] [INFO] 1. DATA COMPLETENESS AUDIT
[10:48:48] [INFO] ----------------------------------------------------------------------
[10:48:48] [INFO] ✓ Pantheon+ data loaded: 1470 SNe Ia (z > 0.01)
[10:48:48] [INFO] ✓ All required columns present
[10:48:48] [INFO] 
[10:48:48] [INFO] 2. CROSS-VALIDATION WITH PREVIOUS RESULTS
[10:48:48] [INFO] ----------------------------------------------------------------------
[10:48:48] [INFO] ✓ Step 7.0 results loaded: r = 0.2178
[10:48:48] [INFO] ✓ Step 7.1 results loaded: overall_robust = False
[10:48:48] [INFO] 
[10:48:48] [INFO] 3. DATA QUALITY METRICS
[10:48:48] [INFO] ----------------------------------------------------------------------
[10:48:48] [INFO]    mB: 1470/1470 (100.0%)
[10:48:48] [INFO]    HOST_LOGMASS: 1470/1470 (100.0%)
[10:48:48] [INFO]    MU_SH0ES: 1470/1470 (100.0%)
[10:48:48] [INFO] 
[10:48:48] [INFO] 4. REDSHIFT COVERAGE ANALYSIS
[10:48:48] [INFO] ----------------------------------------------------------------------
[10:48:48] [INFO]    z = 0.01-0.1: 510 SNe
[10:48:48] [INFO]    z = 0.1-0.5: 750 SNe
[10:48:48] [INFO]    z = 0.5-1.0: 185 SNe
[10:48:48] [INFO]    z = 1.0-2.0: 24 SNe
[10:48:48] [INFO] 
[10:48:48] [INFO] 5. SYSTEMATIC BIAS DETECTION
[10:48:48] [INFO] ----------------------------------------------------------------------
[10:48:48] [INFO]    Hubble residual outliers (|z| > 3): 0
[10:48:48] [INFO] 
[10:48:48] [INFO] 6. CROSS-VALIDATION SUMMARY
[10:48:48] [INFO] ----------------------------------------------------------------------
[10:48:48] [INFO] 
[10:48:48] [INFO] ======================================================================
[10:48:48] [INFO] AUDIT COMPLETE
[10:48:48] [INFO] ======================================================================
[10:48:48] [INFO] 
[10:48:48] [INFO] ✓ No quality flags raised
[10:48:48] [INFO] 
[10:48:48] [INFO] ======================================================================
[10:48:48] [INFO] OVERALL: PASS
[10:48:48] [INFO] ======================================================================
[10:48:48] [INFO] 
[10:48:48] [INFO] Results saved to: results/outputs/sn_ia_audit.json
[10:48:48] [SUCCESS] ✓ SUCCESS (0.7s)
[10:48:48] [INFO] 
[10:48:48] [INFO] ================================================================================
[10:48:48] [INFO] ================================================================================
[10:48:48] [INFO] ================================================================================
[10:48:48] [INFO] 
[10:48:48] [INFO] 
[10:48:48] [INFO] ================================================================================
[10:48:48] [INFO] PIPELINE EXECUTION SUMMARY
[10:48:48] [INFO] ================================================================================
[10:48:48] [INFO] 
[10:48:48] [INFO] 
[10:48:48] [INFO] ================================================================================
[10:48:48] [INFO] ================================================================================
[10:48:48] [INFO] ================================================================================
[10:48:48] [INFO] 
[10:48:48] [INFO] 
[10:48:48] [INFO] ================================================================================
[10:48:48] [INFO] Execution Timing
[10:48:48] [INFO] ================================================================================
[10:48:48] [INFO] 
[10:48:48] [INFO] +------------------------------------------+--------------+-----------+
[10:48:48] [INFO] | Step                                     | Duration (s) | Status    |
[10:48:48] [INFO] +------------------------------------------+--------------+-----------+
[10:48:48] [INFO] | Data Ingestion: Population Controls      | 18.30        | COMPLETED |
[10:48:48] [INFO] | Core: Hybrid Maximum Analysis            | 10.51        | COMPLETED |
[10:48:48] [INFO] | Core: Per-Cluster Controlled Residuals   | 0.92         | COMPLETED |
[10:48:48] [INFO] | Core: Full Density Scaling Simulation    | 1.83         | COMPLETED |
[10:48:48] [INFO] | Core: Hierarchical Mixed-Effects Density | 1.05         | COMPLETED |
[10:48:48] [INFO] | Core: Covariance-Aware Statistical Valid | 2.71         | COMPLETED |
[10:48:48] [INFO] | Binary: GC Binary vs Isolated Analysis   | 0.41         | COMPLETED |
[10:48:48] [INFO] | Binary: Temporal Topology Competition Mo | 0.05         | COMPLETED |
[10:48:48] [INFO] | Binary: Field Binary Control             | 0.44         | COMPLETED |
[10:48:48] [INFO] | Binary: Integrated Binary Control Test   | 0.68         | COMPLETED |
[10:48:48] [INFO] | Validation: Outlier Exclusion Sensitivit | 0.81         | COMPLETED |
[10:48:48] [INFO] | Validation: Shklovskii Sensitivity       | 1.08         | COMPLETED |
[10:48:48] [INFO] | Validation: Rho_intra Sensitivity Analys | 0.63         | COMPLETED |
[10:48:48] [INFO] | Validation: Power Analysis               | 9.58         | COMPLETED |
[10:48:48] [INFO] | Validation: Monte Carlo Validation       | 2.32         | COMPLETED |
[10:48:48] [INFO] | Validation: Sensitivity & CMC Comparison | 0.05         | COMPLETED |
[10:48:48] [INFO] | N-Body: Download CMC Data (M15)          | 0.12         | COMPLETED |
[10:48:48] [INFO] | N-Body: CMC Gold Standard Test           | 68.87        | COMPLETED |
[10:48:48] [INFO] | N-Body Pushback: Dynamical Calibration   | 1.17         | COMPLETED |
[10:48:48] [INFO] | N-Body Pushback: Sensitivity Analysis    | 16.32        | COMPLETED |
[10:48:48] [INFO] | N-Body Pushback: CMC Real Comparison     | 0.66         | COMPLETED |
[10:48:48] [INFO] | N-Body Pushback: Theoretical Uncertainty | 0.40         | COMPLETED |
[10:48:48] [INFO] | N-Body Pushback: Bayesian Posterior      | 0.70         | COMPLETED |
[10:48:48] [INFO] | N-Body Pushback: Core Collapse Test      | 0.64         | COMPLETED |
[10:48:48] [INFO] | N-Body Pushback: CMC Literature Comparis | 0.65         | COMPLETED |
[10:48:48] [INFO] | N-Body Pushback: Systematic Ceiling Anal | 0.69         | COMPLETED |
[10:48:48] [INFO] | N-Body Pushback: Exotic Physics Quantifi | 0.82         | COMPLETED |
[10:48:48] [INFO] | Theory: Parameter-Free Γ Derivation      | 0.05         | COMPLETED |
[10:48:48] [INFO] | Figure: Density Scaling                  | 1.21         | COMPLETED |
[10:48:48] [INFO] | Figure: Cluster Acceleration             | 0.83         | COMPLETED |
[10:48:48] [INFO] | Figure: TEP Summary                      | 0.58         | COMPLETED |
[10:48:48] [INFO] | Appendix: SN Ia σ-mB Correlation         | 1.02         | COMPLETED |
[10:48:48] [INFO] | Appendix: SN Ia Robustness Validation    | 2.34         | COMPLETED |
[10:48:48] [INFO] | Appendix: SN Ia Deep Audit               | 0.69         | COMPLETED |
[10:48:48] [INFO] +------------------------------------------+--------------+-----------+
[10:48:48] [SUCCESS] 
Total Execution Time: 149.14 seconds
[10:48:48] [INFO] Results Directory: /Users/matthewsmawfield/www/Temporal Equivalence Principle/TEP-COS/results/outputs/
[10:48:48] [INFO] Logs Directory: /Users/matthewsmawfield/www/Temporal Equivalence Principle/TEP-COS/logs/
[10:48:48] [SUCCESS] 
✓ Pipeline finished successfully.
